{"type":"FeatureCollection","features":[{"type":"Feature","properties":{"osm_id":"way/67696576","name":null,"building":"apartments","highway":null,"tourism":null,"historic":null,"amenity":null,"height_m":22.400000000000002,"height_source":"osm","levels":"7","source":"OpenStreetMap"},"geometry":{"type":"Polygon","coordinates":[[[5.3723291,43.2987228],[5.3723621,43.2986818],[5.3724045,43.2986291],[5.3727442,43.2987769],[5.3727048,43.2988248],[5.3726676,43.29887],[5.3723291,43.2987228]]]}},{"type":"Feature","properties":{"osm_id":"way/67696579","name":null,"building":"apartments","highway":null,"tourism":null,"historic":null,"amenity":null,"height_m":12.8,"height_source":"osm","levels":"4","source":"OpenStreetMap"},"geometry":{"type":"Polygon","coordinates":[[[5.3722414,43.2929215],[5.3722511,43.2928992],[5.3722443,43.292897],[5.3722671,43.2928451],[5.3724897,43.2928958],[5.3724701,43.2929411],[5.3724576,43.2929701],[5.3722414,43.2929215]]]}},{"type":"Feature","properties":{"osm_id":"way/67696600","name":null,"building":"apartments","highway":null,"tourism":null,"historic":null,"amenity":null,"height_m":19.200000000000003,"height_source":"osm","levels":"6","source":"OpenStreetMap"},"geometry":{"type":"Polygon","coordinates":[[[5.3736096,43.2980022],[5.3736023,43.2979034],[5.3736746,43.2979028],[5.3736813,43.2980054],[5.3736422,43.2980037],[5.3736096,43.2980022]]]}},{"type":"Feature","properties":{"osm_id":"way/67696649","name":null,"building":"yes","highway":null,"tourism":null,"historic":null,"amenity":null,"height_m":16,"height_source":"osm","levels":"5","source":"OpenStreetMap"},"geometry":{"type":"Polygon","coordinates":[[[5.3742542,43.2993163],[5.3743376,43.2993105],[5.3744877,43.2993001],[5.3745007,43.2994111],[5.3742938,43.2994451],[5.3742745,43.2993825],[5.3742542,43.2993163]]]}},{"type":"Feature","properties":{"osm_id":"way/67696652","name":null,"building":"yes","highway":null,"tourism":null,"historic":null,"amenity":null,"height_m":19.200000000000003,"height_source":"osm","levels":"6","source":"OpenStreetMap"},"geometry":{"type":"Polygon","coordinates":[[[5.3723912,43.2934082],[5.3725848,43.2934568],[5.3725246,43.2935927],[5.3724302,43.293569],[5.3723333,43.2935446],[5.3723637,43.293473],[5.3723912,43.2934082]]]}},{"type":"Feature","properties":{"osm_id":"way/67696661","name":null,"building":"apartments","highway":null,"tourism":null,"historic":null,"amenity":null,"height_m":19.200000000000003,"height_source":"osm","levels":"6","source":"OpenStreetMap"},"geometry":{"type":"Polygon","coordinates":[[[5.3725154,43.2990576],[5.3724743,43.2991079],[5.372439,43.2991511],[5.3721,43.2990038],[5.3721392,43.298956],[5.3721768,43.2989103],[5.3725154,43.2990576]]]}},{"type":"Feature","properties":{"osm_id":"way/67696674","name":null,"building":"apartments","highway":null,"tourism":null,"historic":null,"amenity":null,"height_m":22.400000000000002,"height_source":"osm","levels":"7","source":"OpenStreetMap"},"geometry":{"type":"Polygon","coordinates":[[[5.3739169,43.2975493],[5.3739239,43.2976794],[5.3737529,43.2976805],[5.3737487,43.2975588],[5.3737483,43.2975542],[5.3739169,43.2975493]]]}},{"type":"Feature","properties":{"osm_id":"way/67696758","name":null,"building":"apartments","highway":null,"tourism":null,"historic":null,"amenity":null,"height_m":22.400000000000002,"height_source":"osm","levels":"7","source":"OpenStreetMap"},"geometry":{"type":"Polygon","coordinates":[[[5.3741997,43.2967129],[5.3742129,43.2966968],[5.3743008,43.2967344],[5.3742535,43.2967927],[5.3742173,43.2968369],[5.3741314,43.2967993],[5.3741437,43.2967845],[5.3740753,43.2967552],[5.3740634,43.2967694],[5.3739637,43.2967255],[5.3739979,43.2966828],[5.3740451,43.2966239],[5.3741461,43.2966681],[5.3741333,43.296684],[5.3741997,43.2967129]]]}},{"type":"Feature","properties":{"osm_id":"way/67696774","name":null,"building":"office","highway":null,"tourism":null,"historic":null,"amenity":null,"height_m":12.8,"height_source":"osm","levels":"4","source":"OpenStreetMap"},"geometry":{"type":"Polygon","coordinates":[[[5.3748576,43.2983378],[5.3748406,43.2983382],[5.3748377,43.2984682],[5.3748569,43.2984667],[5.3748574,43.2985489],[5.3748405,43.2985489],[5.3748398,43.2985598],[5.3747348,43.2985612],[5.3747352,43.298551],[5.3745527,43.2985509],[5.3745526,43.2985615],[5.3744483,43.2985629],[5.374448,43.2985502],[5.3744328,43.2985501],[5.374431,43.2984725],[5.3744468,43.2984727],[5.3744467,43.2983412],[5.374431,43.2983409],[5.3744294,43.2982629],[5.3744454,43.2982628],[5.3744462,43.2982556],[5.3745516,43.298255],[5.3745525,43.2982679],[5.374732,43.2982662],[5.3747326,43.2982542],[5.374837,43.298251],[5.3748385,43.2982616],[5.374857,43.2982611],[5.3748576,43.2983378]]]}},{"type":"Feature","properties":{"osm_id":"way/67696885","name":null,"building":"apartments","highway":null,"tourism":null,"historic":null,"amenity":null,"height_m":28.8,"height_source":"osm","levels":"9","source":"OpenStreetMap"},"geometry":{"type":"Polygon","coordinates":[[[5.3712837,43.2930482],[5.3714753,43.293094],[5.3714651,43.2931169],[5.3714348,43.2931853],[5.371427,43.2932029],[5.3712372,43.2931572],[5.3712837,43.2930482]]]}},{"type":"Feature","properties":{"osm_id":"way/67696995","name":null,"building":"yes","highway":null,"tourism":null,"historic":null,"amenity":null,"height_m":19.200000000000003,"height_source":"osm","levels":"6","source":"OpenStreetMap"},"geometry":{"type":"Polygon","coordinates":[[[5.3736713,43.2931354],[5.373681,43.2931141],[5.3736917,43.2930905],[5.3738459,43.2931271],[5.373931,43.293147],[5.3740127,43.2931661],[5.3740992,43.2931858],[5.3741309,43.2931933],[5.3741827,43.2932054],[5.3742819,43.2932286],[5.3742737,43.2932473],[5.3742621,43.2932737],[5.3741359,43.2932441],[5.3736713,43.2931354]]]}},{"type":"Feature","properties":{"osm_id":"way/67697141","name":null,"building":"yes","highway":null,"tourism":null,"historic":null,"amenity":null,"height_m":22.400000000000002,"height_source":"osm","levels":"7","source":"OpenStreetMap"},"geometry":{"type":"Polygon","coordinates":[[[5.3738459,43.2931271],[5.3738979,43.2929997],[5.3739576,43.2930134],[5.3739861,43.2930199],[5.373942,43.2931207],[5.373931,43.293147],[5.3738459,43.2931271]]]}},{"type":"Feature","properties":{"osm_id":"way/67697182","name":null,"building":"yes","highway":null,"tourism":null,"historic":null,"amenity":null,"height_m":10,"height_source":"default","levels":null,"source":"OpenStreetMap"},"geometry":{"type":"Polygon","coordinates":[[[5.373914,43.2932627],[5.3739609,43.2932727],[5.3739219,43.2933637],[5.3738748,43.2933538],[5.373914,43.2932627]]]}},{"type":"Feature","properties":{"osm_id":"way/67697358","name":"Église Saint-Ferréol","building":"church","highway":null,"tourism":null,"historic":null,"amenity":"place_of_worship","height_m":10,"height_source":"default","levels":null,"source":"OpenStreetMap"},"geometry":{"type":"Polygon","coordinates":[[[5.3742552,43.2962891],[5.3742777,43.296236],[5.3743054,43.2961706],[5.3743773,43.2961868],[5.3744029,43.2961269],[5.3744245,43.2961319],[5.3746644,43.2961871],[5.3746485,43.2962214],[5.3746963,43.2962339],[5.3746834,43.2962618],[5.3746861,43.2962626],[5.3746807,43.2962743],[5.3747058,43.2962839],[5.374725,43.2963157],[5.3747646,43.2963164],[5.3747648,43.2963234],[5.3747642,43.2963257],[5.3747261,43.2963256],[5.3747112,43.2963518],[5.3747415,43.2963672],[5.3747343,43.2963751],[5.3747049,43.2963606],[5.3746752,43.2963752],[5.3746854,43.2964027],[5.3746754,43.2964076],[5.3746737,43.2964081],[5.3746633,43.2963787],[5.3746325,43.2963781],[5.3745847,43.2963656],[5.3745576,43.296429],[5.3743074,43.2963563],[5.3743262,43.29631],[5.3742552,43.2962891]]]}},{"type":"Feature","properties":{"osm_id":"way/67697462","name":null,"building":"yes","highway":null,"tourism":null,"historic":null,"amenity":null,"height_m":3.2,"height_source":"osm","levels":"1","source":"OpenStreetMap"},"geometry":{"type":"Polygon","coordinates":[[[5.3727892,43.2984862],[5.372748,43.2984688],[5.3727645,43.2984477],[5.3727958,43.2984619],[5.3728055,43.2984662],[5.3727892,43.2984862]]]}},{"type":"Feature","properties":{"osm_id":"way/67697509","name":null,"building":"apartments","highway":null,"tourism":null,"historic":null,"amenity":null,"height_m":22.400000000000002,"height_source":"osm","levels":"7","source":"OpenStreetMap"},"geometry":{"type":"Polygon","coordinates":[[[5.3733897,43.2979894],[5.3733862,43.297793],[5.3734895,43.2977912],[5.3734944,43.2979043],[5.3735004,43.2979954],[5.373444,43.2979923],[5.3733897,43.2979894]]]}},{"type":"Feature","properties":{"osm_id":"way/67697603","name":null,"building":"yes","highway":null,"tourism":null,"historic":null,"amenity":null,"height_m":10,"height_source":"default","levels":null,"source":"OpenStreetMap"},"geometry":{"type":"Polygon","coordinates":[[[5.3735898,43.2993617],[5.3736446,43.2993574],[5.3737216,43.2993513],[5.3737392,43.2994949],[5.3736655,43.2994812],[5.3736051,43.29947],[5.3735898,43.2993617]]]}},{"type":"Feature","properties":{"osm_id":"way/67697608","name":null,"building":"yes","highway":null,"tourism":null,"historic":null,"amenity":null,"height_m":19.200000000000003,"height_source":"osm","levels":"6","source":"OpenStreetMap"},"geometry":{"type":"Polygon","coordinates":[[[5.3718512,43.293182],[5.3719859,43.2932145],[5.3720139,43.2932215],[5.3720059,43.2932386],[5.3719945,43.2932643],[5.3719863,43.2932623],[5.3718341,43.293221],[5.3718405,43.2932064],[5.3718512,43.293182]]]}},{"type":"Feature","properties":{"osm_id":"way/67697668","name":null,"building":"yes","highway":null,"tourism":null,"historic":null,"amenity":null,"height_m":3.2,"height_source":"osm","levels":"1","source":"OpenStreetMap"},"geometry":{"type":"Polygon","coordinates":[[[5.3735831,43.2974542],[5.3736815,43.2973349],[5.3736814,43.2973309],[5.3736952,43.2973167],[5.3737152,43.2973205],[5.3737157,43.2973376],[5.3737114,43.2973381],[5.3737195,43.2974836],[5.3737223,43.2975417],[5.3736506,43.297544],[5.3736286,43.2975445],[5.3735829,43.2974891],[5.3736041,43.2974635],[5.3735831,43.2974542]]]}},{"type":"Feature","properties":{"osm_id":"way/67697791","name":"Hiptown République","building":"yes","highway":null,"tourism":null,"historic":null,"amenity":null,"height_m":22.400000000000002,"height_source":"osm","levels":"7","source":"OpenStreetMap"},"geometry":{"type":"Polygon","coordinates":[[[5.3727123,43.2982513],[5.3729223,43.2982623],[5.3729207,43.2982724],[5.3730192,43.2984383],[5.3729538,43.2985186],[5.3728971,43.2985882],[5.3727578,43.2985273],[5.3727892,43.2984862],[5.3728176,43.2984981],[5.3728273,43.2984861],[5.3728431,43.2984663],[5.3728344,43.298449],[5.3728412,43.2984459],[5.3728261,43.2984183],[5.3727681,43.2984166],[5.3727502,43.2984403],[5.3726089,43.2983789],[5.3726651,43.2983095],[5.3727123,43.2982513]]]}},{"type":"Feature","properties":{"osm_id":"way/67697843","name":null,"building":"office","highway":null,"tourism":null,"historic":null,"amenity":null,"height_m":25.6,"height_source":"osm","levels":"8","source":"OpenStreetMap"},"geometry":{"type":"Polygon","coordinates":[[[5.3744019,43.2964732],[5.3744076,43.2964755],[5.3744241,43.2964823],[5.3744633,43.2965345],[5.37444,43.296563],[5.3743932,43.29662],[5.3743755,43.2966416],[5.3742981,43.2966053],[5.3742959,43.2966035],[5.3743209,43.2965718],[5.3743425,43.2965457],[5.3744019,43.2964732]]]}},{"type":"Feature","properties":{"osm_id":"way/67697981","name":null,"building":"yes","highway":null,"tourism":null,"historic":null,"amenity":null,"height_m":19.200000000000003,"height_source":"osm","levels":"6","source":"OpenStreetMap"},"geometry":{"type":"Polygon","coordinates":[[[5.3743691,43.292553],[5.3745067,43.2925847],[5.3744207,43.2927826],[5.3743985,43.2927776],[5.3742815,43.292751],[5.3743691,43.292553]]]}},{"type":"Feature","properties":{"osm_id":"way/67698184","name":null,"building":"yes","highway":null,"tourism":null,"historic":null,"amenity":null,"height_m":19.200000000000003,"height_source":"osm","levels":"6","source":"OpenStreetMap"},"geometry":{"type":"Polygon","coordinates":[[[5.374281,43.2991347],[5.3742841,43.2990251],[5.3743919,43.299037],[5.3745232,43.2990512],[5.3745413,43.2990532],[5.3746086,43.2990605],[5.3746155,43.2991127],[5.3745749,43.2991155],[5.374428,43.2991255],[5.3743289,43.2991322],[5.374281,43.2991347]]]}},{"type":"Feature","properties":{"osm_id":"way/67698601","name":null,"building":"yes","highway":null,"tourism":null,"historic":null,"amenity":null,"height_m":22.400000000000002,"height_source":"osm","levels":"7","source":"OpenStreetMap"},"geometry":{"type":"Polygon","coordinates":[[[5.3742819,43.2932286],[5.3741827,43.2932054],[5.374193,43.2931803],[5.37421,43.2931413],[5.3743078,43.2931638],[5.3742932,43.2932004],[5.3742819,43.2932286]]]}},{"type":"Feature","properties":{"osm_id":"way/67698663","name":null,"building":"apartments","highway":null,"tourism":null,"historic":null,"amenity":null,"height_m":12.8,"height_source":"osm","levels":"4","source":"OpenStreetMap"},"geometry":{"type":"Polygon","coordinates":[[[5.3741026,43.2936654],[5.374078,43.2937252],[5.3740523,43.2937875],[5.3738993,43.2937508],[5.3739004,43.2937482],[5.3738952,43.293747],[5.3739111,43.2937081],[5.3737632,43.2936716],[5.3737796,43.293631],[5.3737833,43.2936318],[5.3737986,43.2935938],[5.3741026,43.2936654]]]}},{"type":"Feature","properties":{"osm_id":"way/67698831","name":null,"building":"yes","highway":null,"tourism":null,"historic":null,"amenity":null,"height_m":10,"height_source":"default","levels":null,"source":"OpenStreetMap"},"geometry":{"type":"Polygon","coordinates":[[[5.3724443,43.2932855],[5.372409,43.2932774],[5.3724521,43.2931775],[5.3724769,43.2931682],[5.3725774,43.2931913],[5.3725664,43.2932171],[5.3724823,43.2931978],[5.372475,43.2932146],[5.3724443,43.2932855]]]}},{"type":"Feature","properties":{"osm_id":"way/67698892","name":null,"building":"apartments","highway":null,"tourism":null,"historic":null,"amenity":null,"height_m":10,"height_source":"default","levels":null,"source":"OpenStreetMap"},"geometry":{"type":"Polygon","coordinates":[[[5.3745171,43.2925625],[5.3745067,43.2925847],[5.3743691,43.292553],[5.3744529,43.2923588],[5.374529,43.2923766],[5.3745916,43.2923912],[5.3745171,43.2925625]]]}},{"type":"Feature","properties":{"osm_id":"way/67698956","name":null,"building":"apartments","highway":null,"tourism":null,"historic":null,"amenity":null,"height_m":16,"height_source":"osm","levels":"5","source":"OpenStreetMap"},"geometry":{"type":"Polygon","coordinates":[[[5.3738146,43.2979157],[5.3738128,43.2977883],[5.3738602,43.2977878],[5.3738632,43.2979159],[5.3738146,43.2979157]]]}},{"type":"Feature","properties":{"osm_id":"way/67699031","name":null,"building":"yes","highway":null,"tourism":null,"historic":null,"amenity":null,"height_m":10,"height_source":"default","levels":null,"source":"OpenStreetMap"},"geometry":{"type":"Polygon","coordinates":[[[5.3733628,43.2935585],[5.3731882,43.2935191],[5.373154,43.2935115],[5.3731165,43.2935027],[5.3731253,43.2934836],[5.37318,43.2933596],[5.373424,43.2934171],[5.3733919,43.2934912],[5.3733782,43.2935228],[5.3733628,43.2935585]]]}},{"type":"Feature","properties":{"osm_id":"way/67699292","name":null,"building":"yes","highway":null,"tourism":null,"historic":null,"amenity":null,"height_m":10,"height_source":"default","levels":null,"source":"OpenStreetMap"},"geometry":{"type":"Polygon","coordinates":[[[5.3736914,43.2985547],[5.3736821,43.2986145],[5.3736007,43.2986068],[5.3736116,43.2985476],[5.3736914,43.2985547]]]}},{"type":"Feature","properties":{"osm_id":"way/67699302","name":null,"building":"roof","highway":null,"tourism":null,"historic":null,"amenity":null,"height_m":10,"height_source":"default","levels":null,"source":"OpenStreetMap"},"geometry":{"type":"Polygon","coordinates":[[[5.3722618,43.2930552],[5.3723199,43.2930687],[5.3724058,43.2930886],[5.372432,43.2930285],[5.3724423,43.293005],[5.3724576,43.2929701],[5.3724701,43.2929411],[5.3724897,43.2928958],[5.3725029,43.2928655],[5.3725327,43.2927969],[5.3725679,43.2928051],[5.3724373,43.2931053],[5.3724064,43.293117],[5.3722506,43.2930808],[5.3722618,43.2930552]]]}},{"type":"Feature","properties":{"osm_id":"way/67699370","name":null,"building":"roof","highway":null,"tourism":null,"historic":null,"amenity":null,"height_m":10,"height_source":"default","levels":null,"source":"OpenStreetMap"},"geometry":{"type":"Polygon","coordinates":[[[5.3737374,43.2982932],[5.3737303,43.29835],[5.3737119,43.298348],[5.3737193,43.2982948],[5.3737354,43.2982912],[5.3737374,43.2982932]]]}},{"type":"Feature","properties":{"osm_id":"way/67699373","name":null,"building":"apartments","highway":null,"tourism":null,"historic":null,"amenity":null,"height_m":16,"height_source":"osm","levels":"5","source":"OpenStreetMap"},"geometry":{"type":"Polygon","coordinates":[[[5.374536,43.2940032],[5.3743868,43.2939672],[5.3744134,43.2939013],[5.3744184,43.2938889],[5.3744483,43.2938145],[5.3745946,43.2938501],[5.3745713,43.293908],[5.3745751,43.2939086],[5.3745561,43.2939522],[5.3745501,43.293967],[5.374536,43.2940032]]]}},{"type":"Feature","properties":{"osm_id":"way/67699513","name":null,"building":"yes","highway":null,"tourism":null,"historic":null,"amenity":null,"height_m":10,"height_source":"default","levels":null,"source":"OpenStreetMap"},"geometry":{"type":"Polygon","coordinates":[[[5.3745197,43.2995397],[5.3744794,43.2995472],[5.374424,43.2995573],[5.3743709,43.2995669],[5.3743483,43.299571],[5.374331,43.2995633],[5.3743131,43.2995065],[5.3742938,43.2994451],[5.3745007,43.2994111],[5.3745197,43.2995397]]]}},{"type":"Feature","properties":{"osm_id":"way/67699581","name":null,"building":"yes","highway":null,"tourism":null,"historic":null,"amenity":null,"height_m":3.2,"height_source":"osm","levels":"1","source":"OpenStreetMap"},"geometry":{"type":"Polygon","coordinates":[[[5.3734152,43.2975757],[5.3734381,43.2975481],[5.3734486,43.2975355],[5.3734705,43.2975097],[5.3735173,43.2975323],[5.3735265,43.2975467],[5.373529,43.2975511],[5.3735276,43.2975925],[5.3734938,43.2975932],[5.3734711,43.2975933],[5.3734244,43.2975934],[5.3734152,43.2975757]]]}},{"type":"Feature","properties":{"osm_id":"way/67699740","name":null,"building":"apartments","highway":null,"tourism":null,"historic":null,"amenity":null,"height_m":19.200000000000003,"height_source":"osm","levels":"6","source":"OpenStreetMap"},"geometry":{"type":"Polygon","coordinates":[[[5.3746006,43.2926956],[5.374548,43.2928157],[5.374545,43.292815],[5.3745469,43.2928122],[5.3744838,43.2927974],[5.3744207,43.2927826],[5.3745067,43.2925847],[5.3745171,43.2925625],[5.3745997,43.2925823],[5.3746255,43.2925885],[5.3746489,43.2925943],[5.3746047,43.2926966],[5.3746006,43.2926956]]]}},{"type":"Feature","properties":{"osm_id":"way/67699946","name":null,"building":"yes","highway":null,"tourism":null,"historic":null,"amenity":null,"height_m":16,"height_source":"osm","levels":"5","source":"OpenStreetMap"},"geometry":{"type":"Polygon","coordinates":[[[5.3720656,43.2931007],[5.3720359,43.2931699],[5.3720082,43.2931639],[5.371873,43.2931322],[5.371876,43.2931254],[5.3718936,43.2930852],[5.3719035,43.2930627],[5.3719114,43.2930646],[5.3719671,43.2930776],[5.3720656,43.2931007]]]}},{"type":"Feature","properties":{"osm_id":"way/67700507","name":null,"building":"yes","highway":null,"tourism":null,"historic":null,"amenity":null,"height_m":10,"height_source":"default","levels":null,"source":"OpenStreetMap"},"geometry":{"type":"Polygon","coordinates":[[[5.3741359,43.2932441],[5.3740732,43.293396],[5.3740394,43.2934714],[5.3738337,43.2934231],[5.373571,43.2933613],[5.3736274,43.2932342],[5.3736713,43.2931354],[5.3741359,43.2932441]]]}},{"type":"Feature","properties":{"osm_id":"way/67700616","name":null,"building":"yes","highway":null,"tourism":null,"historic":null,"amenity":null,"height_m":10,"height_source":"default","levels":null,"source":"OpenStreetMap"},"geometry":{"type":"Polygon","coordinates":[[[5.3729393,43.2934798],[5.3729039,43.2934718],[5.3729394,43.2933889],[5.3731114,43.2934285],[5.3731545,43.2933347],[5.37317,43.2933289],[5.3734517,43.2933952],[5.3734641,43.2934143],[5.3734134,43.2935309],[5.3733782,43.2935228],[5.3733919,43.2934912],[5.373424,43.2934171],[5.37318,43.2933596],[5.3731253,43.2934836],[5.3730334,43.2934621],[5.3729547,43.2934437],[5.372947,43.2934616],[5.3729393,43.2934798]]]}},{"type":"Feature","properties":{"osm_id":"way/67700761","name":null,"building":"apartments","highway":null,"tourism":null,"historic":null,"amenity":null,"height_m":16,"height_source":"osm","levels":"5","source":"OpenStreetMap"},"geometry":{"type":"Polygon","coordinates":[[[5.3730415,43.2924629],[5.3731216,43.2922815],[5.3731399,43.2922413],[5.3731416,43.2922417],[5.3732511,43.2922668],[5.3732763,43.2922728],[5.3732303,43.2923779],[5.3732839,43.2923899],[5.3733292,43.2922851],[5.3734652,43.2923164],[5.3734644,43.292318],[5.3734607,43.2923268],[5.373423,43.2924125],[5.3734193,43.2924211],[5.3733675,43.2925391],[5.3732045,43.292501],[5.3730415,43.2924629]]]}},{"type":"Feature","properties":{"osm_id":"way/67700796","name":null,"building":"yes","highway":null,"tourism":null,"historic":null,"amenity":null,"height_m":3.2,"height_source":"osm","levels":"1","source":"OpenStreetMap"},"geometry":{"type":"Polygon","coordinates":[[[5.3727892,43.2984862],[5.3728055,43.2984662],[5.3727958,43.2984619],[5.3728344,43.298449],[5.3728431,43.2984663],[5.3728273,43.2984861],[5.3728176,43.2984981],[5.3727892,43.2984862]]]}},{"type":"Feature","properties":{"osm_id":"way/67700802","name":null,"building":"apartments","highway":null,"tourism":null,"historic":null,"amenity":null,"height_m":12.8,"height_source":"osm","levels":"4","source":"OpenStreetMap"},"geometry":{"type":"Polygon","coordinates":[[[5.3724897,43.2928958],[5.3722671,43.2928451],[5.3722463,43.2928408],[5.3720211,43.2927901],[5.3720295,43.2927708],[5.3720528,43.2927174],[5.3720748,43.292667],[5.372097,43.292616],[5.3721112,43.2925835],[5.3725779,43.2926932],[5.3725589,43.2927368],[5.3725327,43.2927969],[5.3725029,43.2928655],[5.3724897,43.2928958]]]}},{"type":"Feature","properties":{"osm_id":"way/67700842","name":null,"building":"roof","highway":null,"tourism":null,"historic":null,"amenity":null,"height_m":10,"height_source":"default","levels":null,"source":"OpenStreetMap"},"geometry":{"type":"Polygon","coordinates":[[[5.3733318,43.2983486],[5.3733286,43.2983791],[5.3732652,43.2983734],[5.3732673,43.2983445],[5.3733318,43.2983486]]]}},{"type":"Feature","properties":{"osm_id":"way/67700845","name":null,"building":"apartments","highway":null,"tourism":null,"historic":null,"amenity":null,"height_m":19.200000000000003,"height_source":"osm","levels":"6","source":"OpenStreetMap"},"geometry":{"type":"Polygon","coordinates":[[[5.374652,43.2937084],[5.3745965,43.2938492],[5.3745946,43.2938501],[5.3744483,43.2938145],[5.3744614,43.2937833],[5.3744954,43.293702],[5.3745068,43.2936746],[5.374652,43.2937084]]]}},{"type":"Feature","properties":{"osm_id":"way/67700949","name":null,"building":"yes","highway":null,"tourism":null,"historic":null,"amenity":null,"height_m":10,"height_source":"default","levels":null,"source":"OpenStreetMap"},"geometry":{"type":"Polygon","coordinates":[[[5.3721728,43.2931258],[5.372184,43.2931001],[5.3723938,43.2931492],[5.37241,43.2931719],[5.3723876,43.2932242],[5.3723518,43.2932161],[5.3723709,43.2931722],[5.3723031,43.2931563],[5.3721825,43.2931281],[5.3721728,43.2931258]]]}},{"type":"Feature","properties":{"osm_id":"way/67700997","name":null,"building":"apartments","highway":null,"tourism":null,"historic":null,"amenity":null,"height_m":22.400000000000002,"height_source":"osm","levels":"7","source":"OpenStreetMap"},"geometry":{"type":"Polygon","coordinates":[[[5.3739044,43.2973332],[5.3739056,43.2973549],[5.3739124,43.2974787],[5.3737195,43.2974836],[5.3737114,43.2973381],[5.3737157,43.2973376],[5.3739044,43.2973332]]]}},{"type":"Feature","properties":{"osm_id":"way/67701147","name":null,"building":"apartments","highway":null,"tourism":null,"historic":null,"amenity":null,"height_m":16,"height_source":"osm","levels":"5","source":"OpenStreetMap"},"geometry":{"type":"Polygon","coordinates":[[[5.3740578,43.2926987],[5.3741067,43.2925843],[5.3741062,43.2925824],[5.3741454,43.2925919],[5.374194,43.2926037],[5.3741442,43.2927189],[5.374071,43.2927018],[5.3740578,43.2926987]]]}},{"type":"Feature","properties":{"osm_id":"way/67701242","name":null,"building":"apartments","highway":null,"tourism":null,"historic":null,"amenity":null,"height_m":22.400000000000002,"height_source":"osm","levels":"7","source":"OpenStreetMap"},"geometry":{"type":"Polygon","coordinates":[[[5.3736052,43.2971631],[5.3737072,43.2972099],[5.3737123,43.2972127],[5.3736954,43.2972358],[5.3737311,43.2972525],[5.3737556,43.2972512],[5.3737732,43.2972505],[5.3737727,43.2972224],[5.3738997,43.2972208],[5.3739001,43.2972305],[5.3739044,43.2973332],[5.3737157,43.2973376],[5.3737152,43.2973205],[5.3736952,43.2973167],[5.3736814,43.2973309],[5.373524,43.2972631],[5.3735727,43.2972031],[5.3736052,43.2971631]]]}},{"type":"Feature","properties":{"osm_id":"way/67701479","name":null,"building":"apartments","highway":null,"tourism":null,"historic":null,"amenity":null,"height_m":19.200000000000003,"height_source":"osm","levels":"6","source":"OpenStreetMap"},"geometry":{"type":"Polygon","coordinates":[[[5.3736732,43.2938842],[5.3737278,43.2937536],[5.373741,43.293723],[5.3738959,43.2937603],[5.373862,43.2938419],[5.3738281,43.2939237],[5.3737484,43.2939034],[5.3736732,43.2938842]]]}},{"type":"Feature","properties":{"osm_id":"way/67701538","name":null,"building":"yes","highway":null,"tourism":null,"historic":null,"amenity":null,"height_m":22.400000000000002,"height_source":"osm","levels":"7","source":"OpenStreetMap"},"geometry":{"type":"Polygon","coordinates":[[[5.3741536,43.2930591],[5.3741096,43.2931609],[5.3740243,43.2931399],[5.3740666,43.2930387],[5.3741201,43.2930512],[5.3741536,43.2930591]]]}},{"type":"Feature","properties":{"osm_id":"way/67701558","name":null,"building":"apartments","highway":null,"tourism":null,"historic":null,"amenity":null,"height_m":19.200000000000003,"height_source":"osm","levels":"6","source":"OpenStreetMap"},"geometry":{"type":"Polygon","coordinates":[[[5.3740003,43.292381],[5.374216,43.292431],[5.3741454,43.2925919],[5.3741062,43.2925824],[5.3741067,43.2925843],[5.3739296,43.2925434],[5.3739693,43.2924522],[5.3740003,43.292381]]]}},{"type":"Feature","properties":{"osm_id":"way/67701661","name":null,"building":"yes","highway":null,"tourism":null,"historic":null,"amenity":null,"height_m":10,"height_source":"default","levels":null,"source":"OpenStreetMap"},"geometry":{"type":"Polygon","coordinates":[[[5.3736137,43.2934616],[5.3735739,43.293554],[5.3734965,43.2935339],[5.3735367,43.2934436],[5.3735699,43.2934514],[5.3736137,43.2934616]]]}},{"type":"Feature","properties":{"osm_id":"way/67701728","name":null,"building":"office","highway":null,"tourism":null,"historic":null,"amenity":null,"height_m":38.400000000000006,"height_source":"osm","levels":"12","source":"OpenStreetMap"},"geometry":{"type":"Polygon","coordinates":[[[5.3744491,43.2986713],[5.3744486,43.2986832],[5.3742685,43.2986847],[5.3742663,43.2985521],[5.374282,43.2985514],[5.3744328,43.2985501],[5.374448,43.2985502],[5.3744483,43.2985629],[5.3744491,43.2986713]]]}},{"type":"Feature","properties":{"osm_id":"way/67701731","name":null,"building":"yes","highway":null,"tourism":null,"historic":null,"amenity":null,"height_m":16,"height_source":"osm","levels":"5","source":"OpenStreetMap"},"geometry":{"type":"Polygon","coordinates":[[[5.3719987,43.2928415],[5.3721734,43.2928814],[5.3721124,43.2930208],[5.372041,43.2930042],[5.3719378,43.2929801],[5.3719713,43.2929039],[5.3719987,43.2928415]]]}},{"type":"Feature","properties":{"osm_id":"way/67701752","name":null,"building":"apartments","highway":null,"tourism":null,"historic":null,"amenity":null,"height_m":22.400000000000002,"height_source":"osm","levels":"7","source":"OpenStreetMap"},"geometry":{"type":"Polygon","coordinates":[[[5.3735004,43.2979954],[5.3734944,43.2979043],[5.3736023,43.2979034],[5.3736096,43.2980022],[5.3735482,43.2979984],[5.3735004,43.2979954]]]}},{"type":"Feature","properties":{"osm_id":"way/67701828","name":null,"building":"yes","highway":null,"tourism":null,"historic":null,"amenity":null,"height_m":19.200000000000003,"height_source":"osm","levels":"6","source":"OpenStreetMap"},"geometry":{"type":"Polygon","coordinates":[[[5.3741593,43.2995721],[5.3740649,43.2995544],[5.3739951,43.2995411],[5.373967,43.2993345],[5.3740876,43.2993261],[5.374106,43.2993248],[5.3741156,43.299351],[5.3741354,43.2994129],[5.3741841,43.2995648],[5.3741708,43.2995745],[5.3741593,43.2995721]]]}},{"type":"Feature","properties":{"osm_id":"way/67701836","name":null,"building":"yes","highway":null,"tourism":null,"historic":null,"amenity":null,"height_m":19.200000000000003,"height_source":"osm","levels":"6","source":"OpenStreetMap"},"geometry":{"type":"Polygon","coordinates":[[[5.3720109,43.2934629],[5.3720761,43.2932967],[5.3722941,43.293349],[5.3722584,43.2934305],[5.3722209,43.293516],[5.3721025,43.2934861],[5.3720109,43.2934629]]]}},{"type":"Feature","properties":{"osm_id":"way/67701881","name":null,"building":"apartments","highway":null,"tourism":null,"historic":null,"amenity":null,"height_m":22.400000000000002,"height_source":"osm","levels":"7","source":"OpenStreetMap"},"geometry":{"type":"Polygon","coordinates":[[[5.3737529,43.2976805],[5.3736548,43.2976817],[5.3736506,43.297544],[5.3737223,43.2975417],[5.3737487,43.2975588],[5.3737529,43.2976805]]]}},{"type":"Feature","properties":{"osm_id":"way/67701995","name":null,"building":"apartments","highway":null,"tourism":null,"historic":null,"amenity":null,"height_m":19.200000000000003,"height_source":"osm","levels":"6","source":"OpenStreetMap"},"geometry":{"type":"Polygon","coordinates":[[[5.3745131,43.2959882],[5.374472,43.296086],[5.3744415,43.2960789],[5.3744169,43.2960731],[5.3744235,43.2960476],[5.3744306,43.2960206],[5.3744358,43.2960005],[5.3745131,43.2959882]]]}},{"type":"Feature","properties":{"osm_id":"way/67702114","name":null,"building":"apartments","highway":null,"tourism":null,"historic":null,"amenity":null,"height_m":16,"height_source":"osm","levels":"5","source":"OpenStreetMap"},"geometry":{"type":"Polygon","coordinates":[[[5.372432,43.2930285],[5.3722161,43.2929784],[5.3722414,43.2929215],[5.3724576,43.2929701],[5.3724423,43.293005],[5.372432,43.2930285]]]}},{"type":"Feature","properties":{"osm_id":"way/67702654","name":null,"building":"apartments","highway":null,"tourism":null,"historic":null,"amenity":null,"height_m":19.200000000000003,"height_source":"osm","levels":"6","source":"OpenStreetMap"},"geometry":{"type":"Polygon","coordinates":[[[5.3740152,43.2938782],[5.373991,43.2939335],[5.3739788,43.2939614],[5.3739256,43.2939481],[5.3738281,43.2939237],[5.373862,43.2938419],[5.3740152,43.2938782]]]}},{"type":"Feature","properties":{"osm_id":"way/67702757","name":null,"building":"yes","highway":null,"tourism":null,"historic":null,"amenity":null,"height_m":10,"height_source":"default","levels":null,"source":"OpenStreetMap"},"geometry":{"type":"Polygon","coordinates":[[[5.3726717,43.2933684],[5.3727211,43.2932536],[5.372642,43.2932346],[5.3726468,43.2932239],[5.3727712,43.2932521],[5.3727155,43.2933791],[5.3726856,43.2933718],[5.3726717,43.2933684]]]}},{"type":"Feature","properties":{"osm_id":"way/67702998","name":null,"building":"apartments","highway":null,"tourism":null,"historic":null,"amenity":null,"height_m":22.400000000000002,"height_source":"osm","levels":"7","source":"OpenStreetMap"},"geometry":{"type":"Polygon","coordinates":[[[5.373282,43.2979844],[5.3732821,43.2977938],[5.3733862,43.297793],[5.3733897,43.2979894],[5.3733315,43.2979867],[5.373282,43.2979844]]]}},{"type":"Feature","properties":{"osm_id":"way/67703080","name":null,"building":"yes","highway":null,"tourism":null,"historic":null,"amenity":null,"height_m":12.8,"height_source":"osm","levels":"4","source":"OpenStreetMap"},"geometry":{"type":"Polygon","coordinates":[[[5.3722941,43.293349],[5.3720761,43.2932967],[5.3720809,43.2932859],[5.3721466,43.2931196],[5.3721728,43.2931258],[5.3721825,43.2931281],[5.3723031,43.2931563],[5.3723709,43.2931722],[5.3723518,43.2932161],[5.3723348,43.2932553],[5.3723054,43.2933229],[5.3722941,43.293349]]]}},{"type":"Feature","properties":{"osm_id":"way/67703219","name":null,"building":"apartments","highway":null,"tourism":null,"historic":null,"amenity":null,"height_m":22.400000000000002,"height_source":"osm","levels":"7","source":"OpenStreetMap"},"geometry":{"type":"Polygon","coordinates":[[[5.3729709,43.2979379],[5.372987,43.2979173],[5.3730233,43.2978723],[5.3731046,43.2979063],[5.3730977,43.2979174],[5.3730891,43.2979742],[5.3730566,43.297972],[5.3730536,43.2979742],[5.3729709,43.2979379]]]}},{"type":"Feature","properties":{"osm_id":"way/67703268","name":null,"building":"apartments","highway":null,"tourism":null,"historic":null,"amenity":null,"height_m":16,"height_source":"osm","levels":"5","source":"OpenStreetMap"},"geometry":{"type":"Polygon","coordinates":[[[5.3728441,43.2927549],[5.3727947,43.2928664],[5.3727839,43.2928908],[5.3726324,43.2928554],[5.3726333,43.2928532],[5.3726501,43.2928149],[5.372665,43.2927809],[5.372692,43.2927193],[5.3728441,43.2927549]]]}},{"type":"Feature","properties":{"osm_id":"way/67703433","name":null,"building":"roof","highway":null,"tourism":null,"historic":null,"amenity":null,"height_m":10,"height_source":"default","levels":null,"source":"OpenStreetMap"},"geometry":{"type":"Polygon","coordinates":[[[5.3744872,43.2988749],[5.3744901,43.2988613],[5.3745019,43.2988628],[5.374504,43.2988486],[5.3746414,43.2988622],[5.3746376,43.2988878],[5.3746224,43.2988869],[5.3744872,43.2988749]]]}},{"type":"Feature","properties":{"osm_id":"way/67703811","name":null,"building":"apartments","highway":null,"tourism":null,"historic":null,"amenity":null,"height_m":10,"height_source":"default","levels":null,"source":"OpenStreetMap"},"geometry":{"type":"Polygon","coordinates":[[[5.3737593,43.2934957],[5.373778,43.2935001],[5.3738334,43.293513],[5.3737986,43.2935938],[5.3737833,43.2936318],[5.3737796,43.293631],[5.3737089,43.2936139],[5.3737177,43.2935924],[5.3737593,43.2934957]]]}},{"type":"Feature","properties":{"osm_id":"way/67703914","name":null,"building":"yes","highway":null,"tourism":null,"historic":null,"amenity":null,"height_m":22.400000000000002,"height_source":"osm","levels":"7","source":"OpenStreetMap"},"geometry":{"type":"Polygon","coordinates":[[[5.3741419,43.2931684],[5.3741309,43.2931933],[5.3740992,43.2931858],[5.3741096,43.2931609],[5.3741536,43.2930591],[5.3742004,43.2930701],[5.374237,43.2930786],[5.37421,43.2931413],[5.374193,43.2931803],[5.3741419,43.2931684]]]}},{"type":"Feature","properties":{"osm_id":"way/67703962","name":"La Provence","building":"yes","highway":null,"tourism":null,"historic":null,"amenity":null,"height_m":10,"height_source":"default","levels":null,"source":"OpenStreetMap"},"geometry":{"type":"Polygon","coordinates":[[[5.3741295,43.2939243],[5.3741095,43.2939198],[5.3740999,43.2939072],[5.3741098,43.293884],[5.3741273,43.2938777],[5.3741474,43.2938821],[5.3741295,43.2939243]]]}},{"type":"Feature","properties":{"osm_id":"way/67704017","name":null,"building":"apartments","highway":null,"tourism":null,"historic":null,"amenity":null,"height_m":22.400000000000002,"height_source":"osm","levels":"7","source":"OpenStreetMap"},"geometry":{"type":"Polygon","coordinates":[[[5.3738128,43.2977883],[5.3738146,43.2979157],[5.3737946,43.297916],[5.3737652,43.2979165],[5.3737626,43.2977881],[5.3738128,43.2977883]]]}},{"type":"Feature","properties":{"osm_id":"way/67704085","name":null,"building":"apartments","highway":null,"tourism":null,"historic":null,"amenity":null,"height_m":19.200000000000003,"height_source":"osm","levels":"6","source":"OpenStreetMap"},"geometry":{"type":"Polygon","coordinates":[[[5.3730163,43.2935659],[5.3730375,43.2935174],[5.3731416,43.2935399],[5.373154,43.2935115],[5.3731882,43.2935191],[5.3733628,43.2935585],[5.373347,43.2935944],[5.3733152,43.293667],[5.3732795,43.2937485],[5.3732655,43.2937803],[5.3730148,43.2937168],[5.3728552,43.2936763],[5.3728778,43.2936228],[5.3729102,43.2935463],[5.3730149,43.2935688],[5.3730163,43.2935659]]]}},{"type":"Feature","properties":{"osm_id":"way/67704139","name":null,"building":"yes","highway":null,"tourism":null,"historic":null,"amenity":null,"height_m":10,"height_source":"default","levels":null,"source":"OpenStreetMap"},"geometry":{"type":"Polygon","coordinates":[[[5.3736852,43.2934787],[5.3736453,43.2935711],[5.3736261,43.2935662],[5.3735739,43.293554],[5.3736137,43.2934616],[5.3736852,43.2934787]]]}},{"type":"Feature","properties":{"osm_id":"way/67704191","name":null,"building":"retail","highway":null,"tourism":null,"historic":null,"amenity":null,"height_m":6.4,"height_source":"osm","levels":"2","source":"OpenStreetMap"},"geometry":{"type":"Polygon","coordinates":[[[5.3742552,43.2962891],[5.3743262,43.29631],[5.3743074,43.2963563],[5.3742665,43.296344],[5.3742355,43.2963347],[5.3742483,43.2963051],[5.3742552,43.2962891]]]}},{"type":"Feature","properties":{"osm_id":"way/67704382","name":null,"building":"apartments","highway":null,"tourism":null,"historic":null,"amenity":null,"height_m":22.400000000000002,"height_source":"osm","levels":"7","source":"OpenStreetMap"},"geometry":{"type":"Polygon","coordinates":[[[5.3736997,43.297789],[5.3737046,43.2979022],[5.3736746,43.2979028],[5.3736023,43.2979034],[5.3735953,43.2977898],[5.3736997,43.297789]]]}},{"type":"Feature","properties":{"osm_id":"way/67704533","name":null,"building":"apartments","highway":null,"tourism":null,"historic":null,"amenity":null,"height_m":10,"height_source":"default","levels":null,"source":"OpenStreetMap"},"geometry":{"type":"Polygon","coordinates":[[[5.3722941,43.293349],[5.3723293,43.2933573],[5.3722561,43.2935242],[5.3722209,43.293516],[5.3722584,43.2934305],[5.3722941,43.293349]]]}},{"type":"Feature","properties":{"osm_id":"way/67704588","name":null,"building":"apartments","highway":null,"tourism":null,"historic":null,"amenity":null,"height_m":22.400000000000002,"height_source":"osm","levels":"7","source":"OpenStreetMap"},"geometry":{"type":"Polygon","coordinates":[[[5.3732368,43.2976852],[5.373236,43.2976853],[5.3732193,43.2976825],[5.3732073,43.2976735],[5.3732038,43.2976613],[5.3732098,43.2976496],[5.3732524,43.2975967],[5.373341,43.2974867],[5.3734486,43.2975355],[5.3734381,43.2975481],[5.3734152,43.2975757],[5.3734244,43.2975934],[5.3734711,43.2975933],[5.3734938,43.2975932],[5.373495,43.2976827],[5.3732368,43.2976852]]]}},{"type":"Feature","properties":{"osm_id":"way/67704901","name":null,"building":"apartments","highway":null,"tourism":null,"historic":null,"amenity":null,"height_m":12.8,"height_source":"osm","levels":"4","source":"OpenStreetMap"},"geometry":{"type":"Polygon","coordinates":[[[5.3721895,43.2930384],[5.3722161,43.2929784],[5.372432,43.2930285],[5.3724058,43.2930886],[5.3723199,43.2930687],[5.3722618,43.2930552],[5.3721895,43.2930384]]]}},{"type":"Feature","properties":{"osm_id":"way/67705400","name":null,"building":"apartments","highway":null,"tourism":null,"historic":null,"amenity":null,"height_m":16,"height_source":"osm","levels":"5","source":"OpenStreetMap"},"geometry":{"type":"Polygon","coordinates":[[[5.3725746,43.2929885],[5.3728122,43.2930436],[5.3728113,43.2930458],[5.3728075,43.2930543],[5.3727566,43.2931706],[5.3726301,43.293141],[5.3725191,43.2931151],[5.3725746,43.2929885]]]}},{"type":"Feature","properties":{"osm_id":"way/67705439","name":null,"building":"apartments","highway":null,"tourism":null,"historic":null,"amenity":null,"height_m":12.8,"height_source":"osm","levels":"4","source":"OpenStreetMap"},"geometry":{"type":"Polygon","coordinates":[[[5.3740152,43.2938782],[5.373862,43.2938419],[5.3738959,43.2937603],[5.3738993,43.2937508],[5.3740523,43.2937875],[5.3740418,43.2938132],[5.3740207,43.2938648],[5.3740152,43.2938782]]]}},{"type":"Feature","properties":{"osm_id":"way/67705528","name":null,"building":"yes","highway":null,"tourism":null,"historic":null,"amenity":null,"height_m":10,"height_source":"default","levels":null,"source":"OpenStreetMap"},"geometry":{"type":"Polygon","coordinates":[[[5.3726674,43.2933777],[5.3726717,43.2933684],[5.3726856,43.2933718],[5.3726816,43.293381],[5.3726674,43.2933777]]]}},{"type":"Feature","properties":{"osm_id":"way/67705560","name":"Arsenal des galères","building":"hotel","highway":null,"tourism":null,"historic":null,"amenity":null,"height_m":12.8,"height_source":"osm","levels":"4","source":"OpenStreetMap"},"geometry":{"type":"Polygon","coordinates":[[[5.3733675,43.2925391],[5.3734193,43.2924211],[5.3735249,43.2924459],[5.3735582,43.2924528],[5.3736628,43.2924771],[5.3736112,43.2925962],[5.3734893,43.2925677],[5.3733675,43.2925391]]]}},{"type":"Feature","properties":{"osm_id":"way/67705593","name":null,"building":"retail","highway":null,"tourism":null,"historic":null,"amenity":null,"height_m":6.4,"height_source":"osm","levels":"2","source":"OpenStreetMap"},"geometry":{"type":"Polygon","coordinates":[[[5.3744029,43.2961269],[5.3743773,43.2961868],[5.3743054,43.2961706],[5.3743308,43.2961098],[5.3743707,43.2961193],[5.3744029,43.2961269]]]}},{"type":"Feature","properties":{"osm_id":"way/67705675","name":null,"building":"yes","highway":null,"tourism":null,"historic":null,"amenity":null,"height_m":3.2,"height_source":"osm","levels":"1","source":"OpenStreetMap"},"geometry":{"type":"Polygon","coordinates":[[[5.3727958,43.2984619],[5.3727645,43.2984477],[5.3727502,43.2984403],[5.3727681,43.2984166],[5.3728261,43.2984183],[5.3728412,43.2984459],[5.3728344,43.298449],[5.3727958,43.2984619]]]}},{"type":"Feature","properties":{"osm_id":"way/67705681","name":null,"building":"apartments","highway":null,"tourism":null,"historic":null,"amenity":null,"height_m":19.200000000000003,"height_source":"osm","levels":"6","source":"OpenStreetMap"},"geometry":{"type":"Polygon","coordinates":[[[5.3715343,43.2924664],[5.3717309,43.2925129],[5.3717107,43.2925593],[5.3716832,43.2926224],[5.3716405,43.2927202],[5.3716345,43.292734],[5.3714388,43.2926872],[5.3715343,43.2924664]]]}},{"type":"Feature","properties":{"osm_id":"way/67705724","name":"Église Saint-Cannat-les-Prêcheurs","building":"church","highway":null,"tourism":null,"historic":null,"amenity":"place_of_worship","height_m":10,"height_source":"default","levels":null,"source":"OpenStreetMap"},"geometry":{"type":"Polygon","coordinates":[[[5.3731748,43.2983345],[5.3731595,43.2983332],[5.3731584,43.2983349],[5.3731411,43.2983336],[5.3731444,43.2983033],[5.3731323,43.298303],[5.3731317,43.2983004],[5.3731233,43.2983008],[5.3731258,43.2982743],[5.373134,43.2982746],[5.3731359,43.2982568],[5.3731227,43.2982559],[5.3731328,43.2981621],[5.373146,43.2981626],[5.3731475,43.298146],[5.3731404,43.2981453],[5.373142,43.2981189],[5.3731519,43.2981202],[5.3731522,43.2981171],[5.3731633,43.2981177],[5.3731659,43.2980862],[5.3731847,43.2980872],[5.3731851,43.2980888],[5.3737124,43.2981146],[5.3737848,43.2981171],[5.3738171,43.2981203],[5.3738115,43.2981875],[5.3738098,43.2982181],[5.3738156,43.2982171],[5.3738181,43.2982277],[5.3737812,43.2982348],[5.3737792,43.2982558],[5.3738093,43.2982669],[5.3738032,43.2982767],[5.3737738,43.298267],[5.3737506,43.2982813],[5.373761,43.2982934],[5.3737486,43.2982998],[5.3737366,43.2982874],[5.373716,43.2982915],[5.373703,43.298382],[5.3736602,43.298379],[5.3736599,43.298382],[5.3736417,43.2983814],[5.3736433,43.2983629],[5.3732679,43.2983402],[5.3732297,43.29834],[5.3732289,43.2983364],[5.3731748,43.2983345]]]}},{"type":"Feature","properties":{"osm_id":"way/67705825","name":null,"building":"apartments","highway":null,"tourism":null,"historic":null,"amenity":null,"height_m":19.200000000000003,"height_source":"osm","levels":"6","source":"OpenStreetMap"},"geometry":{"type":"Polygon","coordinates":[[[5.3713504,43.2928917],[5.3715447,43.2929371],[5.3715262,43.2929789],[5.3714881,43.293065],[5.3714753,43.293094],[5.3712837,43.2930482],[5.3713504,43.2928917]]]}},{"type":"Feature","properties":{"osm_id":"way/67705877","name":null,"building":"apartments","highway":null,"tourism":null,"historic":null,"amenity":null,"height_m":22.400000000000002,"height_source":"osm","levels":"7","source":"OpenStreetMap"},"geometry":{"type":"Polygon","coordinates":[[[5.373524,43.2972631],[5.3736814,43.2973309],[5.3736815,43.2973349],[5.3735831,43.2974542],[5.3735815,43.2974567],[5.373423,43.2973865],[5.373524,43.2972631]]]}},{"type":"Feature","properties":{"osm_id":"way/67705965","name":null,"building":"apartments","highway":null,"tourism":null,"historic":null,"amenity":null,"height_m":22.400000000000002,"height_source":"osm","levels":"7","source":"OpenStreetMap"},"geometry":{"type":"Polygon","coordinates":[[[5.372841,43.298097],[5.3728904,43.2980392],[5.3729709,43.2979379],[5.3730536,43.2979742],[5.3729343,43.2981215],[5.372933,43.2981308],[5.3728585,43.2981259],[5.3728448,43.2981196],[5.3728381,43.2981089],[5.372841,43.298097]]]}},{"type":"Feature","properties":{"osm_id":"way/67706142","name":null,"building":"apartments","highway":null,"tourism":null,"historic":null,"amenity":null,"height_m":22.400000000000002,"height_source":"osm","levels":"7","source":"OpenStreetMap"},"geometry":{"type":"Polygon","coordinates":[[[5.3738903,43.2970753],[5.3738918,43.2970979],[5.3738997,43.2972208],[5.3737727,43.2972224],[5.3737704,43.2971899],[5.37374,43.2971749],[5.3737072,43.2972099],[5.3736052,43.2971631],[5.3736386,43.2971224],[5.3737243,43.2970178],[5.3738903,43.2970753]]]}},{"type":"Feature","properties":{"osm_id":"way/67706168","name":null,"building":"yes","highway":null,"tourism":null,"historic":null,"amenity":null,"height_m":10,"height_source":"default","levels":null,"source":"OpenStreetMap"},"geometry":{"type":"Polygon","coordinates":[[[5.3746168,43.2992908],[5.3746457,43.2995183],[5.3746047,43.2995255],[5.3745471,43.2995351],[5.3745197,43.2995397],[5.3745007,43.2994111],[5.3744877,43.2993001],[5.3745418,43.2992962],[5.3746168,43.2992908]]]}},{"type":"Feature","properties":{"osm_id":"way/67706464","name":null,"building":"roof","highway":null,"tourism":null,"historic":null,"amenity":null,"height_m":10,"height_source":"default","levels":null,"source":"OpenStreetMap"},"geometry":{"type":"Polygon","coordinates":[[[5.3726333,43.2928532],[5.3726039,43.2928464],[5.3726208,43.2928081],[5.3726501,43.2928149],[5.3726333,43.2928532]]]}},{"type":"Feature","properties":{"osm_id":"way/67706490","name":null,"building":"yes","highway":null,"tourism":null,"historic":null,"amenity":null,"height_m":10,"height_source":"default","levels":null,"source":"OpenStreetMap"},"geometry":{"type":"Polygon","coordinates":[[[5.3736145,43.2935909],[5.3736261,43.2935662],[5.3736453,43.2935711],[5.3736436,43.293575],[5.3737177,43.2935924],[5.3737089,43.2936139],[5.3736183,43.2935918],[5.3736145,43.2935909]]]}},{"type":"Feature","properties":{"osm_id":"way/67706541","name":null,"building":"yes","highway":null,"tourism":null,"historic":null,"amenity":null,"height_m":22.400000000000002,"height_source":"osm","levels":"7","source":"OpenStreetMap"},"geometry":{"type":"Polygon","coordinates":[[[5.3740666,43.2930387],[5.3740243,43.2931399],[5.373942,43.2931207],[5.3739861,43.2930199],[5.374033,43.2930308],[5.3740666,43.2930387]]]}},{"type":"Feature","properties":{"osm_id":"way/67706632","name":null,"building":"apartments","highway":null,"tourism":null,"historic":null,"amenity":null,"height_m":19.200000000000003,"height_source":"osm","levels":"6","source":"OpenStreetMap"},"geometry":{"type":"Polygon","coordinates":[[[5.3734327,43.2936794],[5.3735656,43.2937129],[5.3737278,43.2937536],[5.3736732,43.2938842],[5.3736068,43.2938673],[5.3734298,43.2938222],[5.3733767,43.2938087],[5.3734327,43.2936794]]]}},{"type":"Feature","properties":{"osm_id":"way/67706698","name":null,"building":"yes","highway":null,"tourism":null,"historic":null,"amenity":null,"height_m":3.2,"height_source":"osm","levels":"1","source":"OpenStreetMap"},"geometry":{"type":"Polygon","coordinates":[[[5.3726648,43.2985489],[5.3727165,43.2985703],[5.3727034,43.2985867],[5.3726785,43.2985763],[5.372666,43.2985917],[5.3726911,43.2986025],[5.3726775,43.2986189],[5.372626,43.2985965],[5.3726648,43.2985489]]]}},{"type":"Feature","properties":{"osm_id":"way/67706701","name":null,"building":"yes","highway":null,"tourism":null,"historic":null,"amenity":null,"height_m":16,"height_source":"osm","levels":"5","source":"OpenStreetMap"},"geometry":{"type":"Polygon","coordinates":[[[5.3720211,43.2927901],[5.3722463,43.2928408],[5.3722236,43.2928927],[5.3721734,43.2928814],[5.3719987,43.2928415],[5.3720057,43.2928256],[5.3720211,43.2927901]]]}},{"type":"Feature","properties":{"osm_id":"way/67706722","name":null,"building":"roof","highway":null,"tourism":null,"historic":null,"amenity":null,"height_m":10,"height_source":"default","levels":null,"source":"OpenStreetMap"},"geometry":{"type":"Polygon","coordinates":[[[5.3736385,43.2983656],[5.3736372,43.2983834],[5.3736413,43.2983836],[5.3736401,43.2983871],[5.3735078,43.2983805],[5.3735101,43.2983587],[5.3736385,43.2983656]]]}},{"type":"Feature","properties":{"osm_id":"way/67706769","name":null,"building":"yes","highway":null,"tourism":null,"historic":null,"amenity":null,"height_m":10,"height_source":"default","levels":null,"source":"OpenStreetMap"},"geometry":{"type":"Polygon","coordinates":[[[5.3739951,43.2995411],[5.3738453,43.2995141],[5.3737392,43.2994949],[5.3737216,43.2993513],[5.373831,43.2993438],[5.373967,43.2993345],[5.3739951,43.2995411]]]}},{"type":"Feature","properties":{"osm_id":"way/67706772","name":null,"building":"yes","highway":null,"tourism":null,"historic":null,"amenity":null,"height_m":19.200000000000003,"height_source":"osm","levels":"6","source":"OpenStreetMap"},"geometry":{"type":"Polygon","coordinates":[[[5.3719863,43.2932623],[5.3719625,43.2933121],[5.3719813,43.2933165],[5.3720358,43.2932867],[5.3720434,43.2932767],[5.3720493,43.293278],[5.3720809,43.2932859],[5.3720761,43.2932967],[5.3720109,43.2934629],[5.3717571,43.2933994],[5.3717776,43.2933519],[5.3718181,43.2932581],[5.3718341,43.293221],[5.3719863,43.2932623]]]}},{"type":"Feature","properties":{"osm_id":"way/67706798","name":null,"building":"apartments","highway":null,"tourism":null,"historic":null,"amenity":null,"height_m":22.400000000000002,"height_source":"osm","levels":"7","source":"OpenStreetMap"},"geometry":{"type":"Polygon","coordinates":[[[5.3739124,43.2974787],[5.3739152,43.2975225],[5.3739169,43.2975493],[5.3737483,43.2975542],[5.3737487,43.2975588],[5.3737223,43.2975417],[5.3737195,43.2974836],[5.3739124,43.2974787]]]}},{"type":"Feature","properties":{"osm_id":"way/67706870","name":null,"building":"apartments","highway":null,"tourism":null,"historic":null,"amenity":null,"height_m":22.400000000000002,"height_source":"osm","levels":"7","source":"OpenStreetMap"},"geometry":{"type":"Polygon","coordinates":[[[5.3741282,43.2965232],[5.3742156,43.2965651],[5.3742014,43.2965821],[5.3742258,43.2965938],[5.3742414,43.2965778],[5.3742959,43.2966035],[5.3742981,43.2966053],[5.3742631,43.2966513],[5.3743447,43.2966793],[5.3743304,43.2966973],[5.3743008,43.2967344],[5.3742129,43.2966968],[5.3741461,43.2966681],[5.3740451,43.2966239],[5.3740888,43.2965709],[5.3741282,43.2965232]]]}},{"type":"Feature","properties":{"osm_id":"way/67707220","name":null,"building":"apartments","highway":null,"tourism":null,"historic":null,"amenity":null,"height_m":19.200000000000003,"height_source":"osm","levels":"6","source":"OpenStreetMap"},"geometry":{"type":"Polygon","coordinates":[[[5.3741026,43.2936654],[5.3737986,43.2935938],[5.3738334,43.293513],[5.3738743,43.2935226],[5.3740101,43.2935543],[5.3741365,43.2935839],[5.3741078,43.293653],[5.3741026,43.2936654]]]}},{"type":"Feature","properties":{"osm_id":"way/67707278","name":null,"building":"retail","highway":null,"tourism":null,"historic":null,"amenity":null,"height_m":12.8,"height_source":"osm","levels":"4","source":"OpenStreetMap"},"geometry":{"type":"Polygon","coordinates":[[[5.3725246,43.2935927],[5.3725848,43.2934568],[5.3726237,43.2933699],[5.3726671,43.2933801],[5.3726674,43.2933777],[5.3726816,43.293381],[5.3728416,43.2934176],[5.3727834,43.2935534],[5.3727431,43.2936476],[5.3726336,43.2936201],[5.3725246,43.2935927]]]}},{"type":"Feature","properties":{"osm_id":"way/67707411","name":null,"building":"apartments","highway":null,"tourism":null,"historic":null,"amenity":null,"height_m":22.400000000000002,"height_source":"osm","levels":"7","source":"OpenStreetMap"},"geometry":{"type":"Polygon","coordinates":[[[5.3732821,43.2977938],[5.373282,43.2979844],[5.3731737,43.2979777],[5.3731745,43.2978864],[5.3731753,43.2977949],[5.3732821,43.2977938]]]}},{"type":"Feature","properties":{"osm_id":"way/67707460","name":null,"building":"yes","highway":null,"tourism":null,"historic":null,"amenity":null,"height_m":16,"height_source":"osm","levels":"5","source":"OpenStreetMap"},"geometry":{"type":"Polygon","coordinates":[[[5.3721124,43.2930208],[5.3721734,43.2928814],[5.3722236,43.2928927],[5.3722443,43.292897],[5.3722511,43.2928992],[5.3722414,43.2929215],[5.3722161,43.2929784],[5.3721895,43.2930384],[5.3721437,43.2930279],[5.3721124,43.2930208]]]}},{"type":"Feature","properties":{"osm_id":"way/67707461","name":null,"building":"office","highway":null,"tourism":null,"historic":null,"amenity":null,"height_m":28.8,"height_source":"osm","levels":"9","source":"OpenStreetMap"},"geometry":{"type":"Polygon","coordinates":[[[5.3742799,43.2983417],[5.3742801,43.2982653],[5.3742649,43.2982651],[5.374265,43.2981699],[5.3743538,43.2981692],[5.3743531,43.298163],[5.374446,43.2981622],[5.3744462,43.2982556],[5.3744454,43.2982628],[5.3744294,43.2982629],[5.374431,43.2983409],[5.3742799,43.2983417]]]}},{"type":"Feature","properties":{"osm_id":"way/67707481","name":null,"building":"apartments","highway":null,"tourism":null,"historic":null,"amenity":null,"height_m":22.400000000000002,"height_source":"osm","levels":"7","source":"OpenStreetMap"},"geometry":{"type":"Polygon","coordinates":[[[5.3737027,43.2979428],[5.3737104,43.2979432],[5.3737231,43.2979422],[5.3737943,43.2979403],[5.3737946,43.297916],[5.3738146,43.2979157],[5.3738632,43.2979159],[5.3738602,43.2977878],[5.3738743,43.2977863],[5.3739209,43.2978197],[5.3739222,43.2979584],[5.3739224,43.2979839],[5.3738789,43.2980158],[5.3737936,43.2980114],[5.3737058,43.2980068],[5.3737027,43.2979428]]]}},{"type":"Feature","properties":{"osm_id":"way/67707563","name":null,"building":"apartments","highway":null,"tourism":null,"historic":null,"amenity":null,"height_m":22.400000000000002,"height_source":"osm","levels":"7","source":"OpenStreetMap"},"geometry":{"type":"Polygon","coordinates":[[[5.3721768,43.2989103],[5.3722143,43.2988647],[5.3722526,43.2988181],[5.3725918,43.2989642],[5.3725399,43.2990276],[5.3725154,43.2990576],[5.3721768,43.2989103]]]}},{"type":"Feature","properties":{"osm_id":"way/67707575","name":null,"building":"apartments","highway":null,"tourism":null,"historic":null,"amenity":null,"height_m":16,"height_source":"osm","levels":"5","source":"OpenStreetMap"},"geometry":{"type":"Polygon","coordinates":[[[5.3739296,43.2925434],[5.3741067,43.2925843],[5.3740578,43.2926987],[5.3740424,43.2926952],[5.3739572,43.2926757],[5.3738794,43.2926579],[5.3739296,43.2925434]]]}},{"type":"Feature","properties":{"osm_id":"way/67707651","name":null,"building":"apartments","highway":null,"tourism":null,"historic":null,"amenity":null,"height_m":22.400000000000002,"height_source":"osm","levels":"7","source":"OpenStreetMap"},"geometry":{"type":"Polygon","coordinates":[[[5.3739637,43.2967255],[5.3740634,43.2967694],[5.3740517,43.2967843],[5.3741192,43.2968139],[5.3741314,43.2967993],[5.3742173,43.2968369],[5.374188,43.2968737],[5.3741635,43.2969045],[5.374016,43.296922],[5.3740074,43.29688],[5.3740282,43.2968773],[5.3740322,43.2968722],[5.3739896,43.2968537],[5.373978,43.2968675],[5.3738812,43.2968244],[5.3739207,43.296777],[5.3739637,43.2967255]]]}},{"type":"Feature","properties":{"osm_id":"way/67707671","name":null,"building":"yes","highway":null,"tourism":null,"historic":null,"amenity":null,"height_m":35.2,"height_source":"osm","levels":"11","source":"OpenStreetMap"},"geometry":{"type":"Polygon","coordinates":[[[5.3747351,43.2986693],[5.3747358,43.2986802],[5.3745528,43.2986819],[5.3745521,43.29867],[5.3744491,43.2986713],[5.3744483,43.2985629],[5.3745526,43.2985615],[5.3745527,43.2985509],[5.3747352,43.298551],[5.3747348,43.2985612],[5.3747351,43.2986693]]]}},{"type":"Feature","properties":{"osm_id":"way/67707729","name":null,"building":"apartments","highway":null,"tourism":null,"historic":null,"amenity":null,"height_m":22.400000000000002,"height_source":"osm","levels":"7","source":"OpenStreetMap"},"geometry":{"type":"Polygon","coordinates":[[[5.3736112,43.2925962],[5.3736628,43.2924771],[5.3736663,43.292478],[5.3736694,43.2924693],[5.3737069,43.2923839],[5.3737104,43.2923756],[5.3737846,43.2922048],[5.3738506,43.2922198],[5.3739361,43.2922392],[5.3738836,43.2923595],[5.3737648,43.2926316],[5.3736282,43.2926001],[5.3736112,43.2925962]]]}},{"type":"Feature","properties":{"osm_id":"way/67707906","name":null,"building":"yes","highway":null,"tourism":null,"historic":null,"amenity":null,"height_m":10,"height_source":"default","levels":null,"source":"OpenStreetMap"},"geometry":{"type":"Polygon","coordinates":[[[5.3737593,43.2934957],[5.3737177,43.2935924],[5.3736436,43.293575],[5.3736453,43.2935711],[5.3736852,43.2934787],[5.3737593,43.2934957]]]}},{"type":"Feature","properties":{"osm_id":"way/67707960","name":null,"building":"yes","highway":null,"tourism":null,"historic":null,"amenity":null,"height_m":10,"height_source":"default","levels":null,"source":"OpenStreetMap"},"geometry":{"type":"Polygon","coordinates":[[[5.3727566,43.2931706],[5.3728075,43.2930543],[5.3728426,43.2930625],[5.3727917,43.2931788],[5.3727566,43.2931706]]]}},{"type":"Feature","properties":{"osm_id":"way/67707981","name":null,"building":"yes","highway":null,"tourism":null,"historic":null,"amenity":null,"height_m":19.200000000000003,"height_source":"osm","levels":"6","source":"OpenStreetMap"},"geometry":{"type":"Polygon","coordinates":[[[5.3740394,43.2934714],[5.3740732,43.293396],[5.3742012,43.2934245],[5.3741697,43.2935009],[5.3740949,43.293484],[5.3740394,43.2934714]]]}},{"type":"Feature","properties":{"osm_id":"way/67708031","name":null,"building":"yes","highway":null,"tourism":null,"historic":null,"amenity":null,"height_m":10,"height_source":"default","levels":null,"source":"OpenStreetMap"},"geometry":{"type":"Polygon","coordinates":[[[5.3729327,43.2934948],[5.3730375,43.2935174],[5.3730163,43.2935659],[5.3730149,43.2935688],[5.3729102,43.2935463],[5.3729227,43.2935178],[5.3729327,43.2934948]]]}},{"type":"Feature","properties":{"osm_id":"way/67708052","name":null,"building":"yes","highway":null,"tourism":null,"historic":null,"amenity":null,"height_m":10,"height_source":"default","levels":null,"source":"OpenStreetMap"},"geometry":{"type":"Polygon","coordinates":[[[5.3734965,43.2935339],[5.3735739,43.293554],[5.3736261,43.2935662],[5.3736145,43.2935909],[5.3736183,43.2935918],[5.3735819,43.293676],[5.3735656,43.2937129],[5.3734327,43.2936794],[5.3734965,43.2935339]]]}},{"type":"Feature","properties":{"osm_id":"way/67708146","name":null,"building":"apartments","highway":null,"tourism":null,"historic":null,"amenity":null,"height_m":22.400000000000002,"height_source":"osm","levels":"7","source":"OpenStreetMap"},"geometry":{"type":"Polygon","coordinates":[[[5.3735953,43.2977898],[5.3736023,43.2979034],[5.3734944,43.2979043],[5.3734895,43.2977912],[5.3735953,43.2977898]]]}},{"type":"Feature","properties":{"osm_id":"way/67708200","name":null,"building":"apartments","highway":null,"tourism":null,"historic":null,"amenity":null,"height_m":10,"height_source":"default","levels":null,"source":"OpenStreetMap"},"geometry":{"type":"Polygon","coordinates":[[[5.3719863,43.2932623],[5.3719945,43.2932643],[5.3720059,43.2932386],[5.3720608,43.2932504],[5.3720493,43.293278],[5.3720434,43.2932767],[5.3720358,43.2932867],[5.3719813,43.2933165],[5.3719625,43.2933121],[5.3719863,43.2932623]]]}},{"type":"Feature","properties":{"osm_id":"way/67708223","name":null,"building":"apartments","highway":null,"tourism":null,"historic":null,"amenity":null,"height_m":22.400000000000002,"height_source":"osm","levels":"7","source":"OpenStreetMap"},"geometry":{"type":"Polygon","coordinates":[[[5.3735815,43.2974567],[5.3735173,43.2975323],[5.3734705,43.2975097],[5.3734486,43.2975355],[5.373341,43.2974867],[5.3734121,43.2973998],[5.373423,43.2973865],[5.3735815,43.2974567]]]}},{"type":"Feature","properties":{"osm_id":"way/67708277","name":null,"building":"apartments","highway":null,"tourism":null,"historic":null,"amenity":null,"height_m":16,"height_source":"osm","levels":"5","source":"OpenStreetMap"},"geometry":{"type":"Polygon","coordinates":[[[5.3746019,43.2959738],[5.3745501,43.2961043],[5.3745383,43.2961016],[5.3744991,43.2960923],[5.374472,43.296086],[5.3745131,43.2959882],[5.3746019,43.2959738]]]}},{"type":"Feature","properties":{"osm_id":"way/67708431","name":null,"building":"roof","highway":null,"tourism":null,"historic":null,"amenity":null,"height_m":6.4,"height_source":"osm","levels":"2","source":"OpenStreetMap"},"geometry":{"type":"Polygon","coordinates":[[[5.3745117,43.2956785],[5.3744638,43.2956737],[5.3745123,43.2954663],[5.3745614,43.2954727],[5.3745227,43.295633],[5.3745117,43.2956785]]]}},{"type":"Feature","properties":{"osm_id":"way/67708452","name":null,"building":"apartments","highway":null,"tourism":null,"historic":null,"amenity":null,"height_m":10,"height_source":"default","levels":null,"source":"OpenStreetMap"},"geometry":{"type":"Polygon","coordinates":[[[5.3742835,43.2924005],[5.3743155,43.2923265],[5.374394,43.2923449],[5.3744529,43.2923588],[5.3743691,43.292553],[5.3742311,43.2925207],[5.3742835,43.2924005]]]}},{"type":"Feature","properties":{"osm_id":"way/67708580","name":null,"building":"apartments","highway":null,"tourism":null,"historic":null,"amenity":null,"height_m":16,"height_source":"osm","levels":"5","source":"OpenStreetMap"},"geometry":{"type":"Polygon","coordinates":[[[5.3727837,43.2929016],[5.3728476,43.2929171],[5.3728624,43.2928832],[5.3727947,43.2928664],[5.3728441,43.2927549],[5.3731015,43.2928152],[5.3730353,43.2929676],[5.3730135,43.2930178],[5.3729839,43.2930861],[5.3728581,43.2930567],[5.3728113,43.2930458],[5.3728122,43.2930436],[5.3725746,43.2929885],[5.372608,43.2929117],[5.3726324,43.2928554],[5.3727839,43.2928908],[5.372788,43.2928918],[5.3727837,43.2929016]]]}},{"type":"Feature","properties":{"osm_id":"way/67708680","name":null,"building":"yes","highway":null,"tourism":null,"historic":null,"amenity":null,"height_m":10,"height_source":"default","levels":null,"source":"OpenStreetMap"},"geometry":{"type":"Polygon","coordinates":[[[5.374216,43.292431],[5.3742352,43.2923882],[5.3742835,43.2924005],[5.3742311,43.2925207],[5.3741955,43.2926017],[5.374194,43.2926037],[5.3741454,43.2925919],[5.374216,43.292431]]]}},{"type":"Feature","properties":{"osm_id":"way/67708738","name":null,"building":"apartments","highway":null,"tourism":null,"historic":null,"amenity":null,"height_m":10,"height_source":"default","levels":null,"source":"OpenStreetMap"},"geometry":{"type":"Polygon","coordinates":[[[5.3732152,43.2932779],[5.3732422,43.2932147],[5.3732701,43.2931526],[5.3732703,43.2931508],[5.3735114,43.2932081],[5.3734796,43.2932815],[5.3734566,43.2933344],[5.373285,43.2932943],[5.3732152,43.2932779]]]}},{"type":"Feature","properties":{"osm_id":"way/67708755","name":null,"building":"yes","highway":null,"tourism":null,"historic":null,"amenity":null,"height_m":22.400000000000002,"height_source":"osm","levels":"7","source":"OpenStreetMap"},"geometry":{"type":"Polygon","coordinates":[[[5.3726775,43.2986189],[5.3726911,43.2986025],[5.3727034,43.2985867],[5.3727165,43.2985703],[5.3726648,43.2985489],[5.372626,43.2985965],[5.3724822,43.2985347],[5.3725162,43.2984933],[5.3725587,43.2984416],[5.3727578,43.2985273],[5.3728971,43.2985882],[5.3728536,43.298642],[5.3728216,43.2986815],[5.3726775,43.2986189]]]}},{"type":"Feature","properties":{"osm_id":"way/67708759","name":null,"building":"apartments","highway":null,"tourism":null,"historic":null,"amenity":null,"height_m":19.200000000000003,"height_source":"osm","levels":"6","source":"OpenStreetMap"},"geometry":{"type":"Polygon","coordinates":[[[5.3716311,43.2922455],[5.3716425,43.2922481],[5.3717677,43.2922769],[5.3718276,43.2922909],[5.3718147,43.2923204],[5.3717966,43.2923621],[5.371773,43.2924163],[5.3717548,43.2924581],[5.371738,43.2924966],[5.3717309,43.2925129],[5.3715343,43.2924664],[5.3715785,43.2923655],[5.3716311,43.2922455]]]}},{"type":"Feature","properties":{"osm_id":"way/67708830","name":null,"building":"yes","highway":null,"tourism":null,"historic":null,"amenity":null,"height_m":10,"height_source":"default","levels":null,"source":"OpenStreetMap"},"geometry":{"type":"Polygon","coordinates":[[[5.3722463,43.2928408],[5.3722671,43.2928451],[5.3722443,43.292897],[5.3722236,43.2928927],[5.3722463,43.2928408]]]}},{"type":"Feature","properties":{"osm_id":"way/67708831","name":null,"building":"yes","highway":null,"tourism":null,"historic":null,"amenity":null,"height_m":22.400000000000002,"height_source":"osm","levels":"7","source":"OpenStreetMap"},"geometry":{"type":"Polygon","coordinates":[[[5.374446,43.2981622],[5.3747326,43.2981599],[5.3747326,43.2982542],[5.374732,43.2982662],[5.3745525,43.2982679],[5.3745516,43.298255],[5.3744462,43.2982556],[5.374446,43.2981622]]]}},{"type":"Feature","properties":{"osm_id":"way/67708851","name":null,"building":"apartments","highway":null,"tourism":null,"historic":null,"amenity":null,"height_m":22.400000000000002,"height_source":"osm","levels":"7","source":"OpenStreetMap"},"geometry":{"type":"Polygon","coordinates":[[[5.3737626,43.2977881],[5.3737652,43.2979165],[5.3737055,43.297917],[5.3737046,43.2979022],[5.3736997,43.297789],[5.3737626,43.2977881]]]}},{"type":"Feature","properties":{"osm_id":"way/67708902","name":null,"building":"apartments","highway":null,"tourism":null,"historic":null,"amenity":null,"height_m":22.400000000000002,"height_source":"osm","levels":"7","source":"OpenStreetMap"},"geometry":{"type":"Polygon","coordinates":[[[5.3731753,43.2977949],[5.3731745,43.2978864],[5.3731381,43.2978852],[5.3731182,43.297886],[5.3731046,43.2979063],[5.3730233,43.2978723],[5.3730858,43.2977957],[5.3731753,43.2977949]]]}},{"type":"Feature","properties":{"osm_id":"way/67708912","name":null,"building":"apartments","highway":null,"tourism":null,"historic":null,"amenity":null,"height_m":22.400000000000002,"height_source":"osm","levels":"7","source":"OpenStreetMap"},"geometry":{"type":"Polygon","coordinates":[[[5.3726676,43.29887],[5.3726278,43.2989195],[5.3725918,43.2989642],[5.3722526,43.2988181],[5.3722914,43.2987697],[5.3723291,43.2987228],[5.3726676,43.29887]]]}},{"type":"Feature","properties":{"osm_id":"way/67708924","name":null,"building":"apartments","highway":null,"tourism":null,"historic":null,"amenity":null,"height_m":22.400000000000002,"height_source":"osm","levels":"7","source":"OpenStreetMap"},"geometry":{"type":"Polygon","coordinates":[[[5.3736506,43.297544],[5.3736548,43.2976817],[5.373495,43.2976827],[5.3734938,43.2975932],[5.3735276,43.2975925],[5.373529,43.2975511],[5.3735265,43.2975467],[5.3736286,43.2975445],[5.3736506,43.297544]]]}},{"type":"Feature","properties":{"osm_id":"way/67708975","name":null,"building":"retail","highway":null,"tourism":null,"historic":null,"amenity":null,"height_m":19.200000000000003,"height_source":"osm","levels":"6","source":"OpenStreetMap"},"geometry":{"type":"Polygon","coordinates":[[[5.3741442,43.2927189],[5.374194,43.2926037],[5.3741955,43.2926017],[5.3742311,43.2925207],[5.3743691,43.292553],[5.3742815,43.292751],[5.3741643,43.2927236],[5.3741442,43.2927189]]]}},{"type":"Feature","properties":{"osm_id":"way/67708998","name":null,"building":"apartments","highway":null,"tourism":null,"historic":null,"amenity":null,"height_m":22.400000000000002,"height_source":"osm","levels":"7","source":"OpenStreetMap"},"geometry":{"type":"Polygon","coordinates":[[[5.3738812,43.2968244],[5.373978,43.2968675],[5.3740074,43.29688],[5.374016,43.296922],[5.37398,43.2969257],[5.3739416,43.2969309],[5.373879,43.2969529],[5.3737997,43.2969251],[5.3738376,43.2968783],[5.3738812,43.2968244]]]}},{"type":"Feature","properties":{"osm_id":"way/67709131","name":null,"building":"yes","highway":null,"tourism":null,"historic":null,"amenity":null,"height_m":22.400000000000002,"height_source":"osm","levels":"7","source":"OpenStreetMap"},"geometry":{"type":"Polygon","coordinates":[[[5.3738459,43.2931271],[5.3736917,43.2930905],[5.3737202,43.2930255],[5.3737465,43.2929657],[5.3738979,43.2929997],[5.3738459,43.2931271]]]}},{"type":"Feature","properties":{"osm_id":"way/67709158","name":null,"building":"yes","highway":null,"tourism":null,"historic":null,"amenity":null,"height_m":19.200000000000003,"height_source":"osm","levels":"6","source":"OpenStreetMap"},"geometry":{"type":"Polygon","coordinates":[[[5.3745307,43.2941058],[5.3745036,43.2940986],[5.3744621,43.2940877],[5.374422,43.2940771],[5.3743751,43.2940647],[5.3743493,43.2940579],[5.3743868,43.2939672],[5.374536,43.2940032],[5.374566,43.2940105],[5.3745694,43.2940115],[5.3745307,43.2941058]]]}},{"type":"Feature","properties":{"osm_id":"way/67709312","name":null,"building":"yes","highway":null,"tourism":null,"historic":null,"amenity":null,"height_m":19.200000000000003,"height_source":"osm","levels":"6","source":"OpenStreetMap"},"geometry":{"type":"Polygon","coordinates":[[[5.3742012,43.2934245],[5.3740732,43.293396],[5.3741359,43.2932441],[5.3742621,43.2932737],[5.3742282,43.2933576],[5.3742012,43.2934245]]]}},{"type":"Feature","properties":{"osm_id":"way/67709369","name":null,"building":"yes","highway":null,"tourism":null,"historic":null,"amenity":null,"height_m":10,"height_source":"default","levels":null,"source":"OpenStreetMap"},"geometry":{"type":"Polygon","coordinates":[[[5.3731253,43.2934836],[5.3731165,43.2935027],[5.373154,43.2935115],[5.3731416,43.2935399],[5.3730375,43.2935174],[5.3729327,43.2934948],[5.3729386,43.2934815],[5.3729393,43.2934798],[5.372947,43.2934616],[5.3729547,43.2934437],[5.3730334,43.2934621],[5.3731253,43.2934836]]]}},{"type":"Feature","properties":{"osm_id":"way/67709463","name":null,"building":"apartments","highway":null,"tourism":null,"historic":null,"amenity":null,"height_m":19.200000000000003,"height_source":"osm","levels":"6","source":"OpenStreetMap"},"geometry":{"type":"Polygon","coordinates":[[[5.3714388,43.2926872],[5.3716345,43.292734],[5.371621,43.2927644],[5.3715857,43.2928444],[5.3715508,43.2929233],[5.3715447,43.2929371],[5.3713504,43.2928917],[5.3714388,43.2926872]]]}},{"type":"Feature","properties":{"osm_id":"way/67709485","name":null,"building":"roof","highway":null,"tourism":null,"historic":null,"amenity":null,"height_m":10,"height_source":"default","levels":null,"source":"OpenStreetMap"},"geometry":{"type":"Polygon","coordinates":[[[5.3734242,43.2983533],[5.373423,43.2983649],[5.373348,43.2983612],[5.3733486,43.298349],[5.3734242,43.2983533]]]}},{"type":"Feature","properties":{"osm_id":"way/67709546","name":null,"building":"yes","highway":null,"tourism":null,"historic":null,"amenity":null,"height_m":10,"height_source":"default","levels":null,"source":"OpenStreetMap"},"geometry":{"type":"Polygon","coordinates":[[[5.3733449,43.2993786],[5.3734142,43.299373],[5.3735898,43.2993617],[5.3736051,43.29947],[5.3734675,43.2994446],[5.3733505,43.2994231],[5.3733449,43.2993786]]]}},{"type":"Feature","properties":{"osm_id":"way/67709549","name":null,"building":"yes","highway":null,"tourism":null,"historic":null,"amenity":null,"height_m":19.200000000000003,"height_source":"osm","levels":"6","source":"OpenStreetMap"},"geometry":{"type":"Polygon","coordinates":[[[5.3718512,43.293182],[5.3718555,43.2931722],[5.371873,43.2931322],[5.3720082,43.2931639],[5.3719859,43.2932145],[5.3718512,43.293182]]]}},{"type":"Feature","properties":{"osm_id":"way/67709579","name":null,"building":"yes","highway":null,"tourism":null,"historic":null,"amenity":null,"height_m":22.400000000000002,"height_source":"osm","levels":"7","source":"OpenStreetMap"},"geometry":{"type":"Polygon","coordinates":[[[5.3736286,43.2975445],[5.3735265,43.2975467],[5.3735173,43.2975323],[5.3735815,43.2974567],[5.3735831,43.2974542],[5.3736041,43.2974635],[5.3735829,43.2974891],[5.3736286,43.2975445]]]}},{"type":"Feature","properties":{"osm_id":"way/67709659","name":null,"building":"apartments","highway":null,"tourism":null,"historic":null,"amenity":null,"height_m":22.400000000000002,"height_source":"osm","levels":"7","source":"OpenStreetMap"},"geometry":{"type":"Polygon","coordinates":[[[5.3744019,43.2964732],[5.3743425,43.2965457],[5.3743158,43.2965341],[5.374295,43.2965604],[5.3743209,43.2965718],[5.3742959,43.2966035],[5.3742414,43.2965778],[5.3742156,43.2965651],[5.3741282,43.2965232],[5.3741717,43.2964699],[5.3742199,43.2964108],[5.3744019,43.2964732]]]}},{"type":"Feature","properties":{"osm_id":"way/67709734","name":null,"building":"yes","highway":null,"tourism":null,"historic":null,"amenity":null,"height_m":3.2,"height_source":"osm","levels":"1","source":"OpenStreetMap"},"geometry":{"type":"Polygon","coordinates":[[[5.3737704,43.2971899],[5.3737727,43.2972224],[5.3737732,43.2972505],[5.3737556,43.2972512],[5.3737311,43.2972525],[5.3736954,43.2972358],[5.3737123,43.2972127],[5.3737072,43.2972099],[5.37374,43.2971749],[5.3737704,43.2971899]]]}},{"type":"Feature","properties":{"osm_id":"way/67709942","name":null,"building":"yes","highway":null,"tourism":null,"historic":null,"amenity":null,"height_m":22.400000000000002,"height_source":"osm","levels":"7","source":"OpenStreetMap"},"geometry":{"type":"Polygon","coordinates":[[[5.3743078,43.2931638],[5.37421,43.2931413],[5.374237,43.2930786],[5.3743339,43.2931013],[5.3743222,43.2931293],[5.374317,43.2931417],[5.3743078,43.2931638]]]}},{"type":"Feature","properties":{"osm_id":"way/67709965","name":null,"building":"yes","highway":null,"tourism":null,"historic":null,"amenity":null,"height_m":10,"height_source":"default","levels":null,"source":"OpenStreetMap"},"geometry":{"type":"Polygon","coordinates":[[[5.373741,43.293723],[5.3737433,43.2937169],[5.3737632,43.2936716],[5.3739111,43.2937081],[5.3738952,43.293747],[5.3739004,43.2937482],[5.3738993,43.2937508],[5.3738959,43.2937603],[5.373741,43.293723]]]}},{"type":"Feature","properties":{"osm_id":"way/67710016","name":null,"building":"apartments","highway":null,"tourism":null,"historic":null,"amenity":null,"height_m":16,"height_source":"osm","levels":"5","source":"OpenStreetMap"},"geometry":{"type":"Polygon","coordinates":[[[5.3727211,43.2932536],[5.3726717,43.2933684],[5.3726674,43.2933777],[5.3726671,43.2933801],[5.3726237,43.2933699],[5.3725848,43.2934568],[5.3723912,43.2934082],[5.3724003,43.2933873],[5.3724179,43.2933464],[5.3724443,43.2932855],[5.372475,43.2932146],[5.3724823,43.2931978],[5.3725664,43.2932171],[5.372642,43.2932346],[5.3727211,43.2932536]]]}},{"type":"Feature","properties":{"osm_id":"way/67710059","name":null,"building":"roof","highway":null,"tourism":null,"historic":null,"amenity":null,"height_m":10,"height_source":"default","levels":null,"source":"OpenStreetMap"},"geometry":{"type":"Polygon","coordinates":[[[5.3738409,43.2981889],[5.373841,43.2982607],[5.373833,43.2982605],[5.3738327,43.2982639],[5.3738052,43.2982619],[5.3737833,43.2982541],[5.3737855,43.2982366],[5.3738225,43.2982297],[5.3738188,43.2982141],[5.3738144,43.2982146],[5.3738172,43.2981879],[5.3738409,43.2981889]]]}},{"type":"Feature","properties":{"osm_id":"way/67710088","name":null,"building":"yes","highway":null,"tourism":null,"historic":null,"amenity":null,"height_m":16,"height_source":"osm","levels":"5","source":"OpenStreetMap"},"geometry":{"type":"Polygon","coordinates":[[[5.3721466,43.2931196],[5.3720809,43.2932859],[5.3720493,43.293278],[5.3720608,43.2932504],[5.3720059,43.2932386],[5.3720139,43.2932215],[5.3720359,43.2931699],[5.3720656,43.2931007],[5.372114,43.293112],[5.3721466,43.2931196]]]}},{"type":"Feature","properties":{"osm_id":"way/67710105","name":null,"building":"office","highway":null,"tourism":null,"historic":null,"amenity":null,"height_m":35.2,"height_source":"osm","levels":"11","source":"OpenStreetMap"},"geometry":{"type":"Polygon","coordinates":[[[5.374282,43.2985514],[5.3742812,43.2984755],[5.3742659,43.2984743],[5.3742647,43.2983427],[5.3742799,43.2983417],[5.374431,43.2983409],[5.3744467,43.2983412],[5.3744468,43.2984727],[5.374431,43.2984725],[5.3744328,43.2985501],[5.374282,43.2985514]]]}},{"type":"Feature","properties":{"osm_id":"way/67710110","name":null,"building":"yes","highway":null,"tourism":null,"historic":null,"amenity":null,"height_m":10,"height_source":"default","levels":null,"source":"OpenStreetMap"},"geometry":{"type":"Polygon","coordinates":[[[5.3737433,43.2937169],[5.3735819,43.293676],[5.3736183,43.2935918],[5.3737089,43.2936139],[5.3737796,43.293631],[5.3737632,43.2936716],[5.3737433,43.2937169]]]}},{"type":"Feature","properties":{"osm_id":"way/67710132","name":null,"building":"apartments","highway":null,"tourism":null,"historic":null,"amenity":null,"height_m":22.400000000000002,"height_source":"osm","levels":"7","source":"OpenStreetMap"},"geometry":{"type":"Polygon","coordinates":[[[5.3730891,43.2979742],[5.3730977,43.2979174],[5.3731233,43.2979179],[5.3731289,43.297916],[5.3731356,43.2979086],[5.3731381,43.2978852],[5.3731745,43.2978864],[5.3731737,43.2979777],[5.3731236,43.2979756],[5.3730891,43.2979742]]]}},{"type":"Feature","properties":{"osm_id":"way/67713476","name":null,"building":"yes","highway":null,"tourism":null,"historic":null,"amenity":null,"height_m":10,"height_source":"default","levels":null,"source":"OpenStreetMap"},"geometry":{"type":"Polygon","coordinates":[[[5.3722708,43.2974212],[5.3721583,43.2973716],[5.3720979,43.2973683],[5.3721037,43.2973043],[5.3722352,43.2973114],[5.372328,43.2973512],[5.3722975,43.2973885],[5.3722708,43.2974212]]]}},{"type":"Feature","properties":{"osm_id":"way/67713479","name":null,"building":"apartments","highway":null,"tourism":null,"historic":null,"amenity":null,"height_m":10,"height_source":"default","levels":null,"source":"OpenStreetMap"},"geometry":{"type":"Polygon","coordinates":[[[5.3667114,43.2984854],[5.3667037,43.2984574],[5.3666986,43.2984391],[5.3667052,43.2984384],[5.3667075,43.2984405],[5.3668333,43.2984232],[5.3668441,43.2984673],[5.3667114,43.2984854]]]}},{"type":"Feature","properties":{"osm_id":"way/67713483","name":null,"building":"yes","highway":null,"tourism":null,"historic":null,"amenity":null,"height_m":10,"height_source":"default","levels":null,"source":"OpenStreetMap"},"geometry":{"type":"Polygon","coordinates":[[[5.3692092,43.2994227],[5.3693213,43.2994185],[5.3693365,43.2994544],[5.3693398,43.2994642],[5.3692251,43.299468],[5.3692146,43.2994381],[5.3692092,43.2994227]]]}},{"type":"Feature","properties":{"osm_id":"way/67713491","name":null,"building":"roof","highway":null,"tourism":null,"historic":null,"amenity":null,"height_m":10,"height_source":"default","levels":null,"source":"OpenStreetMap"},"geometry":{"type":"Polygon","coordinates":[[[5.3706829,43.2980387],[5.3707135,43.2980917],[5.3707843,43.2982145],[5.3707679,43.2982195],[5.3707607,43.2982218],[5.3706437,43.2980191],[5.3706375,43.2980075],[5.370661,43.2979998],[5.3706829,43.2980387]]]}},{"type":"Feature","properties":{"osm_id":"way/67713504","name":null,"building":"yes","highway":null,"tourism":null,"historic":null,"amenity":null,"height_m":10,"height_source":"default","levels":null,"source":"OpenStreetMap"},"geometry":{"type":"Polygon","coordinates":[[[5.3706581,43.2967725],[5.3706821,43.2966502],[5.3707397,43.2966563],[5.3710653,43.2966906],[5.3712427,43.2967092],[5.3714645,43.2967324],[5.3715451,43.2967407],[5.3715352,43.2967926],[5.3715871,43.2967991],[5.3715734,43.2968672],[5.3714429,43.2968539],[5.3713873,43.2968481],[5.3710876,43.2968171],[5.3708627,43.2967937],[5.3706856,43.2967753],[5.3706581,43.2967725]]]}},{"type":"Feature","properties":{"osm_id":"way/67713508","name":null,"building":"yes","highway":null,"tourism":null,"historic":null,"amenity":null,"height_m":10,"height_source":"default","levels":null,"source":"OpenStreetMap"},"geometry":{"type":"Polygon","coordinates":[[[5.3658791,43.2978732],[5.3660125,43.2978605],[5.3660246,43.2979072],[5.3658932,43.2979208],[5.3658868,43.2978991],[5.3658791,43.2978732]]]}},{"type":"Feature","properties":{"osm_id":"way/67713513","name":null,"building":"yes","highway":null,"tourism":null,"historic":null,"amenity":null,"height_m":10,"height_source":"default","levels":null,"source":"OpenStreetMap"},"geometry":{"type":"Polygon","coordinates":[[[5.3662618,43.2977491],[5.3662702,43.2978117],[5.366177,43.2978197],[5.3661521,43.2977531],[5.3662197,43.2977506],[5.3662618,43.2977491]]]}},{"type":"Feature","properties":{"osm_id":"way/67713515","name":null,"building":"yes","highway":null,"tourism":null,"historic":null,"amenity":null,"height_m":22.400000000000002,"height_source":"osm","levels":"7","source":"OpenStreetMap"},"geometry":{"type":"Polygon","coordinates":[[[5.3729337,43.2969982],[5.3729313,43.296971],[5.3729289,43.2969444],[5.3730249,43.2969343],[5.3730318,43.2969904],[5.3729337,43.2969982]]]}},{"type":"Feature","properties":{"osm_id":"way/67713518","name":null,"building":"apartments","highway":null,"tourism":null,"historic":null,"amenity":null,"height_m":10,"height_source":"default","levels":null,"source":"OpenStreetMap"},"geometry":{"type":"Polygon","coordinates":[[[5.366776,43.2982845],[5.3668154,43.2983796],[5.366758,43.2983863],[5.3667249,43.2982913],[5.366759,43.2982868],[5.366776,43.2982845]]]}},{"type":"Feature","properties":{"osm_id":"way/67713519","name":null,"building":"yes","highway":null,"tourism":null,"historic":null,"amenity":null,"height_m":10,"height_source":"default","levels":null,"source":"OpenStreetMap"},"geometry":{"type":"Polygon","coordinates":[[[5.3667619,43.297429],[5.3667653,43.2974906],[5.3667321,43.2974926],[5.366728,43.2974315],[5.3667619,43.297429]]]}},{"type":"Feature","properties":{"osm_id":"way/67713522","name":null,"building":"apartments","highway":null,"tourism":null,"historic":null,"amenity":null,"height_m":10,"height_source":"default","levels":null,"source":"OpenStreetMap"},"geometry":{"type":"Polygon","coordinates":[[[5.370178,43.2994212],[5.3701762,43.2993893],[5.3701581,43.2993882],[5.3701563,43.2993319],[5.3701941,43.2993346],[5.3702116,43.2993359],[5.370218,43.2993934],[5.3702371,43.299394],[5.3702399,43.2994227],[5.3702375,43.2994229],[5.370178,43.2994212]]]}},{"type":"Feature","properties":{"osm_id":"way/67713528","name":null,"building":"yes","highway":null,"tourism":null,"historic":null,"amenity":null,"height_m":10,"height_source":"default","levels":null,"source":"OpenStreetMap"},"geometry":{"type":"Polygon","coordinates":[[[5.3677179,43.29846],[5.3677097,43.298443],[5.367754,43.2984308],[5.3677666,43.2984589],[5.3677685,43.2984641],[5.3677494,43.298469],[5.3677247,43.2984759],[5.367741,43.2985061],[5.3677421,43.2985087],[5.3676322,43.2985375],[5.3676181,43.2985109],[5.367607,43.29849],[5.3677179,43.29846]]]}},{"type":"Feature","properties":{"osm_id":"way/67713530","name":"Hôtel de Cabre","building":"yes","highway":null,"tourism":null,"historic":"yes","amenity":null,"height_m":10,"height_source":"default","levels":null,"source":"OpenStreetMap"},"geometry":{"type":"Polygon","coordinates":[[[5.3713184,43.2976519],[5.3713358,43.2975706],[5.371435,43.2975795],[5.3714192,43.2976624],[5.3713184,43.2976519]]]}},{"type":"Feature","properties":{"osm_id":"way/67713533","name":null,"building":"yes","highway":null,"tourism":null,"historic":null,"amenity":null,"height_m":10,"height_source":"default","levels":null,"source":"OpenStreetMap"},"geometry":{"type":"Polygon","coordinates":[[[5.3688356,43.2986163],[5.3687836,43.2985632],[5.3688565,43.2985248],[5.3688914,43.2985614],[5.3689093,43.2985801],[5.3688356,43.2986163]]]}},{"type":"Feature","properties":{"osm_id":"way/67713537","name":null,"building":"yes","highway":null,"tourism":null,"historic":null,"amenity":null,"height_m":10,"height_source":"default","levels":null,"source":"OpenStreetMap"},"geometry":{"type":"Polygon","coordinates":[[[5.3681795,43.2990699],[5.3680608,43.2990957],[5.368035,43.2990431],[5.3680387,43.2990424],[5.3681699,43.2990127],[5.3681764,43.2990512],[5.3681795,43.2990699]]]}},{"type":"Feature","properties":{"osm_id":"way/67713539","name":null,"building":"yes","highway":null,"tourism":null,"historic":null,"amenity":null,"height_m":10,"height_source":"default","levels":null,"source":"OpenStreetMap"},"geometry":{"type":"Polygon","coordinates":[[[5.3617755,43.2950724],[5.3620577,43.2949475],[5.3620113,43.2948929],[5.3620219,43.2948836],[5.3620786,43.2949514],[5.3619827,43.2949938],[5.3619625,43.2950028],[5.3619014,43.2950309],[5.3617845,43.2950824],[5.3617755,43.2950724]]]}},{"type":"Feature","properties":{"osm_id":"way/67713545","name":null,"building":"yes","highway":null,"tourism":null,"historic":null,"amenity":null,"height_m":10,"height_source":"default","levels":null,"source":"OpenStreetMap"},"geometry":{"type":"Polygon","coordinates":[[[5.3672063,43.297989],[5.3672313,43.298038],[5.3672464,43.2980673],[5.3671917,43.2980775],[5.3671491,43.297997],[5.3671818,43.2979924],[5.3672063,43.297989]]]}},{"type":"Feature","properties":{"osm_id":"way/67713550","name":null,"building":"yes","highway":null,"tourism":null,"historic":null,"amenity":null,"height_m":10,"height_source":"default","levels":null,"source":"OpenStreetMap"},"geometry":{"type":"Polygon","coordinates":[[[5.3662343,43.2989469],[5.3664121,43.2989085],[5.3664266,43.2989537],[5.36625,43.2989915],[5.3662387,43.2989593],[5.3662343,43.2989469]]]}},{"type":"Feature","properties":{"osm_id":"way/67713551","name":null,"building":"apartments","highway":null,"tourism":null,"historic":null,"amenity":null,"height_m":12.8,"height_source":"osm","levels":"4","source":"OpenStreetMap"},"geometry":{"type":"Polygon","coordinates":[[[5.3659618,43.297299],[5.366044,43.2973044],[5.3660415,43.297342],[5.3660041,43.2973543],[5.3659739,43.2973642],[5.3659387,43.297365],[5.3659618,43.297299]]]}},{"type":"Feature","properties":{"osm_id":"way/67713553","name":null,"building":"yes","highway":null,"tourism":null,"historic":null,"amenity":null,"height_m":3.2,"height_source":"osm","levels":"1","source":"OpenStreetMap"},"geometry":{"type":"Polygon","coordinates":[[[5.3726323,43.2975525],[5.3725994,43.2975178],[5.372699,43.2973938],[5.3727443,43.2974131],[5.3727415,43.2974171],[5.3726634,43.2975148],[5.3726323,43.2975525]]]}},{"type":"Feature","properties":{"osm_id":"way/67713556","name":"13 Habitat : La Cathédrale","building":"apartments","highway":null,"tourism":null,"historic":null,"amenity":null,"height_m":10,"height_source":"default","levels":null,"source":"OpenStreetMap"},"geometry":{"type":"Polygon","coordinates":[[[5.3655314,43.2985105],[5.3655461,43.2985786],[5.3653471,43.2985959],[5.3653532,43.2985557],[5.3653576,43.2985262],[5.3655314,43.2985105]]]}},{"type":"Feature","properties":{"osm_id":"way/67713567","name":null,"building":"yes","highway":null,"tourism":null,"historic":null,"amenity":null,"height_m":10,"height_source":"default","levels":null,"source":"OpenStreetMap"},"geometry":{"type":"Polygon","coordinates":[[[5.3674543,43.2984398],[5.3674106,43.2983557],[5.3674781,43.2983403],[5.3675037,43.2983926],[5.3675193,43.2984244],[5.3674543,43.2984398]]]}},{"type":"Feature","properties":{"osm_id":"way/67713568","name":null,"building":"yes","highway":null,"tourism":null,"historic":null,"amenity":null,"height_m":10,"height_source":"default","levels":null,"source":"OpenStreetMap"},"geometry":{"type":"Polygon","coordinates":[[[5.3651493,43.2976794],[5.3652157,43.2976691],[5.3652228,43.2976681],[5.3652425,43.2977522],[5.3651927,43.2977556],[5.3651656,43.2977574],[5.3651493,43.2976794]]]}},{"type":"Feature","properties":{"osm_id":"way/67713574","name":null,"building":"yes","highway":null,"tourism":null,"historic":null,"amenity":null,"height_m":10,"height_source":"default","levels":null,"source":"OpenStreetMap"},"geometry":{"type":"Polygon","coordinates":[[[5.3685392,43.2983303],[5.3685685,43.2983709],[5.3685537,43.2983795],[5.3685431,43.2983851],[5.3685366,43.2983887],[5.3685333,43.2983912],[5.3684985,43.2983514],[5.3685392,43.2983303]]]}},{"type":"Feature","properties":{"osm_id":"way/67713579","name":null,"building":"yes","highway":null,"tourism":null,"historic":null,"amenity":null,"height_m":10,"height_source":"default","levels":null,"source":"OpenStreetMap"},"geometry":{"type":"Polygon","coordinates":[[[5.361972,43.2947895],[5.3620303,43.2947804],[5.362034,43.2947984],[5.3619832,43.2948069],[5.3618769,43.2948855],[5.3619045,43.2949217],[5.3614324,43.2951252],[5.3611059,43.2955111],[5.3610874,43.2955138],[5.361045,43.2955254],[5.3610073,43.2955434],[5.3609754,43.2955669],[5.3609513,43.2955948],[5.3609362,43.2956259],[5.3609306,43.2956587],[5.3609348,43.2956916],[5.3609488,43.295723],[5.3609714,43.2957514],[5.361002,43.2957757],[5.3610392,43.2957945],[5.3610811,43.2958063],[5.3612027,43.2961117],[5.3615691,43.2960554],[5.361577,43.2960458],[5.3616001,43.2960568],[5.3615871,43.2960714],[5.3615076,43.2960831],[5.3612343,43.2961235],[5.3611825,43.2961314],[5.3611711,43.2960986],[5.3610618,43.2958214],[5.3610378,43.2958123],[5.3609983,43.2957951],[5.3609639,43.2957708],[5.3609368,43.2957418],[5.3609186,43.2957094],[5.3609099,43.2956749],[5.3609067,43.2956622],[5.3609108,43.29564],[5.3609214,43.2956058],[5.3609281,43.2955883],[5.3609543,43.2955562],[5.3609841,43.2955318],[5.3610244,43.295512],[5.3610472,43.295505],[5.3610927,43.295494],[5.3612108,43.2953546],[5.3614157,43.2951134],[5.3618709,43.2949147],[5.3618449,43.2948822],[5.361972,43.2947895]]]}},{"type":"Feature","properties":{"osm_id":"way/67713583","name":null,"building":"yes","highway":null,"tourism":null,"historic":null,"amenity":null,"height_m":10,"height_source":"default","levels":null,"source":"OpenStreetMap"},"geometry":{"type":"Polygon","coordinates":[[[5.3686389,43.2995448],[5.3686383,43.2995435],[5.3686359,43.2995185],[5.3686346,43.2995044],[5.3687467,43.2994993],[5.3687477,43.2995056],[5.3687498,43.2995394],[5.3686389,43.2995448]]]}},{"type":"Feature","properties":{"osm_id":"way/67713593","name":null,"building":"yes","highway":null,"tourism":null,"historic":null,"amenity":null,"height_m":10,"height_source":"default","levels":null,"source":"OpenStreetMap"},"geometry":{"type":"Polygon","coordinates":[[[5.3725532,43.2967179],[5.372563,43.2966642],[5.3725731,43.2966082],[5.372622,43.296614],[5.3726186,43.2966343],[5.3726136,43.2966613],[5.3726618,43.2966675],[5.3726642,43.2966679],[5.3726544,43.2967297],[5.3725951,43.2967228],[5.3725532,43.2967179]]]}},{"type":"Feature","properties":{"osm_id":"way/67713596","name":null,"building":"yes","highway":null,"tourism":null,"historic":null,"amenity":null,"height_m":10,"height_source":"default","levels":null,"source":"OpenStreetMap"},"geometry":{"type":"Polygon","coordinates":[[[5.3651563,43.2979002],[5.3651641,43.2978992],[5.3652192,43.2978936],[5.3652574,43.2978894],[5.3652579,43.2979833],[5.3652103,43.2979858],[5.3651559,43.2979886],[5.3651563,43.2979002]]]}},{"type":"Feature","properties":{"osm_id":"way/67713606","name":null,"building":"apartments","highway":null,"tourism":null,"historic":null,"amenity":null,"height_m":10,"height_source":"default","levels":null,"source":"OpenStreetMap"},"geometry":{"type":"Polygon","coordinates":[[[5.3662617,43.2982258],[5.3661724,43.2982385],[5.3661533,43.298181],[5.3661683,43.2981769],[5.3662386,43.2981609],[5.3662617,43.2982258]]]}},{"type":"Feature","properties":{"osm_id":"way/67713607","name":null,"building":"yes","highway":null,"tourism":null,"historic":null,"amenity":null,"height_m":10,"height_source":"default","levels":null,"source":"OpenStreetMap"},"geometry":{"type":"Polygon","coordinates":[[[5.3677058,43.2979515],[5.3677371,43.2979708],[5.3677285,43.2979762],[5.3676992,43.2979577],[5.3677058,43.2979515]]]}},{"type":"Feature","properties":{"osm_id":"way/67713613","name":null,"building":"apartments","highway":null,"tourism":null,"historic":null,"amenity":null,"height_m":16,"height_source":"osm","levels":"5","source":"OpenStreetMap"},"geometry":{"type":"Polygon","coordinates":[[[5.3690275,43.2973056],[5.3690837,43.2972231],[5.3690937,43.2972265],[5.369111,43.2971961],[5.3691958,43.2970474],[5.3692132,43.2970169],[5.3692583,43.2970267],[5.3693707,43.2970537],[5.3693705,43.297055],[5.3693469,43.2970964],[5.3692522,43.2972622],[5.3691924,43.2973669],[5.3691129,43.2973374],[5.3690275,43.2973056]]]}},{"type":"Feature","properties":{"osm_id":"way/67713618","name":null,"building":"yes","highway":null,"tourism":null,"historic":null,"amenity":null,"height_m":10,"height_source":"default","levels":null,"source":"OpenStreetMap"},"geometry":{"type":"Polygon","coordinates":[[[5.3648482,43.295501],[5.3648688,43.2955255],[5.3647343,43.2955853],[5.3647142,43.2955601],[5.3648482,43.295501]]]}},{"type":"Feature","properties":{"osm_id":"way/67713628","name":null,"building":"yes","highway":null,"tourism":null,"historic":null,"amenity":null,"height_m":10,"height_source":"default","levels":null,"source":"OpenStreetMap"},"geometry":{"type":"Polygon","coordinates":[[[5.3668703,43.2991349],[5.3668616,43.2991364],[5.3668603,43.2991351],[5.3667422,43.2991487],[5.3666226,43.2991632],[5.3666194,43.2991634],[5.3666041,43.2991172],[5.3665922,43.2990811],[5.3668427,43.2990419],[5.3668703,43.2991349]]]}},{"type":"Feature","properties":{"osm_id":"way/67713629","name":null,"building":"apartments","highway":null,"tourism":null,"historic":null,"amenity":null,"height_m":10,"height_source":"default","levels":null,"source":"OpenStreetMap"},"geometry":{"type":"Polygon","coordinates":[[[5.3671407,43.2968991],[5.3671399,43.2969718],[5.3671254,43.296975],[5.3670808,43.2969737],[5.3670817,43.2968923],[5.3671161,43.2968963],[5.3671407,43.2968991]]]}},{"type":"Feature","properties":{"osm_id":"way/67713631","name":null,"building":"yes","highway":null,"tourism":null,"historic":null,"amenity":null,"height_m":19.200000000000003,"height_source":"osm","levels":"6","source":"OpenStreetMap"},"geometry":{"type":"Polygon","coordinates":[[[5.3730225,43.2965626],[5.3730134,43.2965105],[5.3730641,43.2964966],[5.3731058,43.2964852],[5.3731129,43.2965017],[5.373117,43.2965574],[5.3730225,43.2965626]]]}},{"type":"Feature","properties":{"osm_id":"way/67713635","name":null,"building":"yes","highway":null,"tourism":null,"historic":null,"amenity":null,"height_m":10,"height_source":"default","levels":null,"source":"OpenStreetMap"},"geometry":{"type":"Polygon","coordinates":[[[5.3650961,43.2978073],[5.3650995,43.2979069],[5.3650391,43.2979128],[5.3650313,43.2978131],[5.3650667,43.2978099],[5.3650961,43.2978073]]]}},{"type":"Feature","properties":{"osm_id":"way/67713645","name":null,"building":"apartments","highway":null,"tourism":null,"historic":null,"amenity":null,"height_m":10,"height_source":"default","levels":null,"source":"OpenStreetMap"},"geometry":{"type":"Polygon","coordinates":[[[5.3659855,43.2984081],[5.3658602,43.2984266],[5.3658201,43.298433],[5.3657539,43.2984422],[5.3657488,43.298424],[5.3657446,43.2983999],[5.3657483,43.2983992],[5.3658084,43.298391],[5.3659729,43.2983682],[5.3659805,43.2983922],[5.3659855,43.2984081]]]}},{"type":"Feature","properties":{"osm_id":"way/67713646","name":null,"building":"yes","highway":null,"tourism":null,"historic":null,"amenity":null,"height_m":10,"height_source":"default","levels":null,"source":"OpenStreetMap"},"geometry":{"type":"Polygon","coordinates":[[[5.3674185,43.297803],[5.3674066,43.2977929],[5.3674034,43.2977798],[5.3674079,43.2977693],[5.3674196,43.2977624],[5.3674279,43.2977613],[5.3674288,43.2977586],[5.3674382,43.2977313],[5.367506,43.297746],[5.3675668,43.2977591],[5.3674982,43.297845],[5.3674943,43.2978497],[5.3674304,43.2978302],[5.3674189,43.2978075],[5.3674185,43.297803]]]}},{"type":"Feature","properties":{"osm_id":"way/67713657","name":"Hôtel de Ville","building":"public","highway":null,"tourism":null,"historic":null,"amenity":null,"height_m":16,"height_source":"osm","levels":"5","source":"OpenStreetMap"},"geometry":{"type":"Polygon","coordinates":[[[5.3692392,43.2974931],[5.369244,43.2974826],[5.3692457,43.2974831],[5.3694549,43.2971211],[5.3694529,43.2971207],[5.3694593,43.2971103],[5.3694775,43.2971128],[5.3694769,43.2971146],[5.3696387,43.2971405],[5.3696396,43.2971392],[5.3696541,43.2971418],[5.3696494,43.2971527],[5.3696484,43.2971522],[5.3694858,43.2975533],[5.369488,43.2975536],[5.369487,43.2975581],[5.3694835,43.2975641],[5.3694685,43.2975598],[5.3694691,43.297558],[5.3694308,43.2975476],[5.3694296,43.2975489],[5.3694257,43.2975481],[5.3694245,43.2975494],[5.3692937,43.2975104],[5.3692949,43.2975087],[5.3692904,43.2975073],[5.3692911,43.2975064],[5.3692528,43.2974956],[5.3692516,43.297497],[5.3692392,43.2974931]]]}},{"type":"Feature","properties":{"osm_id":"way/67713660","name":null,"building":"apartments","highway":null,"tourism":null,"historic":null,"amenity":null,"height_m":10,"height_source":"default","levels":null,"source":"OpenStreetMap"},"geometry":{"type":"Polygon","coordinates":[[[5.3689048,43.2987407],[5.368929,43.2987831],[5.3689536,43.2988244],[5.3689342,43.2988288],[5.3688992,43.298835],[5.3688434,43.2987526],[5.3689048,43.2987407]]]}},{"type":"Feature","properties":{"osm_id":"way/67713666","name":null,"building":"yes","highway":null,"tourism":null,"historic":null,"amenity":null,"height_m":16,"height_source":"osm","levels":"5","source":"OpenStreetMap"},"geometry":{"type":"Polygon","coordinates":[[[5.3675553,43.2992789],[5.3676138,43.2992726],[5.3676154,43.2992743],[5.3676363,43.2993646],[5.3676045,43.2993666],[5.3675811,43.299368],[5.3675553,43.2992789]]]}},{"type":"Feature","properties":{"osm_id":"way/67713673","name":null,"building":"apartments","highway":null,"tourism":null,"historic":null,"amenity":null,"height_m":10,"height_source":"default","levels":null,"source":"OpenStreetMap"},"geometry":{"type":"Polygon","coordinates":[[[5.3684699,43.2992977],[5.3684455,43.2991831],[5.3684521,43.2991817],[5.368452,43.2991799],[5.3684793,43.2991761],[5.3684954,43.299175],[5.3684962,43.2991767],[5.3685311,43.299293],[5.3684905,43.2992961],[5.3684699,43.2992977]]]}},{"type":"Feature","properties":{"osm_id":"way/67713674","name":null,"building":"yes","highway":null,"tourism":null,"historic":null,"amenity":null,"height_m":10,"height_source":"default","levels":null,"source":"OpenStreetMap"},"geometry":{"type":"Polygon","coordinates":[[[5.3648866,43.2981673],[5.3649754,43.2981655],[5.3650462,43.2981632],[5.3650504,43.2981631],[5.3650498,43.2982101],[5.364901,43.2982166],[5.3648913,43.2981835],[5.3648866,43.2981673]]]}},{"type":"Feature","properties":{"osm_id":"way/67713675","name":null,"building":"yes","highway":null,"tourism":null,"historic":null,"amenity":null,"height_m":10,"height_source":"default","levels":null,"source":"OpenStreetMap"},"geometry":{"type":"Polygon","coordinates":[[[5.3676193,43.2975626],[5.3676732,43.2975585],[5.3676925,43.2975567],[5.3677075,43.2976529],[5.367658,43.2976569],[5.3676389,43.2976584],[5.3676193,43.2975626]]]}},{"type":"Feature","properties":{"osm_id":"way/67713692","name":null,"building":"yes","highway":null,"tourism":null,"historic":null,"amenity":null,"height_m":10,"height_source":"default","levels":null,"source":"OpenStreetMap"},"geometry":{"type":"Polygon","coordinates":[[[5.368701,43.298149],[5.3686931,43.2981914],[5.3686446,43.2982223],[5.3686188,43.2981866],[5.3685885,43.2981447],[5.368701,43.298149]]]}},{"type":"Feature","properties":{"osm_id":"way/67713694","name":null,"building":"yes","highway":null,"tourism":null,"historic":null,"amenity":null,"height_m":10,"height_source":"default","levels":null,"source":"OpenStreetMap"},"geometry":{"type":"Polygon","coordinates":[[[5.3674471,43.2990539],[5.3674755,43.299128],[5.3674239,43.2991403],[5.3673935,43.299065],[5.3674138,43.2990608],[5.3674471,43.2990539]]]}},{"type":"Feature","properties":{"osm_id":"way/67713700","name":null,"building":"yes","highway":null,"tourism":null,"historic":null,"amenity":null,"height_m":3.2,"height_source":"osm","levels":"1","source":"OpenStreetMap"},"geometry":{"type":"Polygon","coordinates":[[[5.3716437,43.2987342],[5.3716759,43.2987483],[5.3717093,43.2987622],[5.3716806,43.2987981],[5.3716155,43.2987697],[5.3716437,43.2987342]]]}},{"type":"Feature","properties":{"osm_id":"way/67713709","name":null,"building":"yes","highway":null,"tourism":null,"historic":null,"amenity":null,"height_m":10,"height_source":"default","levels":null,"source":"OpenStreetMap"},"geometry":{"type":"Polygon","coordinates":[[[5.3682295,43.299117],[5.3683554,43.2990996],[5.3683604,43.2991206],[5.3683653,43.2991456],[5.368347,43.2991485],[5.3682384,43.299162],[5.3682316,43.2991276],[5.3682295,43.299117]]]}},{"type":"Feature","properties":{"osm_id":"way/67713712","name":null,"building":"yes","highway":null,"tourism":null,"historic":null,"amenity":null,"height_m":3,"height_source":"osm","levels":"1","source":"OpenStreetMap"},"geometry":{"type":"Polygon","coordinates":[[[5.3688756,43.2975048],[5.368885,43.2974949],[5.3689007,43.2974898],[5.3689411,43.2975236],[5.3689259,43.2975483],[5.3688733,43.2975288],[5.3688756,43.2975048]]]}},{"type":"Feature","properties":{"osm_id":"way/67713721","name":null,"building":"apartments","highway":null,"tourism":null,"historic":null,"amenity":null,"height_m":10,"height_source":"default","levels":null,"source":"OpenStreetMap"},"geometry":{"type":"Polygon","coordinates":[[[5.3665005,43.2987961],[5.3666502,43.2987697],[5.3666776,43.2988579],[5.3665279,43.298883],[5.3665109,43.2988291],[5.3665005,43.2987961]]]}},{"type":"Feature","properties":{"osm_id":"way/67713722","name":null,"building":"yes","highway":null,"tourism":null,"historic":null,"amenity":null,"height_m":10,"height_source":"default","levels":null,"source":"OpenStreetMap"},"geometry":{"type":"Polygon","coordinates":[[[5.3672579,43.2979009],[5.367199,43.2979095],[5.3671962,43.2979056],[5.3671698,43.2978508],[5.3672322,43.2978433],[5.3672469,43.2978762],[5.3672579,43.2979009]]]}},{"type":"Feature","properties":{"osm_id":"way/67713726","name":null,"building":"apartments","highway":null,"tourism":null,"historic":null,"amenity":null,"height_m":10,"height_source":"default","levels":null,"source":"OpenStreetMap"},"geometry":{"type":"Polygon","coordinates":[[[5.3667975,43.2985203],[5.3668211,43.2985739],[5.3667756,43.2985833],[5.3667437,43.2985899],[5.366726,43.2985324],[5.3667975,43.2985203]]]}},{"type":"Feature","properties":{"osm_id":"way/67713728","name":null,"building":"yes","highway":null,"tourism":null,"historic":null,"amenity":null,"height_m":10,"height_source":"default","levels":null,"source":"OpenStreetMap"},"geometry":{"type":"Polygon","coordinates":[[[5.3682742,43.2982247],[5.3683422,43.2981984],[5.3683511,43.2981952],[5.368374,43.2981856],[5.3683812,43.2981834],[5.3685097,43.298133],[5.3685244,43.2981519],[5.3685373,43.2981684],[5.3684429,43.2982076],[5.3683892,43.2982303],[5.3683832,43.2982321],[5.3683098,43.298265],[5.3682925,43.2982454],[5.3682742,43.2982247]]]}},{"type":"Feature","properties":{"osm_id":"way/67713730","name":null,"building":"yes","highway":null,"tourism":null,"historic":null,"amenity":null,"height_m":10,"height_source":"default","levels":null,"source":"OpenStreetMap"},"geometry":{"type":"Polygon","coordinates":[[[5.3671381,43.2988741],[5.3671586,43.2989545],[5.3671319,43.2989593],[5.3671365,43.2989757],[5.3671127,43.2989809],[5.3671025,43.2989824],[5.3670768,43.2988829],[5.3671381,43.2988741]]]}},{"type":"Feature","properties":{"osm_id":"way/67713732","name":null,"building":"yes","highway":null,"tourism":null,"historic":null,"amenity":null,"height_m":10,"height_source":"default","levels":null,"source":"OpenStreetMap"},"geometry":{"type":"Polygon","coordinates":[[[5.3646746,43.297668],[5.3647344,43.2976512],[5.3647316,43.2976536],[5.3647543,43.2976522],[5.3647996,43.2976472],[5.3648117,43.2976943],[5.3648211,43.2977272],[5.3648411,43.297794],[5.3647772,43.2978034],[5.3647258,43.297811],[5.3647195,43.2977947],[5.3647219,43.2977946],[5.3646746,43.297668]]]}},{"type":"Feature","properties":{"osm_id":"way/67713733","name":null,"building":"yes","highway":null,"tourism":null,"historic":null,"amenity":null,"height_m":3.2,"height_source":"osm","levels":"1","source":"OpenStreetMap"},"geometry":{"type":"Polygon","coordinates":[[[5.3722429,43.2980544],[5.3722663,43.2980636],[5.3722758,43.2980685],[5.3721938,43.2981686],[5.3721612,43.2981545],[5.3722429,43.2980544]]]}},{"type":"Feature","properties":{"osm_id":"way/67713741","name":null,"building":"yes","highway":null,"tourism":null,"historic":null,"amenity":null,"height_m":10,"height_source":"default","levels":null,"source":"OpenStreetMap"},"geometry":{"type":"Polygon","coordinates":[[[5.3682042,43.2992142],[5.3681239,43.2992304],[5.368104,43.2991847],[5.3681961,43.2991641],[5.3682009,43.299194],[5.3682042,43.2992142]]]}},{"type":"Feature","properties":{"osm_id":"way/67713745","name":null,"building":"yes","highway":null,"tourism":null,"historic":null,"amenity":null,"height_m":22.400000000000002,"height_source":"osm","levels":"7","source":"OpenStreetMap"},"geometry":{"type":"Polygon","coordinates":[[[5.372426,43.297441],[5.3724761,43.2973801],[5.3725255,43.2973202],[5.3725854,43.2973447],[5.3726529,43.2973737],[5.372699,43.2973938],[5.3725994,43.2975178],[5.372426,43.297441]]]}},{"type":"Feature","properties":{"osm_id":"way/67713749","name":null,"building":"yes","highway":null,"tourism":null,"historic":null,"amenity":null,"height_m":10,"height_source":"default","levels":null,"source":"OpenStreetMap"},"geometry":{"type":"Polygon","coordinates":[[[5.3666466,43.2982677],[5.3666205,43.2982175],[5.3666072,43.2981921],[5.3666697,43.2981826],[5.3667187,43.2982587],[5.3666466,43.2982677]]]}},{"type":"Feature","properties":{"osm_id":"way/67713759","name":null,"building":"yes","highway":null,"tourism":null,"historic":null,"amenity":null,"height_m":10,"height_source":"default","levels":null,"source":"OpenStreetMap"},"geometry":{"type":"Polygon","coordinates":[[[5.3656127,43.2985736],[5.3656719,43.2985722],[5.3656786,43.2985926],[5.3657137,43.298716],[5.3656769,43.2987214],[5.3656553,43.2987246],[5.3656464,43.2986835],[5.3656327,43.2986352],[5.3656127,43.2985736]]]}},{"type":"Feature","properties":{"osm_id":"way/67713760","name":null,"building":"yes","highway":null,"tourism":null,"historic":null,"amenity":null,"height_m":10,"height_source":"default","levels":null,"source":"OpenStreetMap"},"geometry":{"type":"Polygon","coordinates":[[[5.3666817,43.2977335],[5.366701,43.297815],[5.3667143,43.297872],[5.3666429,43.2978809],[5.3666318,43.2978112],[5.3666189,43.2977361],[5.366654,43.2977346],[5.3666817,43.2977335]]]}},{"type":"Feature","properties":{"osm_id":"way/67713770","name":null,"building":"yes","highway":null,"tourism":null,"historic":null,"amenity":null,"height_m":10,"height_source":"default","levels":null,"source":"OpenStreetMap"},"geometry":{"type":"Polygon","coordinates":[[[5.3682315,43.2981773],[5.3683115,43.2981452],[5.3683218,43.2981663],[5.3683422,43.2981984],[5.3682742,43.2982247],[5.3682479,43.2981955],[5.3682315,43.2981773]]]}},{"type":"Feature","properties":{"osm_id":"way/67713774","name":null,"building":"yes","highway":null,"tourism":null,"historic":null,"amenity":null,"height_m":10,"height_source":"default","levels":null,"source":"OpenStreetMap"},"geometry":{"type":"Polygon","coordinates":[[[5.3690295,43.2994774],[5.3690292,43.2994639],[5.3690414,43.2994634],[5.3690424,43.2994768],[5.3690295,43.2994774]]]}},{"type":"Feature","properties":{"osm_id":"way/67713778","name":null,"building":"yes","highway":null,"tourism":null,"historic":null,"amenity":null,"height_m":16,"height_source":"osm","levels":"5","source":"OpenStreetMap"},"geometry":{"type":"Polygon","coordinates":[[[5.3680029,43.2995272],[5.3679988,43.2994975],[5.367996,43.2994774],[5.3680488,43.2994735],[5.3681009,43.2994681],[5.3681034,43.299468],[5.3681106,43.2995165],[5.368111,43.2995183],[5.3680944,43.2995198],[5.3680029,43.2995272]]]}},{"type":"Feature","properties":{"osm_id":"way/67713782","name":null,"building":"yes","highway":null,"tourism":null,"historic":null,"amenity":null,"height_m":16,"height_source":"osm","levels":"5","source":"OpenStreetMap"},"geometry":{"type":"Polygon","coordinates":[[[5.3730225,43.2965626],[5.373117,43.2965574],[5.3732027,43.2965533],[5.3732072,43.2965924],[5.3731852,43.2965936],[5.3731846,43.2965972],[5.373031,43.2966102],[5.3730225,43.2965626]]]}},{"type":"Feature","properties":{"osm_id":"way/67713784","name":null,"building":"apartments","highway":null,"tourism":null,"historic":null,"amenity":null,"height_m":10,"height_source":"default","levels":null,"source":"OpenStreetMap"},"geometry":{"type":"Polygon","coordinates":[[[5.368706,43.2990682],[5.3687556,43.2990596],[5.3687572,43.2990628],[5.3687718,43.2990596],[5.3687961,43.2990928],[5.3688008,43.2991011],[5.3688032,43.2991068],[5.3687796,43.299121],[5.3687683,43.2991202],[5.3686983,43.2991138],[5.3686987,43.2991111],[5.3686947,43.2991099],[5.368706,43.2990682]]]}},{"type":"Feature","properties":{"osm_id":"way/67713785","name":null,"building":"apartments","highway":null,"tourism":null,"historic":null,"amenity":null,"height_m":10,"height_source":"default","levels":null,"source":"OpenStreetMap"},"geometry":{"type":"Polygon","coordinates":[[[5.3662675,43.2980933],[5.3663809,43.298075],[5.3663982,43.2981172],[5.3662833,43.2981388],[5.3662806,43.298138],[5.3662716,43.2981074],[5.3662675,43.2980933]]]}},{"type":"Feature","properties":{"osm_id":"way/67713786","name":null,"building":"yes","highway":null,"tourism":null,"historic":null,"amenity":null,"height_m":10,"height_source":"default","levels":null,"source":"OpenStreetMap"},"geometry":{"type":"Polygon","coordinates":[[[5.3673225,43.2973967],[5.3672551,43.2974983],[5.3671987,43.2974965],[5.3671926,43.2974968],[5.3671846,43.2974932],[5.3672632,43.2973764],[5.3673015,43.2973895],[5.3673225,43.2973967]]]}},{"type":"Feature","properties":{"osm_id":"way/67713796","name":null,"building":"yes","highway":null,"tourism":null,"historic":null,"amenity":null,"height_m":10,"height_source":"default","levels":null,"source":"OpenStreetMap"},"geometry":{"type":"Polygon","coordinates":[[[5.3676403,43.2982093],[5.3676411,43.2982115],[5.3676495,43.2982263],[5.3676524,43.2982257],[5.3676592,43.2982235],[5.3676783,43.2982557],[5.3676677,43.2982595],[5.3676654,43.2982569],[5.3675126,43.2983046],[5.367499,43.2982773],[5.3674885,43.2982561],[5.3676403,43.2982093]]]}},{"type":"Feature","properties":{"osm_id":"way/67713797","name":null,"building":"apartments","highway":null,"tourism":null,"historic":null,"amenity":null,"height_m":10,"height_source":"default","levels":null,"source":"OpenStreetMap"},"geometry":{"type":"Polygon","coordinates":[[[5.3663856,43.2973861],[5.3663809,43.2974838],[5.3663213,43.2974933],[5.3663231,43.2973971],[5.366358,43.2973909],[5.3663856,43.2973861]]]}},{"type":"Feature","properties":{"osm_id":"way/67713806","name":null,"building":"yes","highway":null,"tourism":null,"historic":null,"amenity":null,"height_m":10,"height_source":"default","levels":null,"source":"OpenStreetMap"},"geometry":{"type":"Polygon","coordinates":[[[5.3671039,43.2992867],[5.367107,43.2992865],[5.3671351,43.2992843],[5.3671403,43.299303],[5.3671803,43.2993001],[5.3672066,43.2993838],[5.36717,43.2993837],[5.3671297,43.2993835],[5.3671039,43.2992867]]]}},{"type":"Feature","properties":{"osm_id":"way/67713808","name":null,"building":"yes","highway":null,"tourism":null,"historic":null,"amenity":null,"height_m":10,"height_source":"default","levels":null,"source":"OpenStreetMap"},"geometry":{"type":"Polygon","coordinates":[[[5.3681832,43.2976782],[5.3682224,43.2977584],[5.3681043,43.2977815],[5.3680764,43.2976993],[5.3681412,43.2976865],[5.3681832,43.2976782]]]}},{"type":"Feature","properties":{"osm_id":"way/67713812","name":null,"building":"yes","highway":null,"tourism":null,"historic":null,"amenity":null,"height_m":10,"height_source":"default","levels":null,"source":"OpenStreetMap"},"geometry":{"type":"Polygon","coordinates":[[[5.3697324,43.2993123],[5.3698305,43.2993141],[5.3699166,43.2993156],[5.369919,43.2993389],[5.3699217,43.2993636],[5.3697315,43.299362],[5.3697324,43.2993123]]]}},{"type":"Feature","properties":{"osm_id":"way/67713824","name":null,"building":"yes","highway":null,"tourism":null,"historic":null,"amenity":null,"height_m":10,"height_source":"default","levels":null,"source":"OpenStreetMap"},"geometry":{"type":"Polygon","coordinates":[[[5.3657298,43.2980022],[5.3658506,43.2979939],[5.3658607,43.2980266],[5.3658674,43.2980484],[5.3657303,43.2980595],[5.3657298,43.2980022]]]}},{"type":"Feature","properties":{"osm_id":"way/67713835","name":null,"building":"apartments","highway":null,"tourism":null,"historic":null,"amenity":null,"height_m":10,"height_source":"default","levels":null,"source":"OpenStreetMap"},"geometry":{"type":"Polygon","coordinates":[[[5.3663695,43.2983845],[5.3664976,43.2983681],[5.3665073,43.2984095],[5.366382,43.2984276],[5.3663739,43.2983997],[5.3663695,43.2983845]]]}},{"type":"Feature","properties":{"osm_id":"way/67713851","name":null,"building":"yes","highway":null,"tourism":null,"historic":null,"amenity":null,"height_m":10,"height_source":"default","levels":null,"source":"OpenStreetMap"},"geometry":{"type":"Polygon","coordinates":[[[5.365681,43.2982819],[5.3656676,43.2982823],[5.3656674,43.2982643],[5.3656832,43.2982627],[5.365681,43.2982819]]]}},{"type":"Feature","properties":{"osm_id":"way/67713853","name":null,"building":"yes","highway":null,"tourism":null,"historic":null,"amenity":null,"height_m":10,"height_source":"default","levels":null,"source":"OpenStreetMap"},"geometry":{"type":"Polygon","coordinates":[[[5.368135,43.2974221],[5.368114,43.2974165],[5.3681204,43.2974067],[5.3681412,43.2974121],[5.368135,43.2974221]]]}},{"type":"Feature","properties":{"osm_id":"way/67713878","name":null,"building":"yes","highway":null,"tourism":null,"historic":null,"amenity":null,"height_m":10,"height_source":"default","levels":null,"source":"OpenStreetMap"},"geometry":{"type":"Polygon","coordinates":[[[5.3673347,43.298056],[5.3672508,43.2980756],[5.3672464,43.2980673],[5.3672313,43.298038],[5.3673158,43.2980174],[5.3673268,43.2980398],[5.3673347,43.298056]]]}},{"type":"Feature","properties":{"osm_id":"way/67713886","name":null,"building":"yes","highway":null,"tourism":null,"historic":null,"amenity":null,"height_m":10,"height_source":"default","levels":null,"source":"OpenStreetMap"},"geometry":{"type":"Polygon","coordinates":[[[5.3664937,43.2993968],[5.3664781,43.2993477],[5.3664665,43.2993154],[5.3664934,43.2993142],[5.3665416,43.2993126],[5.3665571,43.2993612],[5.3665675,43.2993937],[5.3664937,43.2993968]]]}},{"type":"Feature","properties":{"osm_id":"way/67713892","name":null,"building":"yes","highway":null,"tourism":null,"historic":null,"amenity":null,"height_m":3.2,"height_source":"osm","levels":"1","source":"OpenStreetMap"},"geometry":{"type":"Polygon","coordinates":[[[5.3727436,43.297031],[5.3727497,43.2969981],[5.3727313,43.2969962],[5.3727432,43.2969339],[5.3726705,43.2969257],[5.3727691,43.2969255],[5.3727674,43.2969071],[5.3728684,43.2969108],[5.3728701,43.2969308],[5.372878,43.2970246],[5.3728794,43.2970421],[5.3727436,43.297031]]]}},{"type":"Feature","properties":{"osm_id":"way/67713900","name":null,"building":"yes","highway":null,"tourism":null,"historic":null,"amenity":null,"height_m":10,"height_source":"default","levels":null,"source":"OpenStreetMap"},"geometry":{"type":"Polygon","coordinates":[[[5.3699208,43.2994088],[5.3699186,43.2993967],[5.3698165,43.2993965],[5.3697815,43.2993965],[5.3697816,43.2993979],[5.3696756,43.2993987],[5.3696727,43.2993612],[5.3696602,43.2993613],[5.3696542,43.2993268],[5.3696296,43.2993284],[5.3696458,43.2993628],[5.3696627,43.2993987],[5.369712,43.2995026],[5.369888,43.2994723],[5.3698997,43.299558],[5.3698973,43.2995586],[5.3698216,43.299564],[5.3696493,43.2995949],[5.3695866,43.2994585],[5.369518,43.2993095],[5.3696045,43.2993108],[5.3697324,43.2993123],[5.3697315,43.299362],[5.3699217,43.2993636],[5.369931,43.2993637],[5.3699434,43.2994358],[5.3699267,43.2994365],[5.3698811,43.2994384],[5.3698748,43.2994102],[5.3698802,43.2994095],[5.369881,43.2994113],[5.3699208,43.2994088]]]}},{"type":"Feature","properties":{"osm_id":"way/67713907","name":null,"building":"yes","highway":null,"tourism":null,"historic":null,"amenity":null,"height_m":10,"height_source":"default","levels":null,"source":"OpenStreetMap"},"geometry":{"type":"Polygon","coordinates":[[[5.367284,43.2984214],[5.3673652,43.2984018],[5.3673914,43.2984522],[5.3673051,43.2984715],[5.367284,43.2984214]]]}},{"type":"Feature","properties":{"osm_id":"way/67713909","name":null,"building":"yes","highway":null,"tourism":null,"historic":null,"amenity":null,"height_m":10,"height_source":"default","levels":null,"source":"OpenStreetMap"},"geometry":{"type":"Polygon","coordinates":[[[5.3655454,43.2977826],[5.365571,43.2977818],[5.3656051,43.2977807],[5.3656054,43.297783],[5.3656084,43.297846],[5.3655511,43.2978469],[5.3655454,43.2977826]]]}},{"type":"Feature","properties":{"osm_id":"way/67713916","name":null,"building":"yes","highway":null,"tourism":null,"historic":null,"amenity":null,"height_m":10,"height_source":"default","levels":null,"source":"OpenStreetMap"},"geometry":{"type":"Polygon","coordinates":[[[5.3687404,43.2991514],[5.3687687,43.2991505],[5.3687726,43.2991728],[5.3687465,43.2991763],[5.3687404,43.2991514]]]}},{"type":"Feature","properties":{"osm_id":"way/67713928","name":null,"building":"yes","highway":null,"tourism":null,"historic":null,"amenity":null,"height_m":10,"height_source":"default","levels":null,"source":"OpenStreetMap"},"geometry":{"type":"Polygon","coordinates":[[[5.3670347,43.2980117],[5.367078,43.2980989],[5.3670175,43.2981102],[5.3669968,43.2981129],[5.3669524,43.2980226],[5.3670037,43.2980158],[5.3670347,43.2980117]]]}},{"type":"Feature","properties":{"osm_id":"way/67713935","name":null,"building":"yes","highway":null,"tourism":null,"historic":null,"amenity":null,"height_m":10,"height_source":"default","levels":null,"source":"OpenStreetMap"},"geometry":{"type":"Polygon","coordinates":[[[5.365802,43.2978414],[5.3657189,43.2978443],[5.3657123,43.2977824],[5.3657844,43.297781],[5.3657945,43.2978155],[5.365802,43.2978414]]]}},{"type":"Feature","properties":{"osm_id":"way/67713937","name":null,"building":"yes","highway":null,"tourism":null,"historic":null,"amenity":null,"height_m":10,"height_source":"default","levels":null,"source":"OpenStreetMap"},"geometry":{"type":"Polygon","coordinates":[[[5.3724575,43.2967064],[5.3724669,43.2966599],[5.3725076,43.2966612],[5.3724983,43.2967112],[5.3724748,43.2967084],[5.3724575,43.2967064]]]}},{"type":"Feature","properties":{"osm_id":"way/67713941","name":null,"building":"yes","highway":null,"tourism":null,"historic":null,"amenity":null,"height_m":10,"height_source":"default","levels":null,"source":"OpenStreetMap"},"geometry":{"type":"Polygon","coordinates":[[[5.3652096,43.2983097],[5.3652163,43.2982631],[5.3652204,43.2982548],[5.3653683,43.2982701],[5.365359,43.2982915],[5.3653443,43.2983256],[5.3652096,43.2983097]]]}},{"type":"Feature","properties":{"osm_id":"way/67713942","name":null,"building":"apartments","highway":null,"tourism":null,"historic":null,"amenity":null,"height_m":9.600000000000001,"height_source":"osm","levels":"3","source":"OpenStreetMap"},"geometry":{"type":"Polygon","coordinates":[[[5.3674368,43.2966867],[5.3674673,43.29669],[5.3675035,43.2966939],[5.3675378,43.2966976],[5.3675701,43.2967011],[5.3676028,43.2967046],[5.3676472,43.2967094],[5.3676806,43.2967131],[5.3677277,43.2967181],[5.3677569,43.2967213],[5.367795,43.2967254],[5.3678312,43.2967293],[5.3678588,43.2967323],[5.3678907,43.2967358],[5.3679272,43.2967397],[5.3681846,43.2967675],[5.368178,43.2968014],[5.3681619,43.2968808],[5.3680481,43.2968689],[5.3679052,43.2968543],[5.3678176,43.2968443],[5.3676588,43.2968291],[5.3674904,43.2968076],[5.3674151,43.2967994],[5.3674368,43.2966867]]]}},{"type":"Feature","properties":{"osm_id":"way/67713951","name":null,"building":"apartments","highway":null,"tourism":null,"historic":null,"amenity":null,"height_m":10,"height_source":"default","levels":null,"source":"OpenStreetMap"},"geometry":{"type":"Polygon","coordinates":[[[5.3680192,43.2983868],[5.3679672,43.2984018],[5.3679564,43.2983831],[5.3677749,43.2984345],[5.3677857,43.2984536],[5.3677666,43.2984589],[5.367754,43.2984308],[5.3677388,43.2983997],[5.367723,43.2983641],[5.3679141,43.298308],[5.3679737,43.2982917],[5.3679795,43.29829],[5.3679975,43.2983339],[5.3680192,43.2983868]]]}},{"type":"Feature","properties":{"osm_id":"way/67713952","name":null,"building":"yes","highway":null,"tourism":null,"historic":null,"amenity":null,"height_m":10,"height_source":"default","levels":null,"source":"OpenStreetMap"},"geometry":{"type":"Polygon","coordinates":[[[5.3663271,43.2977102],[5.3663269,43.297693],[5.3663399,43.2976923],[5.366339,43.2976896],[5.3663706,43.2976891],[5.3663716,43.2977088],[5.3663271,43.2977102]]]}},{"type":"Feature","properties":{"osm_id":"way/67713956","name":null,"building":"yes","highway":null,"tourism":null,"historic":null,"amenity":null,"height_m":10,"height_source":"default","levels":null,"source":"OpenStreetMap"},"geometry":{"type":"Polygon","coordinates":[[[5.3691644,43.2990819],[5.3691516,43.2990674],[5.3691344,43.2990399],[5.3691479,43.2990346],[5.3692293,43.2990016],[5.3692499,43.2990308],[5.36927,43.2990591],[5.3691644,43.2990819]]]}},{"type":"Feature","properties":{"osm_id":"way/67713958","name":null,"building":"yes","highway":null,"tourism":null,"historic":null,"amenity":null,"height_m":10,"height_source":"default","levels":null,"source":"OpenStreetMap"},"geometry":{"type":"Polygon","coordinates":[[[5.3689088,43.2983426],[5.3689302,43.2982853],[5.3689373,43.2982649],[5.3689437,43.2982656],[5.3689473,43.298253],[5.369004,43.2982629],[5.3689894,43.2983091],[5.3689766,43.2983554],[5.3689407,43.2983486],[5.3689088,43.2983426]]]}},{"type":"Feature","properties":{"osm_id":"way/67713964","name":null,"building":"yes","highway":null,"tourism":null,"historic":null,"amenity":null,"height_m":10,"height_source":"default","levels":null,"source":"OpenStreetMap"},"geometry":{"type":"Polygon","coordinates":[[[5.3692103,43.2979095],[5.3692526,43.2979076],[5.3692512,43.2979202],[5.3692497,43.2979329],[5.369249,43.2979531],[5.3692136,43.2979496],[5.3692103,43.2979095]]]}},{"type":"Feature","properties":{"osm_id":"way/67713966","name":null,"building":"apartments","highway":null,"tourism":null,"historic":null,"amenity":null,"height_m":10,"height_source":"default","levels":null,"source":"OpenStreetMap"},"geometry":{"type":"Polygon","coordinates":[[[5.3682738,43.2994517],[5.3682737,43.2994504],[5.368266,43.2993848],[5.3682624,43.2993544],[5.3683263,43.2993504],[5.3683338,43.2994475],[5.3682738,43.2994517]]]}},{"type":"Feature","properties":{"osm_id":"way/67713967","name":"Chuuren potos mahjong","building":"apartments","highway":null,"tourism":null,"historic":null,"amenity":null,"height_m":10,"height_source":"default","levels":null,"source":"OpenStreetMap"},"geometry":{"type":"Polygon","coordinates":[[[5.3705713,43.2995097],[5.3705572,43.2994137],[5.3706083,43.2994129],[5.3706266,43.2995051],[5.3706026,43.2995071],[5.3705713,43.2995097]]]}},{"type":"Feature","properties":{"osm_id":"way/67713972","name":null,"building":"yes","highway":null,"tourism":null,"historic":null,"amenity":null,"height_m":10,"height_source":"default","levels":null,"source":"OpenStreetMap"},"geometry":{"type":"Polygon","coordinates":[[[5.3668179,43.299525],[5.3668425,43.2994284],[5.3669021,43.2994264],[5.366877,43.2995401],[5.3668179,43.299525]]]}},{"type":"Feature","properties":{"osm_id":"way/67713973","name":null,"building":"apartments","highway":null,"tourism":null,"historic":null,"amenity":null,"height_m":10,"height_source":"default","levels":null,"source":"OpenStreetMap"},"geometry":{"type":"Polygon","coordinates":[[[5.3672009,43.2969058],[5.3672016,43.2969295],[5.3672036,43.2969831],[5.3672043,43.2970035],[5.3671425,43.2970057],[5.3670811,43.297008],[5.3670808,43.2969737],[5.3671254,43.296975],[5.3671399,43.2969718],[5.3671407,43.2968991],[5.3671656,43.2969019],[5.3672009,43.2969058]]]}},{"type":"Feature","properties":{"osm_id":"way/67713975","name":null,"building":"yes","highway":null,"tourism":null,"historic":null,"amenity":null,"height_m":10,"height_source":"default","levels":null,"source":"OpenStreetMap"},"geometry":{"type":"Polygon","coordinates":[[[5.3726372,43.2965292],[5.3726915,43.296534],[5.372727,43.2965342],[5.3727889,43.2965346],[5.372762,43.2966515],[5.3727204,43.296647],[5.3726673,43.29664],[5.3726186,43.2966343],[5.372622,43.296614],[5.3726372,43.2965292]]]}},{"type":"Feature","properties":{"osm_id":"way/67713978","name":null,"building":"apartments","highway":null,"tourism":null,"historic":null,"amenity":null,"height_m":10,"height_source":"default","levels":null,"source":"OpenStreetMap"},"geometry":{"type":"Polygon","coordinates":[[[5.3659485,43.2980835],[5.3660727,43.2980663],[5.3660888,43.2981154],[5.3660859,43.2981161],[5.365967,43.2981369],[5.3659539,43.298099],[5.3659485,43.2980835]]]}},{"type":"Feature","properties":{"osm_id":"way/67713979","name":null,"building":"apartments","highway":null,"tourism":null,"historic":null,"amenity":null,"height_m":10,"height_source":"default","levels":null,"source":"OpenStreetMap"},"geometry":{"type":"Polygon","coordinates":[[[5.3665191,43.2972456],[5.3665117,43.2973435],[5.3664487,43.2973537],[5.3664497,43.2972548],[5.3664533,43.2972536],[5.3664857,43.2972497],[5.3665191,43.2972456]]]}},{"type":"Feature","properties":{"osm_id":"way/67713988","name":null,"building":"apartments","highway":null,"tourism":null,"historic":null,"amenity":null,"height_m":10,"height_source":"default","levels":null,"source":"OpenStreetMap"},"geometry":{"type":"Polygon","coordinates":[[[5.3661528,43.2983734],[5.3661685,43.2984244],[5.3662334,43.298414],[5.3662474,43.2984601],[5.3662443,43.2984604],[5.3662207,43.2984641],[5.3662182,43.2984642],[5.3662155,43.2984562],[5.3661807,43.2984611],[5.366187,43.2984792],[5.3661841,43.2984803],[5.3661912,43.2985042],[5.3660949,43.2985196],[5.3660862,43.2984933],[5.3660636,43.2984249],[5.3660521,43.29839],[5.3661528,43.2983734]]]}},{"type":"Feature","properties":{"osm_id":"way/67713989","name":null,"building":"yes","highway":null,"tourism":null,"historic":null,"amenity":null,"height_m":10,"height_source":"default","levels":null,"source":"OpenStreetMap"},"geometry":{"type":"Polygon","coordinates":[[[5.3677933,43.2979484],[5.3677843,43.2979374],[5.3677689,43.2979316],[5.3677586,43.2979314],[5.3677753,43.2979152],[5.3678219,43.2978744],[5.3678754,43.2979051],[5.3679171,43.297929],[5.3678776,43.2979652],[5.3678331,43.2979409],[5.3677964,43.2979481],[5.3677933,43.2979484]]]}},{"type":"Feature","properties":{"osm_id":"way/67713996","name":null,"building":"yes","highway":null,"tourism":null,"historic":null,"amenity":null,"height_m":16,"height_source":"osm","levels":"5","source":"OpenStreetMap"},"geometry":{"type":"Polygon","coordinates":[[[5.3689227,43.2970603],[5.36886,43.2970538],[5.3687658,43.2970438],[5.3686932,43.297036],[5.3687092,43.2969453],[5.3687227,43.2969461],[5.3687976,43.2969541],[5.3688084,43.2968979],[5.3688212,43.2968329],[5.368964,43.2968476],[5.3689412,43.296965],[5.3689299,43.297023],[5.3689227,43.2970603]]]}},{"type":"Feature","properties":{"osm_id":"way/67714001","name":null,"building":"yes","highway":null,"tourism":null,"historic":null,"amenity":null,"height_m":10,"height_source":"default","levels":null,"source":"OpenStreetMap"},"geometry":{"type":"Polygon","coordinates":[[[5.3687177,43.2981211],[5.3687,43.2980553],[5.3686986,43.2980509],[5.3686906,43.2980212],[5.3688308,43.298006],[5.368895,43.2979994],[5.3688996,43.2980348],[5.3689225,43.2980379],[5.3689224,43.2980365],[5.3690785,43.2980536],[5.3690643,43.2981093],[5.3690543,43.2981478],[5.3687177,43.2981211]]]}},{"type":"Feature","properties":{"osm_id":"way/67714005","name":null,"building":"apartments","highway":null,"tourism":null,"historic":null,"amenity":null,"height_m":10,"height_source":"default","levels":null,"source":"OpenStreetMap"},"geometry":{"type":"Polygon","coordinates":[[[5.3689141,43.2989695],[5.3689719,43.2989515],[5.3689825,43.2989667],[5.3689984,43.2989612],[5.3689905,43.2989472],[5.368974,43.2989194],[5.36898,43.2989154],[5.3689856,43.2989093],[5.368989,43.2989022],[5.3689957,43.2989108],[5.3690108,43.2989076],[5.3690464,43.2989493],[5.3690662,43.2989741],[5.3690208,43.2989882],[5.3689412,43.2990117],[5.3689264,43.2989886],[5.3689141,43.2989695]]]}},{"type":"Feature","properties":{"osm_id":"way/67714015","name":null,"building":"yes","highway":null,"tourism":null,"historic":null,"amenity":null,"height_m":10,"height_source":"default","levels":null,"source":"OpenStreetMap"},"geometry":{"type":"Polygon","coordinates":[[[5.368197,43.2988678],[5.3683154,43.2988492],[5.3683405,43.2988456],[5.3683723,43.2988399],[5.3683955,43.2988882],[5.3682235,43.2989147],[5.3682244,43.2989177],[5.3682114,43.2989184],[5.368203,43.2988889],[5.368197,43.2988678]]]}},{"type":"Feature","properties":{"osm_id":"way/67714016","name":null,"building":"yes","highway":null,"tourism":null,"historic":null,"amenity":null,"height_m":10,"height_source":"default","levels":null,"source":"OpenStreetMap"},"geometry":{"type":"Polygon","coordinates":[[[5.3649713,43.2978204],[5.3649869,43.2979173],[5.3649711,43.2979192],[5.3649337,43.297922],[5.3649129,43.2978267],[5.3649466,43.2978231],[5.3649713,43.2978204]]]}},{"type":"Feature","properties":{"osm_id":"way/67714017","name":null,"building":"yes","highway":null,"tourism":null,"historic":null,"amenity":null,"height_m":10,"height_source":"default","levels":null,"source":"OpenStreetMap"},"geometry":{"type":"Polygon","coordinates":[[[5.3684649,43.2973926],[5.3683432,43.2973649],[5.3683945,43.297276],[5.3685018,43.2973105],[5.3684769,43.297366],[5.3684649,43.2973926]]]}},{"type":"Feature","properties":{"osm_id":"way/67714027","name":null,"building":"apartments","highway":null,"tourism":null,"historic":null,"amenity":null,"height_m":10,"height_source":"default","levels":null,"source":"OpenStreetMap"},"geometry":{"type":"Polygon","coordinates":[[[5.3659404,43.2982687],[5.3657772,43.298294],[5.3657824,43.298245],[5.3659231,43.2982196],[5.365935,43.2982535],[5.3659404,43.2982687]]]}},{"type":"Feature","properties":{"osm_id":"way/67714030","name":null,"building":"yes","highway":null,"tourism":null,"historic":null,"amenity":null,"height_m":10,"height_source":"default","levels":null,"source":"OpenStreetMap"},"geometry":{"type":"Polygon","coordinates":[[[5.3650833,43.29811],[5.3650641,43.2980378],[5.3651213,43.2980364],[5.3651395,43.2981085],[5.3651403,43.2981102],[5.3651393,43.2981287],[5.3650824,43.2981255],[5.3650833,43.29811]]]}},{"type":"Feature","properties":{"osm_id":"way/67714038","name":null,"building":"apartments","highway":null,"tourism":null,"historic":null,"amenity":null,"height_m":19.200000000000003,"height_source":"osm","levels":"6","source":"OpenStreetMap"},"geometry":{"type":"Polygon","coordinates":[[[5.367341,43.2959315],[5.3673593,43.2959334],[5.3673977,43.2959375],[5.3674362,43.2959416],[5.3674877,43.2959471],[5.3675209,43.2959506],[5.3675673,43.2959556],[5.3676029,43.2959594],[5.3676461,43.2959639],[5.3676811,43.2959677],[5.3677256,43.2959724],[5.3677586,43.2959759],[5.3678055,43.2959809],[5.3678408,43.2959846],[5.3678851,43.2959894],[5.3679229,43.2959934],[5.3679606,43.2959974],[5.3679777,43.2959992],[5.3679448,43.2961631],[5.3678214,43.2961501],[5.3675896,43.2961256],[5.3673926,43.2961047],[5.3673262,43.2960977],[5.3673071,43.2960957],[5.367341,43.2959315]]]}},{"type":"Feature","properties":{"osm_id":"way/67714040","name":null,"building":"yes","highway":null,"tourism":null,"historic":null,"amenity":null,"height_m":10,"height_source":"default","levels":null,"source":"OpenStreetMap"},"geometry":{"type":"Polygon","coordinates":[[[5.3673945,43.2991651],[5.367426,43.2991641],[5.367461,43.2991636],[5.3674666,43.2991886],[5.3674006,43.2991958],[5.3673945,43.2991651]]]}},{"type":"Feature","properties":{"osm_id":"way/67714044","name":"Maison Diamantée","building":"yes","highway":null,"tourism":null,"historic":"attraction","amenity":null,"height_m":10,"height_source":"default","levels":null,"source":"OpenStreetMap"},"geometry":{"type":"Polygon","coordinates":[[[5.369279,43.2969867],[5.3693295,43.2968895],[5.369333,43.2968845],[5.3695028,43.296908],[5.3694731,43.2969732],[5.3694294,43.2970688],[5.3693705,43.297055],[5.3693707,43.2970537],[5.3692583,43.2970267],[5.369279,43.2969867]]]}},{"type":"Feature","properties":{"osm_id":"way/67714047","name":null,"building":"yes","highway":null,"tourism":null,"historic":null,"amenity":null,"height_m":3.2,"height_source":"osm","levels":"1","source":"OpenStreetMap"},"geometry":{"type":"Polygon","coordinates":[[[5.3717583,43.2986491],[5.3717894,43.2986628],[5.3717093,43.2987622],[5.3716759,43.2987483],[5.3717583,43.2986491]]]}},{"type":"Feature","properties":{"osm_id":"way/67714055","name":null,"building":"yes","highway":null,"tourism":null,"historic":null,"amenity":null,"height_m":10,"height_source":"default","levels":null,"source":"OpenStreetMap"},"geometry":{"type":"Polygon","coordinates":[[[5.3663219,43.2977462],[5.366337,43.2978442],[5.3662778,43.2978505],[5.3662702,43.2978117],[5.3662618,43.2977491],[5.3662953,43.2977475],[5.3663219,43.2977462]]]}},{"type":"Feature","properties":{"osm_id":"way/67714060","name":null,"building":"yes","highway":null,"tourism":null,"historic":null,"amenity":null,"height_m":10,"height_source":"default","levels":null,"source":"OpenStreetMap"},"geometry":{"type":"Polygon","coordinates":[[[5.3685539,43.2991376],[5.3685575,43.2991689],[5.3684962,43.2991767],[5.3684954,43.299175],[5.3684793,43.2991761],[5.3684723,43.2991472],[5.3685539,43.2991376]]]}},{"type":"Feature","properties":{"osm_id":"way/67714061","name":null,"building":"yes","highway":null,"tourism":null,"historic":null,"amenity":null,"height_m":10,"height_source":"default","levels":null,"source":"OpenStreetMap"},"geometry":{"type":"Polygon","coordinates":[[[5.3648505,43.2978341],[5.3648733,43.297928],[5.3648157,43.2979332],[5.3647891,43.2978415],[5.3648282,43.2978368],[5.3648505,43.2978341]]]}},{"type":"Feature","properties":{"osm_id":"way/67714062","name":null,"building":"yes","highway":null,"tourism":null,"historic":null,"amenity":null,"height_m":10,"height_source":"default","levels":null,"source":"OpenStreetMap"},"geometry":{"type":"Polygon","coordinates":[[[5.3680585,43.297625],[5.3680414,43.2975302],[5.368135,43.2975231],[5.3681515,43.2976174],[5.3681082,43.2976209],[5.3680585,43.297625]]]}},{"type":"Feature","properties":{"osm_id":"way/67714069","name":"Le Saint-Laurent","building":"apartments","highway":null,"tourism":null,"historic":null,"amenity":null,"height_m":48,"height_source":"osm","levels":"15","source":"OpenStreetMap"},"geometry":{"type":"Polygon","coordinates":[[[5.3647522,43.2972317],[5.3648031,43.2972944],[5.3648584,43.2973626],[5.3646035,43.2974754],[5.3645891,43.2974584],[5.3646023,43.2974527],[5.3645695,43.2974127],[5.3645347,43.2973707],[5.3645214,43.2973764],[5.364508,43.297382],[5.3644808,43.2973498],[5.3644951,43.2973436],[5.3645083,43.2973378],[5.3647522,43.2972317]]]}},{"type":"Feature","properties":{"osm_id":"way/67714074","name":null,"building":"yes","highway":null,"tourism":null,"historic":null,"amenity":null,"height_m":10,"height_source":"default","levels":null,"source":"OpenStreetMap"},"geometry":{"type":"Polygon","coordinates":[[[5.3680808,43.2985768],[5.3680205,43.2985819],[5.3679864,43.2985898],[5.3679735,43.2985919],[5.3679632,43.2985552],[5.3680684,43.2985343],[5.3680752,43.2985576],[5.3680808,43.2985768]]]}},{"type":"Feature","properties":{"osm_id":"way/67714075","name":null,"building":"yes","highway":null,"tourism":null,"historic":null,"amenity":null,"height_m":10,"height_source":"default","levels":null,"source":"OpenStreetMap"},"geometry":{"type":"Polygon","coordinates":[[[5.3666325,43.2980314],[5.3666227,43.2979922],[5.3666094,43.2979391],[5.3666912,43.2979282],[5.3667523,43.2979201],[5.3667754,43.2980125],[5.3666325,43.2980314]]]}},{"type":"Feature","properties":{"osm_id":"way/67714081","name":null,"building":"yes","highway":null,"tourism":null,"historic":null,"amenity":null,"height_m":10,"height_source":"default","levels":null,"source":"OpenStreetMap"},"geometry":{"type":"Polygon","coordinates":[[[5.3685097,43.298133],[5.3683812,43.2981834],[5.368374,43.2981856],[5.3683556,43.2981534],[5.3683452,43.2981327],[5.3684778,43.2980817],[5.3685004,43.2981181],[5.3685097,43.298133]]]}},{"type":"Feature","properties":{"osm_id":"way/67714083","name":null,"building":"yes","highway":null,"tourism":null,"historic":null,"amenity":null,"height_m":10,"height_source":"default","levels":null,"source":"OpenStreetMap"},"geometry":{"type":"Polygon","coordinates":[[[5.3671127,43.2989809],[5.3671365,43.2989757],[5.367163,43.2989718],[5.3671948,43.2990707],[5.3671652,43.2990757],[5.367142,43.2990797],[5.3671127,43.2989809]]]}},{"type":"Feature","properties":{"osm_id":"way/67714086","name":null,"building":"yes","highway":null,"tourism":null,"historic":null,"amenity":null,"height_m":28.8,"height_source":"osm","levels":"9","source":"OpenStreetMap"},"geometry":{"type":"Polygon","coordinates":[[[5.3708478,43.2983527],[5.3707934,43.2983698],[5.3707227,43.2983705],[5.3705334,43.2983704],[5.3704976,43.2983704],[5.3703592,43.2983703],[5.3703587,43.2982823],[5.3707048,43.2982813],[5.370805,43.2982814],[5.3708478,43.2983527]]]}},{"type":"Feature","properties":{"osm_id":"way/67714093","name":null,"building":"yes","highway":null,"tourism":null,"historic":null,"amenity":null,"height_m":10,"height_source":"default","levels":null,"source":"OpenStreetMap"},"geometry":{"type":"Polygon","coordinates":[[[5.3678024,43.298871],[5.3678818,43.2988566],[5.3679265,43.2988485],[5.3679432,43.2988813],[5.367821,43.2989087],[5.367809,43.2988844],[5.3678024,43.298871]]]}},{"type":"Feature","properties":{"osm_id":"way/67714099","name":null,"building":"yes","highway":null,"tourism":null,"historic":null,"amenity":null,"height_m":10,"height_source":"default","levels":null,"source":"OpenStreetMap"},"geometry":{"type":"Polygon","coordinates":[[[5.366825,43.2982422],[5.3667809,43.2981546],[5.3668329,43.2981456],[5.3668749,43.2982356],[5.366842,43.29824],[5.366825,43.2982422]]]}},{"type":"Feature","properties":{"osm_id":"way/67714109","name":null,"building":"apartments","highway":null,"tourism":null,"historic":null,"amenity":null,"height_m":10,"height_source":"default","levels":null,"source":"OpenStreetMap"},"geometry":{"type":"Polygon","coordinates":[[[5.3653545,43.298711],[5.3655506,43.2986877],[5.3655523,43.2986875],[5.3655518,43.298693],[5.3656464,43.2986835],[5.3656553,43.2987246],[5.3654947,43.2987469],[5.3653713,43.2987641],[5.3653545,43.298711]]]}},{"type":"Feature","properties":{"osm_id":"way/67714110","name":null,"building":"yes","highway":null,"tourism":null,"historic":null,"amenity":null,"height_m":10,"height_source":"default","levels":null,"source":"OpenStreetMap"},"geometry":{"type":"Polygon","coordinates":[[[5.3672091,43.29781],[5.3671243,43.2978197],[5.3671214,43.2978204],[5.3671165,43.2977841],[5.3671037,43.2977325],[5.3671086,43.2977321],[5.3671701,43.2977283],[5.3671913,43.2977727],[5.3672091,43.29781]]]}},{"type":"Feature","properties":{"osm_id":"way/67714117","name":null,"building":"yes","highway":null,"tourism":null,"historic":null,"amenity":null,"height_m":10,"height_source":"default","levels":null,"source":"OpenStreetMap"},"geometry":{"type":"Polygon","coordinates":[[[5.3620043,43.2949389],[5.3619704,43.2948986],[5.3620128,43.2948581],[5.3620211,43.2948628],[5.3619833,43.2948983],[5.3620143,43.2949342],[5.3620043,43.2949389]]]}},{"type":"Feature","properties":{"osm_id":"way/67714121","name":null,"building":"yes","highway":null,"tourism":null,"historic":null,"amenity":null,"height_m":10,"height_source":"default","levels":null,"source":"OpenStreetMap"},"geometry":{"type":"Polygon","coordinates":[[[5.3687963,43.2984576],[5.3687163,43.2985012],[5.368694,43.298514],[5.368666,43.2984859],[5.3686717,43.298482],[5.3687703,43.2984316],[5.3687881,43.2984494],[5.3687963,43.2984576]]]}},{"type":"Feature","properties":{"osm_id":"way/67714125","name":null,"building":"yes","highway":null,"tourism":null,"historic":null,"amenity":null,"height_m":10,"height_source":"default","levels":null,"source":"OpenStreetMap"},"geometry":{"type":"Polygon","coordinates":[[[5.3651956,43.2975976],[5.3650632,43.2976233],[5.3650414,43.2975841],[5.3651796,43.2975471],[5.3651884,43.297575],[5.3651956,43.2975976]]]}},{"type":"Feature","properties":{"osm_id":"way/67714126","name":null,"building":"apartments","highway":null,"tourism":null,"historic":null,"amenity":null,"height_m":10,"height_source":"default","levels":null,"source":"OpenStreetMap"},"geometry":{"type":"Polygon","coordinates":[[[5.3716732,43.298128],[5.3715965,43.2980937],[5.3715485,43.298094],[5.3715481,43.2980016],[5.3716304,43.2979978],[5.3716543,43.298009],[5.3717381,43.2980489],[5.3717021,43.2980928],[5.3716732,43.298128]]]}},{"type":"Feature","properties":{"osm_id":"way/67714133","name":null,"building":"yes","highway":null,"tourism":null,"historic":null,"amenity":null,"height_m":10,"height_source":"default","levels":null,"source":"OpenStreetMap"},"geometry":{"type":"Polygon","coordinates":[[[5.3680574,43.2992385],[5.3681217,43.2992319],[5.3681621,43.2993256],[5.3681291,43.2993288],[5.3681004,43.2993316],[5.3680574,43.2992385]]]}},{"type":"Feature","properties":{"osm_id":"way/67714137","name":null,"building":"yes","highway":null,"tourism":null,"historic":null,"amenity":null,"height_m":19.200000000000003,"height_source":"osm","levels":"6","source":"OpenStreetMap"},"geometry":{"type":"Polygon","coordinates":[[[5.373031,43.2966102],[5.3731846,43.2965972],[5.3731772,43.2966327],[5.3732156,43.2966378],[5.3731832,43.2967915],[5.3731263,43.2967844],[5.373061,43.2967763],[5.373031,43.2966102]]]}},{"type":"Feature","properties":{"osm_id":"way/67714140","name":null,"building":"apartments","highway":null,"tourism":null,"historic":null,"amenity":null,"height_m":10,"height_source":"default","levels":null,"source":"OpenStreetMap"},"geometry":{"type":"Polygon","coordinates":[[[5.366432,43.2982068],[5.3665473,43.2981871],[5.3665654,43.2982192],[5.3665704,43.2982281],[5.3664474,43.2982479],[5.366432,43.2982068]]]}},{"type":"Feature","properties":{"osm_id":"way/67714141","name":null,"building":"yes","highway":null,"tourism":null,"historic":null,"amenity":null,"height_m":10,"height_source":"default","levels":null,"source":"OpenStreetMap"},"geometry":{"type":"Polygon","coordinates":[[[5.3673011,43.2975109],[5.3673164,43.2975158],[5.3673366,43.2975182],[5.367332,43.2975433],[5.3673281,43.2975629],[5.3673247,43.2976084],[5.3673238,43.297616],[5.3672871,43.2976106],[5.3673011,43.2975109]]]}},{"type":"Feature","properties":{"osm_id":"way/67714150","name":null,"building":"yes","highway":null,"tourism":null,"historic":null,"amenity":null,"height_m":10,"height_source":"default","levels":null,"source":"OpenStreetMap"},"geometry":{"type":"Polygon","coordinates":[[[5.3675126,43.2983046],[5.3676654,43.2982569],[5.3676677,43.2982595],[5.3676928,43.298305],[5.367677,43.2983096],[5.3676623,43.2983145],[5.3675563,43.2983459],[5.3675572,43.2983481],[5.3675376,43.2983542],[5.3675193,43.298318],[5.3675126,43.2983046]]]}},{"type":"Feature","properties":{"osm_id":"way/67714156","name":null,"building":"yes","highway":null,"tourism":null,"historic":null,"amenity":null,"height_m":25.6,"height_source":"osm","levels":"8","source":"OpenStreetMap"},"geometry":{"type":"Polygon","coordinates":[[[5.3729929,43.2994689],[5.3729476,43.2995992],[5.3727664,43.2995661],[5.3728115,43.2994361],[5.37292,43.2994557],[5.3729929,43.2994689]]]}},{"type":"Feature","properties":{"osm_id":"way/67714160","name":null,"building":"yes","highway":null,"tourism":null,"historic":null,"amenity":null,"height_m":10,"height_source":"default","levels":null,"source":"OpenStreetMap"},"geometry":{"type":"Polygon","coordinates":[[[5.3672404,43.2995211],[5.3672337,43.29942],[5.367264,43.2994187],[5.3672984,43.2994173],[5.3673028,43.2995217],[5.3672582,43.2995213],[5.3672404,43.2995211]]]}},{"type":"Feature","properties":{"osm_id":"way/67714162","name":null,"building":"yes","highway":null,"tourism":null,"historic":null,"amenity":null,"height_m":10,"height_source":"default","levels":null,"source":"OpenStreetMap"},"geometry":{"type":"Polygon","coordinates":[[[5.368169,43.2981066],[5.3682259,43.2980855],[5.3682897,43.2980636],[5.3683137,43.2980958],[5.3683105,43.2980965],[5.368293,43.298104],[5.3682001,43.298139],[5.3681778,43.2981158],[5.368169,43.2981066]]]}},{"type":"Feature","properties":{"osm_id":"way/67714166","name":null,"building":"apartments","highway":null,"tourism":null,"historic":null,"amenity":null,"height_m":10,"height_source":"default","levels":null,"source":"OpenStreetMap"},"geometry":{"type":"Polygon","coordinates":[[[5.3687533,43.299435],[5.3687514,43.2993936],[5.3687972,43.2993882],[5.3688605,43.2993811],[5.3688624,43.2994066],[5.3688636,43.2994224],[5.3687533,43.299435]]]}},{"type":"Feature","properties":{"osm_id":"way/67714170","name":null,"building":"yes","highway":null,"tourism":null,"historic":null,"amenity":null,"height_m":16,"height_source":"osm","levels":"5","source":"OpenStreetMap"},"geometry":{"type":"Polygon","coordinates":[[[5.3678735,43.2993473],[5.3678356,43.2992553],[5.367883,43.2992525],[5.3679279,43.2993426],[5.3678953,43.2993454],[5.3678735,43.2993473]]]}},{"type":"Feature","properties":{"osm_id":"way/67714174","name":null,"building":"apartments","highway":null,"tourism":null,"historic":null,"amenity":null,"height_m":22.400000000000002,"height_source":"osm","levels":"7","source":"OpenStreetMap"},"geometry":{"type":"Polygon","coordinates":[[[5.3734237,43.2963982],[5.3734561,43.2965626],[5.3734615,43.2965859],[5.3734684,43.2966204],[5.3734686,43.2966244],[5.3733725,43.2966332],[5.3733635,43.2965848],[5.3733311,43.2965873],[5.3733194,43.2965884],[5.3733128,43.2965466],[5.3733545,43.2965425],[5.3733411,43.2964509],[5.3733305,43.2964232],[5.3733736,43.2964116],[5.3734237,43.2963982]]]}},{"type":"Feature","properties":{"osm_id":"way/67714176","name":null,"building":"yes","highway":null,"tourism":null,"historic":null,"amenity":null,"height_m":10,"height_source":"default","levels":null,"source":"OpenStreetMap"},"geometry":{"type":"Polygon","coordinates":[[[5.3684584,43.299012],[5.3684263,43.2990173],[5.3684194,43.2989987],[5.3684496,43.2989941],[5.3684541,43.2990033],[5.3684584,43.299012]]]}},{"type":"Feature","properties":{"osm_id":"way/67714177","name":null,"building":"yes","highway":null,"tourism":null,"historic":null,"amenity":null,"height_m":10,"height_source":"default","levels":null,"source":"OpenStreetMap"},"geometry":{"type":"Polygon","coordinates":[[[5.3672671,43.2981094],[5.3673515,43.2980897],[5.3673685,43.2981229],[5.3673764,43.2981384],[5.3672937,43.2981583],[5.3672671,43.2981094]]]}},{"type":"Feature","properties":{"osm_id":"way/67714178","name":null,"building":"yes","highway":null,"tourism":null,"historic":null,"amenity":null,"height_m":10,"height_source":"default","levels":null,"source":"OpenStreetMap"},"geometry":{"type":"Polygon","coordinates":[[[5.3675735,43.2975257],[5.3675549,43.2975674],[5.3676193,43.2975626],[5.3676732,43.2975585],[5.3676795,43.2975155],[5.3677125,43.2975185],[5.3677433,43.2973684],[5.3677652,43.2973721],[5.3677789,43.2973334],[5.3678395,43.297345],[5.3678662,43.297351],[5.3678978,43.2973576],[5.3679049,43.2973392],[5.3679261,43.2972886],[5.3677265,43.2972408],[5.3677224,43.2972406],[5.3676785,43.297326],[5.3676469,43.2973202],[5.3676455,43.29732],[5.3676404,43.2973356],[5.3676171,43.2973835],[5.3676072,43.2974036],[5.3676254,43.2974069],[5.3676217,43.2974193],[5.3676034,43.297467],[5.3675735,43.2975257]]]}},{"type":"Feature","properties":{"osm_id":"way/67714184","name":null,"building":"yes","highway":null,"tourism":null,"historic":null,"amenity":null,"height_m":10,"height_source":"default","levels":null,"source":"OpenStreetMap"},"geometry":{"type":"Polygon","coordinates":[[[5.3722139,43.2974911],[5.3721046,43.2974438],[5.3721033,43.2974173],[5.3720932,43.2974174],[5.3720979,43.2973683],[5.3721583,43.2973716],[5.3722708,43.2974212],[5.3722376,43.297462],[5.3722139,43.2974911]]]}},{"type":"Feature","properties":{"osm_id":"way/67714187","name":null,"building":"apartments","highway":null,"tourism":null,"historic":null,"amenity":null,"height_m":10,"height_source":"default","levels":null,"source":"OpenStreetMap"},"geometry":{"type":"Polygon","coordinates":[[[5.3670079,43.2984879],[5.3669406,43.2984993],[5.3668669,43.298511],[5.3668542,43.2985127],[5.3668441,43.2984673],[5.3669889,43.2984466],[5.3670079,43.2984879]]]}},{"type":"Feature","properties":{"osm_id":"way/67714191","name":null,"building":"yes","highway":null,"tourism":null,"historic":null,"amenity":null,"height_m":10,"height_source":"default","levels":null,"source":"OpenStreetMap"},"geometry":{"type":"Polygon","coordinates":[[[5.3692092,43.2994227],[5.3692013,43.2993906],[5.3691983,43.2993771],[5.3692664,43.2993783],[5.369334,43.2993801],[5.3693384,43.2993804],[5.3693472,43.2994098],[5.3693204,43.2994145],[5.3693213,43.2994185],[5.3692092,43.2994227]]]}},{"type":"Feature","properties":{"osm_id":"way/67714192","name":null,"building":"apartments","highway":null,"tourism":null,"historic":null,"amenity":null,"height_m":16,"height_source":"osm","levels":"5","source":"OpenStreetMap"},"geometry":{"type":"Polygon","coordinates":[[[5.3696048,43.2991778],[5.3696694,43.2991785],[5.3696709,43.2992411],[5.3696721,43.2992653],[5.3696378,43.2992649],[5.369608,43.2992646],[5.3696055,43.299226],[5.3696048,43.2991778]]]}},{"type":"Feature","properties":{"osm_id":"way/67714198","name":null,"building":"yes","highway":null,"tourism":null,"historic":null,"amenity":null,"height_m":10,"height_source":"default","levels":null,"source":"OpenStreetMap"},"geometry":{"type":"Polygon","coordinates":[[[5.3686595,43.2975003],[5.3686651,43.297499],[5.368788,43.2974816],[5.3687946,43.2975507],[5.3687307,43.2975584],[5.3686787,43.2975646],[5.3686595,43.2975003]]]}},{"type":"Feature","properties":{"osm_id":"way/67714214","name":null,"building":"apartments","highway":null,"tourism":null,"historic":null,"amenity":null,"height_m":10,"height_source":"default","levels":null,"source":"OpenStreetMap"},"geometry":{"type":"Polygon","coordinates":[[[5.3660246,43.2979072],[5.3661457,43.2978948],[5.3661535,43.2979167],[5.3661584,43.2979305],[5.3660364,43.2979458],[5.3660246,43.2979072]]]}},{"type":"Feature","properties":{"osm_id":"way/67714219","name":null,"building":"yes","highway":null,"tourism":null,"historic":null,"amenity":null,"height_m":10,"height_source":"default","levels":null,"source":"OpenStreetMap"},"geometry":{"type":"Polygon","coordinates":[[[5.3662036,43.297511],[5.3662035,43.2974785],[5.3662632,43.2974717],[5.3662576,43.2975027],[5.3662036,43.297511]]]}},{"type":"Feature","properties":{"osm_id":"way/67714221","name":null,"building":"yes","highway":null,"tourism":null,"historic":null,"amenity":null,"height_m":22.400000000000002,"height_source":"osm","levels":"7","source":"OpenStreetMap"},"geometry":{"type":"Polygon","coordinates":[[[5.3731035,43.2969847],[5.3730318,43.2969904],[5.3730249,43.2969343],[5.373098,43.2969266],[5.373101,43.2969583],[5.3731035,43.2969847]]]}},{"type":"Feature","properties":{"osm_id":"way/67714224","name":null,"building":"apartments","highway":null,"tourism":null,"historic":null,"amenity":null,"height_m":10,"height_source":"default","levels":null,"source":"OpenStreetMap"},"geometry":{"type":"Polygon","coordinates":[[[5.3668446,43.2982749],[5.3668756,43.2983718],[5.3668154,43.2983796],[5.366776,43.2982845],[5.3668176,43.2982787],[5.3668446,43.2982749]]]}},{"type":"Feature","properties":{"osm_id":"way/67714225","name":null,"building":"yes","highway":null,"tourism":null,"historic":null,"amenity":null,"height_m":10,"height_source":"default","levels":null,"source":"OpenStreetMap"},"geometry":{"type":"Polygon","coordinates":[[[5.3668229,43.297492],[5.3670705,43.2974854],[5.367074,43.2975366],[5.3670772,43.2975374],[5.3670779,43.297541],[5.3668244,43.2975429],[5.3668229,43.297492]]]}},{"type":"Feature","properties":{"osm_id":"way/67714229","name":null,"building":"yes","highway":null,"tourism":null,"historic":null,"amenity":null,"height_m":10,"height_source":"default","levels":null,"source":"OpenStreetMap"},"geometry":{"type":"Polygon","coordinates":[[[5.3702963,43.2994186],[5.3703092,43.2994176],[5.370311,43.2994261],[5.370312,43.2994387],[5.3702557,43.2994433],[5.3702529,43.2994222],[5.3702877,43.2994189],[5.3702963,43.2994186]]]}},{"type":"Feature","properties":{"osm_id":"way/67714235","name":null,"building":"yes","highway":null,"tourism":null,"historic":null,"amenity":null,"height_m":10,"height_source":"default","levels":null,"source":"OpenStreetMap"},"geometry":{"type":"Polygon","coordinates":[[[5.3655618,43.2984115],[5.3655644,43.2984227],[5.365564,43.2984241],[5.3655422,43.2984285],[5.3655341,43.298429],[5.3654716,43.2984384],[5.3654674,43.2984498],[5.3653718,43.2984526],[5.3653869,43.2984151],[5.3653959,43.2983929],[5.3655556,43.2983772],[5.3656327,43.2983652],[5.3656628,43.2983611],[5.3656719,43.2984107],[5.3656132,43.2984179],[5.3656101,43.2984068],[5.3655618,43.2984115]]]}},{"type":"Feature","properties":{"osm_id":"way/67714236","name":null,"building":"yes","highway":null,"tourism":null,"historic":null,"amenity":null,"height_m":10,"height_source":"default","levels":null,"source":"OpenStreetMap"},"geometry":{"type":"Polygon","coordinates":[[[5.3651554,43.2978019],[5.3651641,43.2978992],[5.3651563,43.2979002],[5.3650995,43.2979069],[5.3650961,43.2978073],[5.3651297,43.2978042],[5.3651554,43.2978019]]]}},{"type":"Feature","properties":{"osm_id":"way/67714237","name":null,"building":"yes","highway":null,"tourism":null,"historic":null,"amenity":null,"height_m":10,"height_source":"default","levels":null,"source":"OpenStreetMap"},"geometry":{"type":"Polygon","coordinates":[[[5.3714139,43.2978701],[5.3714138,43.2978917],[5.3714673,43.2978913],[5.3714688,43.2980021],[5.3710531,43.2980052],[5.371035,43.2979727],[5.3710064,43.2979811],[5.3709911,43.2979531],[5.3710172,43.2979448],[5.371017,43.2978714],[5.3711038,43.2978711],[5.371324,43.2978704],[5.3714139,43.2978701]]]}},{"type":"Feature","properties":{"osm_id":"way/67714240","name":null,"building":"yes","highway":null,"tourism":null,"historic":null,"amenity":null,"height_m":10,"height_source":"default","levels":null,"source":"OpenStreetMap"},"geometry":{"type":"Polygon","coordinates":[[[5.3687581,43.2985764],[5.368766,43.298571],[5.3687672,43.2985704],[5.3687764,43.2985802],[5.3687663,43.2985845],[5.3687581,43.2985764]]]}},{"type":"Feature","properties":{"osm_id":"way/67714244","name":null,"building":"yes","highway":null,"tourism":null,"historic":null,"amenity":null,"height_m":10,"height_source":"default","levels":null,"source":"OpenStreetMap"},"geometry":{"type":"Polygon","coordinates":[[[5.3676685,43.2990815],[5.3677175,43.2990703],[5.367735,43.2991126],[5.3677239,43.2991155],[5.3676809,43.2991241],[5.3676688,43.2990837],[5.3676685,43.2990815]]]}},{"type":"Feature","properties":{"osm_id":"way/67714251","name":null,"building":"yes","highway":null,"tourism":null,"historic":null,"amenity":null,"height_m":10,"height_source":"default","levels":null,"source":"OpenStreetMap"},"geometry":{"type":"Polygon","coordinates":[[[5.3671796,43.2981811],[5.3671331,43.2980878],[5.3671917,43.2980775],[5.367242,43.2981688],[5.3672108,43.298175],[5.3671796,43.2981811]]]}},{"type":"Feature","properties":{"osm_id":"way/67714255","name":null,"building":"yes","highway":null,"tourism":null,"historic":null,"amenity":null,"height_m":10,"height_source":"default","levels":null,"source":"OpenStreetMap"},"geometry":{"type":"Polygon","coordinates":[[[5.3664969,43.2991727],[5.3663202,43.2991899],[5.366312,43.2991662],[5.3663066,43.2991506],[5.3664809,43.29912],[5.3664969,43.2991727]]]}},{"type":"Feature","properties":{"osm_id":"way/67714256","name":null,"building":"apartments","highway":null,"tourism":null,"historic":null,"amenity":null,"height_m":9.600000000000001,"height_source":"osm","levels":"3","source":"OpenStreetMap"},"geometry":{"type":"Polygon","coordinates":[[[5.3660228,43.2977258],[5.36585,43.2977373],[5.3658642,43.2976624],[5.3658906,43.2975448],[5.3659152,43.2974353],[5.3660506,43.2973864],[5.3660547,43.2973847],[5.3660691,43.2974705],[5.3660776,43.29747],[5.3660735,43.2974829],[5.3660472,43.29748],[5.3660166,43.2976182],[5.3660444,43.2976215],[5.3660228,43.2977258]]]}},{"type":"Feature","properties":{"osm_id":"way/67714262","name":null,"building":"yes","highway":null,"tourism":null,"historic":null,"amenity":null,"height_m":16,"height_source":"osm","levels":"5","source":"OpenStreetMap"},"geometry":{"type":"Polygon","coordinates":[[[5.3676158,43.2969818],[5.3675809,43.2971396],[5.3675732,43.297174],[5.3675732,43.2971758],[5.3675198,43.297167],[5.3675229,43.2971522],[5.3675632,43.2969715],[5.3675897,43.2969767],[5.3676158,43.2969818]]]}},{"type":"Feature","properties":{"osm_id":"way/67714274","name":null,"building":"yes","highway":null,"tourism":null,"historic":null,"amenity":null,"height_m":10,"height_source":"default","levels":null,"source":"OpenStreetMap"},"geometry":{"type":"Polygon","coordinates":[[[5.3675563,43.2983459],[5.3676623,43.2983145],[5.3676878,43.2983594],[5.3675801,43.2983904],[5.3675778,43.2983883],[5.367565,43.2983634],[5.3675572,43.2983481],[5.3675563,43.2983459]]]}},{"type":"Feature","properties":{"osm_id":"way/67714276","name":null,"building":"yes","highway":null,"tourism":null,"historic":null,"amenity":null,"height_m":10,"height_source":"default","levels":null,"source":"OpenStreetMap"},"geometry":{"type":"Polygon","coordinates":[[[5.36502,43.2977682],[5.3650036,43.2977073],[5.3650045,43.297705],[5.365039,43.2976983],[5.3650589,43.2977635],[5.3650397,43.2977658],[5.36502,43.2977682]]]}},{"type":"Feature","properties":{"osm_id":"way/67714282","name":null,"building":"yes","highway":null,"tourism":null,"historic":null,"amenity":null,"height_m":10,"height_source":"default","levels":null,"source":"OpenStreetMap"},"geometry":{"type":"Polygon","coordinates":[[[5.3688142,43.2990998],[5.3688008,43.2991011],[5.3687961,43.2990928],[5.3688119,43.2990905],[5.3688142,43.2990998]]]}},{"type":"Feature","properties":{"osm_id":"way/67714284","name":null,"building":"yes","highway":null,"tourism":null,"historic":null,"amenity":null,"height_m":10,"height_source":"default","levels":null,"source":"OpenStreetMap"},"geometry":{"type":"Polygon","coordinates":[[[5.3687163,43.2983759],[5.3686204,43.2984287],[5.3686077,43.2984358],[5.3685537,43.2983795],[5.3685685,43.2983709],[5.3686581,43.2983229],[5.3686556,43.2983208],[5.3686626,43.2983182],[5.3686928,43.2983506],[5.3687163,43.2983759]]]}},{"type":"Feature","properties":{"osm_id":"way/67714288","name":null,"building":"yes","highway":null,"tourism":null,"historic":null,"amenity":null,"height_m":10,"height_source":"default","levels":null,"source":"OpenStreetMap"},"geometry":{"type":"Polygon","coordinates":[[[5.3609788,43.2980498],[5.3609928,43.2980328],[5.3610217,43.2980459],[5.3610077,43.2980628],[5.3609788,43.2980498]]]}},{"type":"Feature","properties":{"osm_id":"way/67714290","name":null,"building":"yes","highway":null,"tourism":null,"historic":null,"amenity":null,"height_m":10,"height_source":"default","levels":null,"source":"OpenStreetMap"},"geometry":{"type":"Polygon","coordinates":[[[5.3698037,43.2978636],[5.3698046,43.297855],[5.3698163,43.2978551],[5.3698158,43.2978585],[5.3698149,43.2978637],[5.3698037,43.2978636]]]}},{"type":"Feature","properties":{"osm_id":"way/67714292","name":null,"building":"yes","highway":null,"tourism":null,"historic":null,"amenity":null,"height_m":10,"height_source":"default","levels":null,"source":"OpenStreetMap"},"geometry":{"type":"Polygon","coordinates":[[[5.3684278,43.299528],[5.368425,43.2995065],[5.368423,43.2995065],[5.3684211,43.2994885],[5.3684208,43.2994876],[5.3684527,43.299485],[5.368564,43.2994764],[5.3685641,43.2994787],[5.3685665,43.2995018],[5.368568,43.2995168],[5.3684278,43.299528]]]}},{"type":"Feature","properties":{"osm_id":"way/67714293","name":null,"building":"apartments","highway":null,"tourism":null,"historic":null,"amenity":null,"height_m":10,"height_source":"default","levels":null,"source":"OpenStreetMap"},"geometry":{"type":"Polygon","coordinates":[[[5.3706947,43.2994996],[5.3706865,43.2994594],[5.3708266,43.29945],[5.3708384,43.2994879],[5.3707586,43.2994944],[5.3706947,43.2994996]]]}},{"type":"Feature","properties":{"osm_id":"way/67714300","name":null,"building":"yes","highway":null,"tourism":null,"historic":null,"amenity":null,"height_m":10,"height_source":"default","levels":null,"source":"OpenStreetMap"},"geometry":{"type":"Polygon","coordinates":[[[5.3683795,43.296528],[5.3683442,43.2965243],[5.3683091,43.2965206],[5.3682685,43.2965163],[5.3682283,43.2965121],[5.3681837,43.2965074],[5.368124,43.2965011],[5.3680839,43.2964969],[5.3680428,43.2964926],[5.3680294,43.2964912],[5.3680223,43.2964905],[5.3680078,43.2964844],[5.3680005,43.2964734],[5.3680074,43.2964364],[5.3683893,43.2964771],[5.3683921,43.2964643],[5.3684512,43.2964703],[5.3684446,43.2965003],[5.3684253,43.2964985],[5.3683982,43.2966269],[5.3684182,43.2966293],[5.3684123,43.2966613],[5.3683748,43.2966571],[5.3683728,43.2966564],[5.3683608,43.2966486],[5.3683571,43.2966371],[5.3683599,43.2966233],[5.3683645,43.296601],[5.3683708,43.2965706],[5.3683766,43.2965421],[5.3683795,43.296528]]]}},{"type":"Feature","properties":{"osm_id":"way/67714305","name":null,"building":"apartments","highway":null,"tourism":null,"historic":null,"amenity":null,"height_m":10,"height_source":"default","levels":null,"source":"OpenStreetMap"},"geometry":{"type":"Polygon","coordinates":[[[5.3653065,43.2984164],[5.3653121,43.2984035],[5.3653218,43.2983812],[5.365181,43.2983614],[5.3651725,43.2983619],[5.3651676,43.2983623],[5.3651379,43.2983642],[5.365137,43.2983817],[5.3651362,43.2983863],[5.3651385,43.298406],[5.3651483,43.2984058],[5.365209,43.2984012],[5.3653065,43.2984164]]]}},{"type":"Feature","properties":{"osm_id":"way/67714306","name":null,"building":"apartments","highway":null,"tourism":null,"historic":null,"amenity":null,"height_m":12.8,"height_source":"osm","levels":"4","source":"OpenStreetMap"},"geometry":{"type":"Polygon","coordinates":[[[5.3654242,43.2973627],[5.3654654,43.2973633],[5.3655598,43.2973648],[5.3655525,43.2973983],[5.3655474,43.297422],[5.3653671,43.2974286],[5.3653774,43.2973665],[5.3654242,43.2973627]]]}},{"type":"Feature","properties":{"osm_id":"way/67714315","name":null,"building":"yes","highway":null,"tourism":null,"historic":null,"amenity":null,"height_m":10,"height_source":"default","levels":null,"source":"OpenStreetMap"},"geometry":{"type":"Polygon","coordinates":[[[5.3673906,43.298058],[5.3675349,43.2980125],[5.3675684,43.2980683],[5.3674198,43.2981153],[5.3674012,43.2980787],[5.3673906,43.298058]]]}},{"type":"Feature","properties":{"osm_id":"way/67714316","name":null,"building":"yes","highway":null,"tourism":null,"historic":null,"amenity":null,"height_m":10,"height_source":"default","levels":null,"source":"OpenStreetMap"},"geometry":{"type":"Polygon","coordinates":[[[5.3678776,43.2979652],[5.3678618,43.2979793],[5.3678079,43.2980278],[5.367743,43.2979898],[5.3677553,43.2979783],[5.36777,43.2979785],[5.3677861,43.2979724],[5.367796,43.2979613],[5.3677964,43.2979481],[5.3678331,43.2979409],[5.3678776,43.2979652]]]}},{"type":"Feature","properties":{"osm_id":"way/67714328","name":null,"building":"yes","highway":null,"tourism":null,"historic":null,"amenity":null,"height_m":10,"height_source":"default","levels":null,"source":"OpenStreetMap"},"geometry":{"type":"Polygon","coordinates":[[[5.3690279,43.2981791],[5.3690918,43.298186],[5.3690802,43.2982337],[5.3691514,43.2982401],[5.3691423,43.2982662],[5.3691356,43.2982855],[5.369004,43.2982629],[5.3690279,43.2981791]]]}},{"type":"Feature","properties":{"osm_id":"way/67714336","name":null,"building":"yes","highway":null,"tourism":null,"historic":null,"amenity":null,"height_m":10,"height_source":"default","levels":null,"source":"OpenStreetMap"},"geometry":{"type":"Polygon","coordinates":[[[5.3666564,43.2992713],[5.3667987,43.2992548],[5.3668129,43.2992982],[5.3667673,43.2993037],[5.3666704,43.2993165],[5.3666612,43.2992868],[5.3666564,43.2992713]]]}},{"type":"Feature","properties":{"osm_id":"way/67714337","name":null,"building":"apartments","highway":null,"tourism":null,"historic":null,"amenity":null,"height_m":10,"height_source":"default","levels":null,"source":"OpenStreetMap"},"geometry":{"type":"Polygon","coordinates":[[[5.3670817,43.2968923],[5.3670808,43.2969737],[5.3670811,43.297008],[5.3670809,43.2970278],[5.3670344,43.2970275],[5.3670278,43.2968952],[5.36706,43.2968935],[5.3670817,43.2968923]]]}},{"type":"Feature","properties":{"osm_id":"way/67714339","name":null,"building":"yes","highway":null,"tourism":null,"historic":null,"amenity":null,"height_m":10,"height_source":"default","levels":null,"source":"OpenStreetMap"},"geometry":{"type":"Polygon","coordinates":[[[5.3722859,43.2966862],[5.372328,43.2964999],[5.3723703,43.2965038],[5.3724334,43.2965095],[5.3723988,43.2966999],[5.372318,43.2966901],[5.3722859,43.2966862]]]}},{"type":"Feature","properties":{"osm_id":"way/67714342","name":null,"building":"yes","highway":null,"tourism":null,"historic":null,"amenity":null,"height_m":10,"height_source":"default","levels":null,"source":"OpenStreetMap"},"geometry":{"type":"Polygon","coordinates":[[[5.3650628,43.2983868],[5.3651362,43.2983863],[5.3651385,43.298406],[5.3650705,43.2984085],[5.3650628,43.2983868]]]}},{"type":"Feature","properties":{"osm_id":"way/67714343","name":null,"building":"yes","highway":null,"tourism":null,"historic":null,"amenity":null,"height_m":10,"height_source":"default","levels":null,"source":"OpenStreetMap"},"geometry":{"type":"Polygon","coordinates":[[[5.3678348,43.297375],[5.3678395,43.297345],[5.3678662,43.297351],[5.3678635,43.2973765],[5.3678348,43.297375]]]}},{"type":"Feature","properties":{"osm_id":"way/67714352","name":null,"building":"yes","highway":null,"tourism":null,"historic":null,"amenity":null,"height_m":10,"height_source":"default","levels":null,"source":"OpenStreetMap"},"geometry":{"type":"Polygon","coordinates":[[[5.3660353,43.2985603],[5.3658544,43.298589],[5.365851,43.2985779],[5.3658386,43.2985435],[5.3658428,43.2985428],[5.3658431,43.2985446],[5.3660196,43.2985107],[5.3660302,43.2985441],[5.3660353,43.2985603]]]}},{"type":"Feature","properties":{"osm_id":"way/67714353","name":null,"building":"yes","highway":null,"tourism":null,"historic":null,"amenity":null,"height_m":10,"height_source":"default","levels":null,"source":"OpenStreetMap"},"geometry":{"type":"Polygon","coordinates":[[[5.3673767,43.2978105],[5.3674189,43.2978075],[5.3674304,43.2978302],[5.3674367,43.2978416],[5.3673946,43.2978473],[5.3673767,43.2978105]]]}},{"type":"Feature","properties":{"osm_id":"way/67714359","name":null,"building":"yes","highway":null,"tourism":null,"historic":null,"amenity":null,"height_m":16,"height_source":"osm","levels":"5","source":"OpenStreetMap"},"geometry":{"type":"Polygon","coordinates":[[[5.3685838,43.2968076],[5.3685715,43.2968733],[5.3685615,43.2969295],[5.3686372,43.2969372],[5.3686487,43.2969391],[5.3686317,43.2970297],[5.3685237,43.2970183],[5.3684003,43.2970052],[5.3684333,43.2968326],[5.3684407,43.2967942],[5.3685838,43.2968076]]]}},{"type":"Feature","properties":{"osm_id":"way/67714364","name":null,"building":"yes","highway":null,"tourism":null,"historic":null,"amenity":null,"height_m":10,"height_source":"default","levels":null,"source":"OpenStreetMap"},"geometry":{"type":"Polygon","coordinates":[[[5.3706486,43.2972162],[5.3706613,43.2971522],[5.3706764,43.297076],[5.3708071,43.2970898],[5.3708023,43.2971144],[5.3707971,43.2971413],[5.3707915,43.2971702],[5.3707851,43.2972035],[5.3707816,43.2972216],[5.3707801,43.2972292],[5.3706486,43.2972162]]]}},{"type":"Feature","properties":{"osm_id":"way/67714367","name":null,"building":"yes","highway":null,"tourism":null,"historic":null,"amenity":null,"height_m":10,"height_source":"default","levels":null,"source":"OpenStreetMap"},"geometry":{"type":"Polygon","coordinates":[[[5.3691116,43.2988345],[5.3689682,43.2988701],[5.3689572,43.2988715],[5.3689342,43.2988288],[5.3689536,43.2988244],[5.3690844,43.2987952],[5.3690975,43.2988141],[5.3691116,43.2988345]]]}},{"type":"Feature","properties":{"osm_id":"way/67714371","name":null,"building":"yes","highway":null,"tourism":null,"historic":null,"amenity":null,"height_m":12.8,"height_source":"osm","levels":"4","source":"OpenStreetMap"},"geometry":{"type":"Polygon","coordinates":[[[5.3676136,43.299503],[5.3676089,43.2994036],[5.3676478,43.2994018],[5.3676871,43.2993999],[5.3676885,43.2994291],[5.3676918,43.2995003],[5.3676136,43.299503]]]}},{"type":"Feature","properties":{"osm_id":"way/67714378","name":null,"building":"yes","highway":null,"tourism":null,"historic":null,"amenity":null,"height_m":10,"height_source":"default","levels":null,"source":"OpenStreetMap"},"geometry":{"type":"Polygon","coordinates":[[[5.3682441,43.2992068],[5.3682475,43.299207],[5.3683108,43.2991995],[5.3683226,43.2992548],[5.3682576,43.2992632],[5.3682493,43.2992286],[5.3682441,43.2992068]]]}},{"type":"Feature","properties":{"osm_id":"way/67714379","name":null,"building":"yes","highway":null,"tourism":null,"historic":null,"amenity":null,"height_m":10,"height_source":"default","levels":null,"source":"OpenStreetMap"},"geometry":{"type":"Polygon","coordinates":[[[5.3648717,43.2981172],[5.3649621,43.2981134],[5.3649754,43.2981655],[5.3648866,43.2981673],[5.3648766,43.2981338],[5.3648717,43.2981172]]]}},{"type":"Feature","properties":{"osm_id":"way/67714380","name":null,"building":"yes","highway":null,"tourism":null,"historic":"manor","amenity":null,"height_m":19.200000000000003,"height_source":"osm","levels":"6","source":"OpenStreetMap"},"geometry":{"type":"Polygon","coordinates":[[[5.3684256,43.297209],[5.3683945,43.297276],[5.3683432,43.2973649],[5.368342,43.2973664],[5.368267,43.2973493],[5.3683068,43.2972909],[5.3682874,43.2972848],[5.3683429,43.297183],[5.3683921,43.2971985],[5.3684256,43.297209]]]}},{"type":"Feature","properties":{"osm_id":"way/67714384","name":null,"building":"yes","highway":null,"tourism":null,"historic":null,"amenity":null,"height_m":10,"height_source":"default","levels":null,"source":"OpenStreetMap"},"geometry":{"type":"Polygon","coordinates":[[[5.3651509,43.2974509],[5.3649873,43.2974908],[5.3649586,43.2974401],[5.3651304,43.2973975],[5.3651442,43.2974334],[5.3651509,43.2974509]]]}},{"type":"Feature","properties":{"osm_id":"way/67714390","name":null,"building":"yes","highway":null,"tourism":null,"historic":null,"amenity":null,"height_m":10,"height_source":"default","levels":null,"source":"OpenStreetMap"},"geometry":{"type":"Polygon","coordinates":[[[5.3679118,43.2977143],[5.3679348,43.2978443],[5.3679299,43.297846],[5.3678865,43.2978436],[5.3678529,43.2978417],[5.3678472,43.2977219],[5.3678711,43.2977191],[5.3679118,43.2977143]]]}},{"type":"Feature","properties":{"osm_id":"way/67714399","name":null,"building":"yes","highway":null,"tourism":null,"historic":null,"amenity":null,"height_m":10,"height_source":"default","levels":null,"source":"OpenStreetMap"},"geometry":{"type":"Polygon","coordinates":[[[5.3672051,43.2990972],[5.367248,43.2990903],[5.3672858,43.2990842],[5.3673048,43.29913],[5.3672172,43.2991439],[5.3672051,43.2990972]]]}},{"type":"Feature","properties":{"osm_id":"way/67714414","name":null,"building":"yes","highway":null,"tourism":null,"historic":null,"amenity":null,"height_m":10,"height_source":"default","levels":null,"source":"OpenStreetMap"},"geometry":{"type":"Polygon","coordinates":[[[5.3684407,43.2991359],[5.3684091,43.2991402],[5.3683823,43.2991437],[5.3683766,43.2991177],[5.3683604,43.2991206],[5.3683554,43.2990996],[5.3684116,43.2990926],[5.3684407,43.2991359]]]}},{"type":"Feature","properties":{"osm_id":"way/67714416","name":null,"building":"yes","highway":null,"tourism":null,"historic":null,"amenity":null,"height_m":10,"height_source":"default","levels":null,"source":"OpenStreetMap"},"geometry":{"type":"Polygon","coordinates":[[[5.3680165,43.2975074],[5.3681624,43.2974962],[5.3681625,43.2975183],[5.3681347,43.2975209],[5.368135,43.2975231],[5.3680414,43.2975302],[5.368015,43.2975319],[5.3680165,43.2975074]]]}},{"type":"Feature","properties":{"osm_id":"way/67714420","name":null,"building":"yes","highway":null,"tourism":null,"historic":null,"amenity":null,"height_m":10,"height_source":"default","levels":null,"source":"OpenStreetMap"},"geometry":{"type":"Polygon","coordinates":[[[5.3646031,43.2961766],[5.3645954,43.29618],[5.3646106,43.2961984],[5.3644951,43.2962487],[5.3644784,43.2962283],[5.3644486,43.2962414],[5.3644653,43.2962617],[5.3645876,43.2964112],[5.3645934,43.2964086],[5.3645985,43.296415],[5.3645928,43.2964175],[5.3646043,43.2964317],[5.3646144,43.2964642],[5.3646196,43.2964776],[5.364626,43.2964907],[5.3646333,43.2965034],[5.3646449,43.2965189],[5.3646521,43.2965275],[5.3646633,43.2965388],[5.3646886,43.2965595],[5.3647027,43.2965689],[5.3647282,43.2965829],[5.3647403,43.2965976],[5.3647461,43.2965951],[5.3647509,43.2966011],[5.3647452,43.2966036],[5.3648141,43.2966883],[5.3651374,43.2965475],[5.3650698,43.2964645],[5.3651057,43.2964489],[5.3651661,43.2964226],[5.3651596,43.2964149],[5.365177,43.2964072],[5.365195,43.2963993],[5.3653659,43.2966075],[5.3651962,43.2966787],[5.3651872,43.2966679],[5.3649013,43.2967957],[5.3649323,43.296833],[5.3648301,43.2968776],[5.3648211,43.2968667],[5.3648324,43.2968619],[5.3648298,43.2968586],[5.364709,43.2969111],[5.364542,43.2967083],[5.364568,43.296697],[5.3645305,43.2966518],[5.3645043,43.2966628],[5.3644649,43.2966147],[5.3645287,43.2965869],[5.3644996,43.2965516],[5.3644361,43.2965793],[5.3643983,43.2965326],[5.3644241,43.2965214],[5.3643858,43.2964764],[5.3644768,43.2964367],[5.3644323,43.2963823],[5.3643161,43.2964331],[5.364266,43.2963711],[5.3643819,43.2963206],[5.3643434,43.2962734],[5.3642279,43.2963238],[5.3641775,43.2962614],[5.3642925,43.2962111],[5.3642449,43.2961531],[5.3644941,43.2960436],[5.3646031,43.2961766]]]}},{"type":"Feature","properties":{"osm_id":"way/67714425","name":null,"building":"apartments","highway":null,"tourism":null,"historic":null,"amenity":null,"height_m":10,"height_source":"default","levels":null,"source":"OpenStreetMap"},"geometry":{"type":"Polygon","coordinates":[[[5.3667508,43.2987532],[5.3667665,43.298801],[5.3667795,43.2988404],[5.3667084,43.2988511],[5.3666794,43.2987649],[5.3667508,43.2987532]]]}},{"type":"Feature","properties":{"osm_id":"way/67714426","name":null,"building":"yes","highway":null,"tourism":null,"historic":null,"amenity":null,"height_m":10,"height_source":"default","levels":null,"source":"OpenStreetMap"},"geometry":{"type":"Polygon","coordinates":[[[5.3669553,43.2979344],[5.3669356,43.297876],[5.3669627,43.2978733],[5.3670027,43.2978692],[5.3670216,43.2979272],[5.3669553,43.2979344]]]}},{"type":"Feature","properties":{"osm_id":"way/67714430","name":null,"building":"apartments","highway":null,"tourism":null,"historic":null,"amenity":null,"height_m":10,"height_source":"default","levels":null,"source":"OpenStreetMap"},"geometry":{"type":"Polygon","coordinates":[[[5.3667975,43.2985203],[5.3668542,43.2985127],[5.3668669,43.298511],[5.3668881,43.2985593],[5.3668546,43.2985666],[5.3668211,43.2985739],[5.3667975,43.2985203]]]}},{"type":"Feature","properties":{"osm_id":"way/67714432","name":null,"building":"yes","highway":null,"tourism":null,"historic":null,"amenity":null,"height_m":10,"height_source":"default","levels":null,"source":"OpenStreetMap"},"geometry":{"type":"Polygon","coordinates":[[[5.3688224,43.2984876],[5.3687434,43.2985308],[5.3687163,43.2985012],[5.3687963,43.2984576],[5.3688071,43.29847],[5.3688224,43.2984876]]]}},{"type":"Feature","properties":{"osm_id":"way/67714434","name":null,"building":"yes","highway":null,"tourism":null,"historic":null,"amenity":null,"height_m":10,"height_source":"default","levels":null,"source":"OpenStreetMap"},"geometry":{"type":"Polygon","coordinates":[[[5.3671381,43.2988741],[5.3672025,43.2988642],[5.367233,43.2989405],[5.3672261,43.2989409],[5.367231,43.2989592],[5.367163,43.2989718],[5.3671586,43.2989545],[5.3671381,43.2988741]]]}},{"type":"Feature","properties":{"osm_id":"way/67714436","name":null,"building":"yes","highway":null,"tourism":null,"historic":null,"amenity":null,"height_m":10,"height_source":"default","levels":null,"source":"OpenStreetMap"},"geometry":{"type":"Polygon","coordinates":[[[5.3648464,43.2976349],[5.3648775,43.2977126],[5.3648211,43.2977272],[5.3648117,43.2976943],[5.3647996,43.2976472],[5.3648205,43.2976417],[5.3648464,43.2976349]]]}},{"type":"Feature","properties":{"osm_id":"way/67714437","name":null,"building":"apartments","highway":null,"tourism":null,"historic":null,"amenity":null,"height_m":10,"height_source":"default","levels":null,"source":"OpenStreetMap"},"geometry":{"type":"Polygon","coordinates":[[[5.3715485,43.298094],[5.3715965,43.2980937],[5.3716732,43.298128],[5.3716271,43.2981843],[5.3715901,43.2982295],[5.3715491,43.2982196],[5.3715485,43.298094]]]}},{"type":"Feature","properties":{"osm_id":"way/67714445","name":null,"building":"yes","highway":null,"tourism":null,"historic":null,"amenity":null,"height_m":10,"height_source":"default","levels":null,"source":"OpenStreetMap"},"geometry":{"type":"Polygon","coordinates":[[[5.3679201,43.2987604],[5.3679248,43.2987782],[5.3679313,43.2988022],[5.3679131,43.2988053],[5.367863,43.2988136],[5.367782,43.2988271],[5.3677599,43.2987856],[5.3678463,43.298772],[5.3679201,43.2987604]]]}},{"type":"Feature","properties":{"osm_id":"way/67714450","name":null,"building":"yes","highway":null,"tourism":null,"historic":null,"amenity":null,"height_m":10,"height_source":"default","levels":null,"source":"OpenStreetMap"},"geometry":{"type":"Polygon","coordinates":[[[5.3677003,43.2992063],[5.3677985,43.299184],[5.3678015,43.2992168],[5.3678011,43.2992195],[5.3677046,43.2992286],[5.3677003,43.2992063]]]}},{"type":"Feature","properties":{"osm_id":"way/67714451","name":null,"building":"yes","highway":null,"tourism":null,"historic":null,"amenity":null,"height_m":10,"height_source":"default","levels":null,"source":"OpenStreetMap"},"geometry":{"type":"Polygon","coordinates":[[[5.3665824,43.2981529],[5.3667088,43.2981311],[5.3667263,43.2981648],[5.3667309,43.2981722],[5.3666697,43.2981826],[5.3666072,43.2981921],[5.3665948,43.2981725],[5.3665824,43.2981529]]]}},{"type":"Feature","properties":{"osm_id":"way/67714452","name":null,"building":"yes","highway":null,"tourism":null,"historic":null,"amenity":null,"height_m":10,"height_source":"default","levels":null,"source":"OpenStreetMap"},"geometry":{"type":"Polygon","coordinates":[[[5.3674765,43.2975792],[5.3673813,43.2975475],[5.3673891,43.2975334],[5.3674031,43.2975109],[5.3674465,43.297524],[5.3675,43.297542],[5.367481,43.297572],[5.3674765,43.2975792]]]}},{"type":"Feature","properties":{"osm_id":"way/67714456","name":null,"building":"apartments","highway":null,"tourism":null,"historic":null,"amenity":null,"height_m":22.400000000000002,"height_source":"osm","levels":"7","source":"OpenStreetMap"},"geometry":{"type":"Polygon","coordinates":[[[5.3637549,43.2956691],[5.3637887,43.2956543],[5.3638226,43.2956395],[5.3638655,43.2956203],[5.3640524,43.2955385],[5.3642243,43.2954646],[5.3642737,43.295442],[5.3643426,43.2954118],[5.3644266,43.2955143],[5.3638866,43.2957509],[5.3638394,43.2957716],[5.3637549,43.2956691]]]}},{"type":"Feature","properties":{"osm_id":"way/67714461","name":null,"building":"yes","highway":null,"tourism":null,"historic":null,"amenity":null,"height_m":10,"height_source":"default","levels":null,"source":"OpenStreetMap"},"geometry":{"type":"Polygon","coordinates":[[[5.3660624,43.2986458],[5.3660016,43.2986554],[5.3658839,43.2986753],[5.3658831,43.2986735],[5.3658694,43.2986351],[5.3660503,43.298605],[5.3660575,43.2986292],[5.3660624,43.2986458]]]}},{"type":"Feature","properties":{"osm_id":"way/67714462","name":null,"building":"yes","highway":null,"tourism":null,"historic":null,"amenity":null,"height_m":10,"height_source":"default","levels":null,"source":"OpenStreetMap"},"geometry":{"type":"Polygon","coordinates":[[[5.3671063,43.2977237],[5.3671086,43.2977321],[5.3671037,43.2977325],[5.3671165,43.2977841],[5.3670419,43.2977909],[5.3670281,43.297725],[5.3670814,43.2977241],[5.3671063,43.2977237]]]}},{"type":"Feature","properties":{"osm_id":"way/67714466","name":"Tour du Roi René","building":"yes","highway":null,"tourism":"attraction","historic":"fort","amenity":null,"height_m":30,"height_source":"osm","levels":null,"source":"OpenStreetMap"},"geometry":{"type":"Polygon","coordinates":[[[5.3629555,43.2947623],[5.3628441,43.2947624],[5.3627648,43.2947619],[5.3627612,43.2946367],[5.3629321,43.294637],[5.3629555,43.2947623]]]}},{"type":"Feature","properties":{"osm_id":"way/67714472","name":null,"building":"yes","highway":null,"tourism":null,"historic":null,"amenity":null,"height_m":10,"height_source":"default","levels":null,"source":"OpenStreetMap"},"geometry":{"type":"Polygon","coordinates":[[[5.3683915,43.2979715],[5.3684108,43.297993],[5.3684256,43.2980096],[5.3684224,43.2980102],[5.3682973,43.2980595],[5.3682759,43.2980318],[5.3683068,43.2980195],[5.368296,43.2980067],[5.3683915,43.2979715]]]}},{"type":"Feature","properties":{"osm_id":"way/67714473","name":null,"building":"yes","highway":null,"tourism":null,"historic":null,"amenity":null,"height_m":3.2,"height_source":"osm","levels":"1","source":"OpenStreetMap"},"geometry":{"type":"Polygon","coordinates":[[[5.3724518,43.2979094],[5.3724582,43.2979177],[5.372412,43.2979739],[5.372407,43.2979716],[5.3723748,43.2979544],[5.3724105,43.2979099],[5.3724518,43.2979094]]]}},{"type":"Feature","properties":{"osm_id":"way/67714477","name":null,"building":"yes","highway":null,"tourism":null,"historic":null,"amenity":null,"height_m":10,"height_source":"default","levels":null,"source":"OpenStreetMap"},"geometry":{"type":"Polygon","coordinates":[[[5.3687477,43.2995056],[5.3687467,43.2994993],[5.3687437,43.2994774],[5.3688643,43.2994638],[5.3688662,43.2994841],[5.368868,43.2995025],[5.3687477,43.2995056]]]}},{"type":"Feature","properties":{"osm_id":"way/67714481","name":null,"building":"apartments","highway":null,"tourism":null,"historic":null,"amenity":null,"height_m":16,"height_source":"osm","levels":"5","source":"OpenStreetMap"},"geometry":{"type":"Polygon","coordinates":[[[5.367996,43.2994774],[5.3679844,43.2994062],[5.3679799,43.2993785],[5.3680397,43.2993738],[5.3680488,43.2994735],[5.367996,43.2994774]]]}},{"type":"Feature","properties":{"osm_id":"way/67714482","name":null,"building":"yes","highway":null,"tourism":null,"historic":null,"amenity":null,"height_m":10,"height_source":"default","levels":null,"source":"OpenStreetMap"},"geometry":{"type":"Polygon","coordinates":[[[5.3669424,43.2992303],[5.3670772,43.2992103],[5.3670803,43.2992214],[5.3670822,43.2992207],[5.3670924,43.2992621],[5.3670263,43.2992671],[5.3669882,43.299269],[5.3669878,43.2992717],[5.3669566,43.2992749],[5.3669474,43.2992461],[5.3669424,43.2992303]]]}},{"type":"Feature","properties":{"osm_id":"way/67714485","name":null,"building":"yes","highway":null,"tourism":null,"historic":null,"amenity":null,"height_m":3.2,"height_source":"osm","levels":"1","source":"OpenStreetMap"},"geometry":{"type":"Polygon","coordinates":[[[5.373286,43.2965919],[5.3732804,43.2965488],[5.3733128,43.2965466],[5.3733194,43.2965884],[5.373286,43.2965919]]]}},{"type":"Feature","properties":{"osm_id":"way/67714487","name":null,"building":"apartments","highway":null,"tourism":null,"historic":null,"amenity":null,"height_m":12.8,"height_source":"osm","levels":"4","source":"OpenStreetMap"},"geometry":{"type":"Polygon","coordinates":[[[5.3686454,43.2986335],[5.3687456,43.2985817],[5.368755,43.2985771],[5.3687581,43.2985764],[5.3687663,43.2985845],[5.3688111,43.2986291],[5.3688083,43.2986311],[5.3687252,43.2986719],[5.3686948,43.298676],[5.3686875,43.2986787],[5.3686614,43.2986507],[5.3686454,43.2986335]]]}},{"type":"Feature","properties":{"osm_id":"way/67714488","name":null,"building":"apartments","highway":null,"tourism":null,"historic":null,"amenity":null,"height_m":10,"height_source":"default","levels":null,"source":"OpenStreetMap"},"geometry":{"type":"Polygon","coordinates":[[[5.3663131,43.2982263],[5.366432,43.2982068],[5.3664474,43.2982479],[5.3663309,43.2982682],[5.3663173,43.2982363],[5.3663131,43.2982263]]]}},{"type":"Feature","properties":{"osm_id":"way/67714489","name":"Ancien observatoire","building":"yes","highway":null,"tourism":null,"historic":null,"amenity":null,"height_m":10,"height_source":"default","levels":null,"source":"OpenStreetMap"},"geometry":{"type":"Polygon","coordinates":[[[5.3672186,43.2976221],[5.3672227,43.2976842],[5.3670224,43.2976898],[5.3668017,43.2976961],[5.3665703,43.2977027],[5.3665622,43.2975524],[5.3667077,43.2975488],[5.3667091,43.2975916],[5.3667975,43.2975891],[5.3668304,43.2975882],[5.3668293,43.2975855],[5.366952,43.297582],[5.3669523,43.2975843],[5.367166,43.2975784],[5.3671636,43.2975311],[5.3672,43.2975302],[5.3672137,43.2975298],[5.3672186,43.2976221]]]}},{"type":"Feature","properties":{"osm_id":"way/67714499","name":null,"building":"apartments","highway":null,"tourism":null,"historic":null,"amenity":null,"height_m":10,"height_source":"default","levels":null,"source":"OpenStreetMap"},"geometry":{"type":"Polygon","coordinates":[[[5.3668881,43.2985593],[5.3668669,43.298511],[5.3669406,43.2984993],[5.3669575,43.2985447],[5.3669228,43.298552],[5.3668881,43.2985593]]]}},{"type":"Feature","properties":{"osm_id":"way/67714500","name":null,"building":"apartments","highway":null,"tourism":null,"historic":null,"amenity":null,"height_m":10,"height_source":"default","levels":null,"source":"OpenStreetMap"},"geometry":{"type":"Polygon","coordinates":[[[5.3663695,43.2971949],[5.3664093,43.297193],[5.3664106,43.2972303],[5.366382,43.2972379],[5.3663717,43.2972407],[5.366352,43.2972461],[5.3663377,43.297182],[5.3663369,43.2971797],[5.3663474,43.2971792],[5.3663512,43.2970462],[5.3663816,43.2970286],[5.3664079,43.2970133],[5.3664086,43.2971812],[5.3663656,43.2971816],[5.3663695,43.2971949]]]}},{"type":"Feature","properties":{"osm_id":"way/67714509","name":null,"building":"yes","highway":null,"tourism":null,"historic":null,"amenity":null,"height_m":10,"height_source":"default","levels":null,"source":"OpenStreetMap"},"geometry":{"type":"Polygon","coordinates":[[[5.3671704,43.2994212],[5.3671817,43.2995226],[5.3671838,43.2995329],[5.3671776,43.29953],[5.3671247,43.2995115],[5.3671051,43.2994239],[5.3671435,43.2994223],[5.3671704,43.2994212]]]}},{"type":"Feature","properties":{"osm_id":"way/67714511","name":null,"building":"yes","highway":null,"tourism":null,"historic":null,"amenity":null,"height_m":10,"height_source":"default","levels":null,"source":"OpenStreetMap"},"geometry":{"type":"Polygon","coordinates":[[[5.3680837,43.2980089],[5.3681701,43.2979747],[5.3681944,43.298004],[5.3681085,43.2980368],[5.3680954,43.298022],[5.3680837,43.2980089]]]}},{"type":"Feature","properties":{"osm_id":"way/67714515","name":null,"building":"apartments","highway":null,"tourism":null,"historic":null,"amenity":null,"height_m":12.8,"height_source":"osm","levels":"4","source":"OpenStreetMap"},"geometry":{"type":"Polygon","coordinates":[[[5.3691983,43.2993771],[5.3691886,43.2993073],[5.369185,43.2992816],[5.3692199,43.299282],[5.3692528,43.2992824],[5.3692664,43.2993783],[5.3691983,43.2993771]]]}},{"type":"Feature","properties":{"osm_id":"way/67714524","name":null,"building":"yes","highway":null,"tourism":null,"historic":null,"amenity":null,"height_m":10,"height_source":"default","levels":null,"source":"OpenStreetMap"},"geometry":{"type":"Polygon","coordinates":[[[5.368226,43.2985717],[5.3682679,43.2985624],[5.3682872,43.2985861],[5.3683066,43.2986099],[5.3683114,43.2986157],[5.3682668,43.2986324],[5.368266,43.2986311],[5.3682435,43.2986383],[5.368226,43.2985717]]]}},{"type":"Feature","properties":{"osm_id":"way/67714525","name":null,"building":"apartments","highway":null,"tourism":null,"historic":null,"amenity":null,"height_m":10,"height_source":"default","levels":null,"source":"OpenStreetMap"},"geometry":{"type":"Polygon","coordinates":[[[5.3659175,43.29799],[5.3660443,43.2979741],[5.3660575,43.2980157],[5.3659328,43.2980379],[5.3659227,43.2980061],[5.3659175,43.29799]]]}},{"type":"Feature","properties":{"osm_id":"way/67714531","name":null,"building":"industrial","highway":null,"tourism":null,"historic":null,"amenity":null,"height_m":3,"height_source":"osm","levels":"1","source":"OpenStreetMap"},"geometry":{"type":"Polygon","coordinates":[[[5.3663049,43.2954562],[5.3663241,43.2954041],[5.3663643,43.295412],[5.3663727,43.2953902],[5.3663906,43.2953939],[5.3663721,43.2954414],[5.3663633,43.2954677],[5.3663049,43.2954562]]]}},{"type":"Feature","properties":{"osm_id":"way/67714533","name":null,"building":"yes","highway":null,"tourism":null,"historic":null,"amenity":null,"height_m":10,"height_source":"default","levels":null,"source":"OpenStreetMap"},"geometry":{"type":"Polygon","coordinates":[[[5.3718364,43.2969239],[5.3718434,43.2968885],[5.3718512,43.2968506],[5.3718595,43.2968076],[5.3719308,43.2968148],[5.3721418,43.2968361],[5.372343,43.2968564],[5.3724128,43.2968634],[5.3723899,43.2969897],[5.3719014,43.2969399],[5.3719008,43.2969418],[5.3718005,43.296931],[5.3718019,43.2969253],[5.3718231,43.2969276],[5.3718239,43.2969228],[5.3718364,43.2969239]]]}},{"type":"Feature","properties":{"osm_id":"way/67714536","name":null,"building":"apartments","highway":null,"tourism":null,"historic":null,"amenity":null,"height_m":10,"height_source":"default","levels":null,"source":"OpenStreetMap"},"geometry":{"type":"Polygon","coordinates":[[[5.3665453,43.2984491],[5.3665341,43.2984065],[5.366635,43.2983908],[5.3666445,43.2984215],[5.3666477,43.298432],[5.3665453,43.2984491]]]}},{"type":"Feature","properties":{"osm_id":"way/67714541","name":null,"building":"yes","highway":null,"tourism":null,"historic":null,"amenity":null,"height_m":10,"height_source":"default","levels":null,"source":"OpenStreetMap"},"geometry":{"type":"Polygon","coordinates":[[[5.3693411,43.2991617],[5.3692287,43.2991732],[5.3692083,43.2991465],[5.3691928,43.2991235],[5.369298,43.299099],[5.3693271,43.2991413],[5.3693411,43.2991617]]]}},{"type":"Feature","properties":{"osm_id":"way/67714546","name":null,"building":"yes","highway":null,"tourism":null,"historic":null,"amenity":null,"height_m":10,"height_source":"default","levels":null,"source":"OpenStreetMap"},"geometry":{"type":"Polygon","coordinates":[[[5.3656628,43.2983611],[5.3656774,43.2983584],[5.3657395,43.2983496],[5.3657483,43.2983992],[5.3657446,43.2983999],[5.3656719,43.2984107],[5.3656628,43.2983611]]]}},{"type":"Feature","properties":{"osm_id":"way/67714547","name":null,"building":"yes","highway":null,"tourism":null,"historic":null,"amenity":null,"height_m":10,"height_source":"default","levels":null,"source":"OpenStreetMap"},"geometry":{"type":"Polygon","coordinates":[[[5.3683816,43.29742],[5.3683456,43.2974149],[5.3683357,43.2974417],[5.3683179,43.297437],[5.3683183,43.2974343],[5.3683145,43.2974331],[5.3683152,43.2974299],[5.368327,43.2974025],[5.368342,43.2973664],[5.3683432,43.2973649],[5.3684649,43.2973926],[5.3684575,43.2974085],[5.3683892,43.2973959],[5.3683903,43.2973937],[5.3683649,43.2973884],[5.3683612,43.2973986],[5.3683649,43.2973998],[5.368364,43.297402],[5.3684537,43.2974177],[5.3684497,43.2974279],[5.3684519,43.2974287],[5.3684515,43.2974318],[5.3683816,43.29742]]]}},{"type":"Feature","properties":{"osm_id":"way/67714559","name":null,"building":"yes","highway":null,"tourism":null,"historic":null,"amenity":null,"height_m":19.200000000000003,"height_source":"osm","levels":"6","source":"OpenStreetMap"},"geometry":{"type":"Polygon","coordinates":[[[5.3704499,43.29645],[5.3704628,43.2963836],[5.3704753,43.2963192],[5.3705538,43.2963274],[5.3706385,43.2963363],[5.3707332,43.2963462],[5.3709188,43.2963657],[5.3710398,43.2963784],[5.3711425,43.2963891],[5.3713107,43.2964067],[5.3715695,43.2964338],[5.3716565,43.2964429],[5.3716315,43.2965732],[5.3710153,43.296509],[5.3704499,43.29645]]]}},{"type":"Feature","properties":{"osm_id":"way/67714562","name":null,"building":"apartments","highway":null,"tourism":null,"historic":null,"amenity":null,"height_m":10,"height_source":"default","levels":null,"source":"OpenStreetMap"},"geometry":{"type":"Polygon","coordinates":[[[5.3656756,43.2978455],[5.3657189,43.2978443],[5.365802,43.2978414],[5.3658114,43.2978747],[5.3658188,43.2979012],[5.3656838,43.2979051],[5.3656756,43.2978455]]]}},{"type":"Feature","properties":{"osm_id":"way/67714566","name":null,"building":"yes","highway":null,"tourism":null,"historic":null,"amenity":null,"height_m":10,"height_source":"default","levels":null,"source":"OpenStreetMap"},"geometry":{"type":"Polygon","coordinates":[[[5.3664529,43.2995792],[5.3664272,43.2994846],[5.3664529,43.2994896],[5.3664915,43.2994972],[5.3665246,43.2995037],[5.3666122,43.2995208],[5.3666323,43.2995975],[5.3665777,43.2996097],[5.366565,43.2995664],[5.3664529,43.2995792]]]}},{"type":"Feature","properties":{"osm_id":"way/67714569","name":"ResidHotel - Vieux port","building":"yes","highway":null,"tourism":"hotel","historic":null,"amenity":null,"height_m":19.200000000000003,"height_source":"osm","levels":"6","source":"OpenStreetMap"},"geometry":{"type":"Polygon","coordinates":[[[5.3727674,43.2969071],[5.3727601,43.296822],[5.3728032,43.2968246],[5.3728624,43.2968282],[5.3728684,43.2969108],[5.3727674,43.2969071]]]}},{"type":"Feature","properties":{"osm_id":"way/67714574","name":null,"building":"yes","highway":null,"tourism":null,"historic":null,"amenity":null,"height_m":10,"height_source":"default","levels":null,"source":"OpenStreetMap"},"geometry":{"type":"Polygon","coordinates":[[[5.3654373,43.2982942],[5.3656338,43.2982686],[5.3656414,43.2983136],[5.365622,43.2983176],[5.3654179,43.2983428],[5.3654299,43.2983129],[5.3654373,43.2982942]]]}},{"type":"Feature","properties":{"osm_id":"way/67714578","name":null,"building":"apartments","highway":null,"tourism":null,"historic":null,"amenity":null,"height_m":10,"height_source":"default","levels":null,"source":"OpenStreetMap"},"geometry":{"type":"Polygon","coordinates":[[[5.3699949,43.2993227],[5.3700575,43.2993258],[5.3700955,43.2993276],[5.3700998,43.2993685],[5.3700856,43.2993691],[5.3700013,43.2993725],[5.3699999,43.2993617],[5.3699949,43.2993227]]]}},{"type":"Feature","properties":{"osm_id":"way/67714585","name":null,"building":"apartments","highway":null,"tourism":null,"historic":null,"amenity":null,"height_m":10,"height_source":"default","levels":null,"source":"OpenStreetMap"},"geometry":{"type":"Polygon","coordinates":[[[5.3653547,43.2978239],[5.3653516,43.2977875],[5.3653519,43.2977843],[5.3654245,43.2977832],[5.3654886,43.2977823],[5.3654891,43.2978073],[5.3654894,43.2978256],[5.3653547,43.2978239]]]}},{"type":"Feature","properties":{"osm_id":"way/67714589","name":null,"building":"yes","highway":null,"tourism":null,"historic":null,"amenity":null,"height_m":10,"height_source":"default","levels":null,"source":"OpenStreetMap"},"geometry":{"type":"Polygon","coordinates":[[[5.3688565,43.2985248],[5.3687836,43.2985632],[5.3687672,43.2985704],[5.368766,43.298571],[5.368736,43.2985362],[5.3687434,43.2985308],[5.3688224,43.2984876],[5.3688464,43.2985138],[5.3688565,43.2985248]]]}},{"type":"Feature","properties":{"osm_id":"way/67714594","name":null,"building":"yes","highway":null,"tourism":null,"historic":null,"amenity":null,"height_m":10,"height_source":"default","levels":null,"source":"OpenStreetMap"},"geometry":{"type":"Polygon","coordinates":[[[5.3681699,43.2990127],[5.3680387,43.2990424],[5.3680177,43.2990004],[5.3681618,43.298969],[5.3681673,43.2989988],[5.3681699,43.2990127]]]}},{"type":"Feature","properties":{"osm_id":"way/67714604","name":null,"building":"yes","highway":null,"tourism":null,"historic":null,"amenity":null,"height_m":10,"height_source":"default","levels":null,"source":"OpenStreetMap"},"geometry":{"type":"Polygon","coordinates":[[[5.3669796,43.2982174],[5.3669733,43.2982043],[5.3669764,43.2982036],[5.3669383,43.2981251],[5.3669968,43.2981129],[5.3670175,43.2981102],[5.3670676,43.2982025],[5.3670195,43.2982106],[5.3669796,43.2982174]]]}},{"type":"Feature","properties":{"osm_id":"way/67714613","name":null,"building":"yes","highway":null,"tourism":null,"historic":null,"amenity":null,"height_m":10,"height_source":"default","levels":null,"source":"OpenStreetMap"},"geometry":{"type":"Polygon","coordinates":[[[5.3729534,43.2967649],[5.3729417,43.2966486],[5.3729966,43.2966497],[5.3730166,43.2967723],[5.3729534,43.2967649]]]}},{"type":"Feature","properties":{"osm_id":"way/67714618","name":null,"building":"yes","highway":null,"tourism":null,"historic":null,"amenity":null,"height_m":10,"height_source":"default","levels":null,"source":"OpenStreetMap"},"geometry":{"type":"Polygon","coordinates":[[[5.3652579,43.2979833],[5.3652574,43.2978894],[5.3652759,43.297887],[5.3653092,43.2978858],[5.3653086,43.2979824],[5.3652758,43.297983],[5.3652579,43.2979833]]]}},{"type":"Feature","properties":{"osm_id":"way/67714628","name":null,"building":"yes","highway":null,"tourism":null,"historic":null,"amenity":null,"height_m":10,"height_source":"default","levels":null,"source":"OpenStreetMap"},"geometry":{"type":"Polygon","coordinates":[[[5.3674781,43.2983403],[5.3674106,43.2983557],[5.3673717,43.2983617],[5.3673532,43.29832],[5.3674574,43.2982991],[5.3674711,43.2983265],[5.3674781,43.2983403]]]}},{"type":"Feature","properties":{"osm_id":"way/67714629","name":null,"building":"yes","highway":null,"tourism":null,"historic":null,"amenity":null,"height_m":10,"height_source":"default","levels":null,"source":"OpenStreetMap"},"geometry":{"type":"Polygon","coordinates":[[[5.3668867,43.2977273],[5.3669042,43.297793],[5.3669166,43.2978451],[5.3668493,43.297852],[5.3668183,43.2977287],[5.3668579,43.2977279],[5.3668867,43.2977273]]]}},{"type":"Feature","properties":{"osm_id":"way/67714635","name":null,"building":"yes","highway":null,"tourism":null,"historic":null,"amenity":null,"height_m":10,"height_source":"default","levels":null,"source":"OpenStreetMap"},"geometry":{"type":"Polygon","coordinates":[[[5.3688369,43.2983336],[5.3688657,43.2982495],[5.368902,43.2982572],[5.3689106,43.2982592],[5.3689016,43.2982797],[5.3689302,43.2982853],[5.3689088,43.2983426],[5.368866,43.2983372],[5.3688369,43.2983336]]]}},{"type":"Feature","properties":{"osm_id":"way/67714639","name":null,"building":"apartments","highway":null,"tourism":null,"historic":null,"amenity":null,"height_m":12.8,"height_source":"osm","levels":"4","source":"OpenStreetMap"},"geometry":{"type":"Polygon","coordinates":[[[5.365212,43.2959549],[5.365235,43.2959851],[5.3652295,43.2959876],[5.3652046,43.295958],[5.3652015,43.2959594],[5.3651815,43.2959681],[5.365136,43.2959881],[5.3651033,43.2960024],[5.3651012,43.2959984],[5.3650488,43.2959349],[5.3650447,43.2959368],[5.3650272,43.2959148],[5.365031,43.2959133],[5.3649298,43.2957906],[5.3649264,43.2957921],[5.3649084,43.29577],[5.3649118,43.2957685],[5.3648592,43.2957054],[5.3648342,43.2957167],[5.3647293,43.2955879],[5.3647343,43.2955853],[5.3648688,43.2955255],[5.3648702,43.2955248],[5.3648812,43.2955381],[5.3649328,43.2956009],[5.3649676,43.2956431],[5.3650067,43.2956906],[5.365037,43.2957274],[5.3650827,43.295783],[5.3651079,43.2958135],[5.3651364,43.2958481],[5.3651577,43.295874],[5.3651819,43.2959034],[5.3652209,43.2959508],[5.365212,43.2959549]]]}},{"type":"Feature","properties":{"osm_id":"way/67714641","name":null,"building":"yes","highway":null,"tourism":null,"historic":null,"amenity":null,"height_m":16,"height_source":"osm","levels":"5","source":"OpenStreetMap"},"geometry":{"type":"Polygon","coordinates":[[[5.369367,43.2978287],[5.3693561,43.2979313],[5.3693524,43.2979634],[5.3692974,43.2979579],[5.3692991,43.2979259],[5.3692706,43.2979225],[5.3692512,43.2979202],[5.3692526,43.2979076],[5.369255,43.2978747],[5.3691889,43.2978735],[5.3691899,43.2978132],[5.3693089,43.2978236],[5.369367,43.2978287]]]}},{"type":"Feature","properties":{"osm_id":"way/67714643","name":null,"building":"yes","highway":null,"tourism":null,"historic":"manor","amenity":null,"height_m":10,"height_source":"default","levels":null,"source":"OpenStreetMap"},"geometry":{"type":"Polygon","coordinates":[[[5.3683338,43.2994475],[5.3683263,43.2993504],[5.3683635,43.2993483],[5.3683837,43.2993471],[5.3683928,43.2994424],[5.3683338,43.2994475]]]}},{"type":"Feature","properties":{"osm_id":"way/67714644","name":null,"building":"apartments","highway":null,"tourism":null,"historic":null,"amenity":null,"height_m":10,"height_source":"default","levels":null,"source":"OpenStreetMap"},"geometry":{"type":"Polygon","coordinates":[[[5.3706266,43.2995051],[5.3706083,43.2994129],[5.3706078,43.2994053],[5.3706726,43.2993968],[5.3706781,43.2994201],[5.3706865,43.2994594],[5.3706947,43.2994996],[5.3706644,43.2995021],[5.3706266,43.2995051]]]}},{"type":"Feature","properties":{"osm_id":"way/67714649","name":null,"building":"yes","highway":null,"tourism":null,"historic":null,"amenity":null,"height_m":10,"height_source":"default","levels":null,"source":"OpenStreetMap"},"geometry":{"type":"Polygon","coordinates":[[[5.3667987,43.2992548],[5.3668345,43.2992495],[5.3669041,43.2992412],[5.3669121,43.2992689],[5.3669171,43.299286],[5.3668129,43.2992982],[5.3667987,43.2992548]]]}},{"type":"Feature","properties":{"osm_id":"way/67714652","name":null,"building":"yes","highway":null,"tourism":null,"historic":null,"amenity":null,"height_m":10,"height_source":"default","levels":null,"source":"OpenStreetMap"},"geometry":{"type":"Polygon","coordinates":[[[5.3720629,43.2966596],[5.3720755,43.2966136],[5.3720897,43.2965639],[5.3721094,43.2965672],[5.3721769,43.2965777],[5.3721585,43.2966377],[5.3721777,43.2966411],[5.3721691,43.2966723],[5.3721091,43.2966651],[5.3720629,43.2966596]]]}},{"type":"Feature","properties":{"osm_id":"way/67714655","name":"Collège privé Notre-Dame de La Major","building":"yes","highway":null,"tourism":null,"historic":null,"amenity":"school","height_m":10,"height_source":"default","levels":null,"source":"OpenStreetMap"},"geometry":{"type":"Polygon","coordinates":[[[5.365531,43.2980568],[5.3656631,43.2980509],[5.3656654,43.2980644],[5.3657303,43.2980595],[5.3658674,43.2980484],[5.3658708,43.298059],[5.3658875,43.2981108],[5.3657393,43.2981338],[5.3657377,43.29813],[5.3654965,43.2981433],[5.365531,43.2980568]]]}},{"type":"Feature","properties":{"osm_id":"way/67714666","name":null,"building":"apartments","highway":null,"tourism":null,"historic":null,"amenity":null,"height_m":10,"height_source":"default","levels":null,"source":"OpenStreetMap"},"geometry":{"type":"Polygon","coordinates":[[[5.3662771,43.2982687],[5.3661582,43.2982868],[5.3661495,43.2982648],[5.3661413,43.2982436],[5.3661442,43.298243],[5.3661724,43.2982385],[5.3662617,43.2982258],[5.366272,43.2982544],[5.3662771,43.2982687]]]}},{"type":"Feature","properties":{"osm_id":"way/67714667","name":null,"building":"yes","highway":null,"tourism":null,"historic":null,"amenity":null,"height_m":10,"height_source":"default","levels":null,"source":"OpenStreetMap"},"geometry":{"type":"Polygon","coordinates":[[[5.3673142,43.2979001],[5.3674543,43.297873],[5.3674626,43.29789],[5.3674676,43.2979006],[5.3673316,43.2979383],[5.3673209,43.2979147],[5.3673142,43.2979001]]]}},{"type":"Feature","properties":{"osm_id":"way/67714673","name":null,"building":"retail","highway":null,"tourism":null,"historic":null,"amenity":null,"height_m":3.2,"height_source":"osm","levels":"1","source":"OpenStreetMap"},"geometry":{"type":"Polygon","coordinates":[[[5.3689227,43.2970603],[5.3689035,43.297158],[5.3689311,43.297168],[5.3690297,43.2972036],[5.3690837,43.2972231],[5.3690275,43.2973056],[5.3689808,43.2972884],[5.3688998,43.2972591],[5.3688475,43.2972394],[5.3688339,43.2972288],[5.3688287,43.2972148],[5.3688321,43.2971972],[5.3688415,43.2971487],[5.3688547,43.2970809],[5.36886,43.2970538],[5.3689227,43.2970603]]]}},{"type":"Feature","properties":{"osm_id":"way/67714677","name":null,"building":"yes","highway":null,"tourism":null,"historic":null,"amenity":null,"height_m":10,"height_source":"default","levels":null,"source":"OpenStreetMap"},"geometry":{"type":"Polygon","coordinates":[[[5.3644486,43.2962414],[5.3644784,43.2962283],[5.3644951,43.2962487],[5.3644653,43.2962617],[5.3644486,43.2962414]]]}},{"type":"Feature","properties":{"osm_id":"way/67714678","name":"Notre-Dame-des-Accoules","building":"church","highway":null,"tourism":"attraction","historic":null,"amenity":"place_of_worship","height_m":10,"height_source":"default","levels":null,"source":"OpenStreetMap"},"geometry":{"type":"Polygon","coordinates":[[[5.3691574,43.2977653],[5.3691549,43.2978995],[5.3691346,43.2979001],[5.3691224,43.2979138],[5.3691059,43.2979233],[5.3690501,43.2979304],[5.3690292,43.2979273],[5.368978,43.2979006],[5.3689698,43.2978543],[5.3689571,43.2978553],[5.3688856,43.2978609],[5.368882,43.2978604],[5.3688425,43.2978475],[5.3688326,43.2978141],[5.368893,43.2978057],[5.3691574,43.2977653]]]}},{"type":"Feature","properties":{"osm_id":"way/67714681","name":null,"building":"yes","highway":null,"tourism":null,"historic":null,"amenity":null,"height_m":10,"height_source":"default","levels":null,"source":"OpenStreetMap"},"geometry":{"type":"Polygon","coordinates":[[[5.3690108,43.2989076],[5.3691414,43.298876],[5.369157,43.298899],[5.3691682,43.2989155],[5.3690464,43.2989493],[5.3690108,43.2989076]]]}},{"type":"Feature","properties":{"osm_id":"way/67714686","name":null,"building":"yes","highway":null,"tourism":null,"historic":null,"amenity":null,"height_m":10,"height_source":"default","levels":null,"source":"OpenStreetMap"},"geometry":{"type":"Polygon","coordinates":[[[5.3665279,43.298883],[5.3666776,43.2988579],[5.3667084,43.2988511],[5.3667795,43.2988404],[5.3668047,43.2989205],[5.3665538,43.2989625],[5.3665382,43.2989146],[5.3665279,43.298883]]]}},{"type":"Feature","properties":{"osm_id":"way/67714689","name":null,"building":"yes","highway":null,"tourism":null,"historic":null,"amenity":null,"height_m":22.400000000000002,"height_source":"osm","levels":"7","source":"OpenStreetMap"},"geometry":{"type":"Polygon","coordinates":[[[5.3722682,43.2976967],[5.3722559,43.2976961],[5.3722425,43.2976895],[5.3722364,43.2976784],[5.3722399,43.2976668],[5.3722429,43.2976623],[5.3723064,43.2975859],[5.3723436,43.297541],[5.3724619,43.2975936],[5.3724651,43.2976949],[5.3724313,43.2976952],[5.3723718,43.2976958],[5.3723192,43.2976962],[5.3722682,43.2976967]]]}},{"type":"Feature","properties":{"osm_id":"way/67714691","name":null,"building":"yes","highway":null,"tourism":null,"historic":null,"amenity":null,"height_m":10,"height_source":"default","levels":null,"source":"OpenStreetMap"},"geometry":{"type":"Polygon","coordinates":[[[5.3683488,43.2987949],[5.3683564,43.2988089],[5.368326,43.298813],[5.3683208,43.2988047],[5.368296,43.2988085],[5.3683068,43.2988312],[5.3683154,43.2988492],[5.368197,43.2988678],[5.3681907,43.298842],[5.3681841,43.298815],[5.3682029,43.2988121],[5.3682047,43.2988146],[5.3683488,43.2987949]]]}},{"type":"Feature","properties":{"osm_id":"way/67714692","name":null,"building":"yes","highway":null,"tourism":null,"historic":null,"amenity":null,"height_m":10,"height_source":"default","levels":null,"source":"OpenStreetMap"},"geometry":{"type":"Polygon","coordinates":[[[5.3649754,43.2981655],[5.3649621,43.2981134],[5.3650221,43.2981106],[5.3650071,43.2980393],[5.3650327,43.2980386],[5.3650641,43.2980378],[5.3650833,43.29811],[5.3650824,43.2981255],[5.3650758,43.2981251],[5.3650761,43.298138],[5.3650646,43.298138],[5.3650448,43.2981383],[5.3650462,43.2981632],[5.3649754,43.2981655]]]}},{"type":"Feature","properties":{"osm_id":"way/67714697","name":null,"building":"apartments","highway":null,"tourism":null,"historic":null,"amenity":null,"height_m":28.8,"height_source":"osm","levels":"9","source":"OpenStreetMap"},"geometry":{"type":"Polygon","coordinates":[[[5.3657807,43.2962526],[5.3657979,43.2962048],[5.3657949,43.2962041],[5.3658688,43.296005],[5.365898,43.2960109],[5.3660694,43.2960459],[5.3660695,43.2960484],[5.3660557,43.2960835],[5.3660273,43.2961558],[5.3660101,43.2961994],[5.3659763,43.2962926],[5.3657807,43.2962526]]]}},{"type":"Feature","properties":{"osm_id":"way/67714702","name":null,"building":"apartments","highway":null,"tourism":null,"historic":null,"amenity":null,"height_m":10,"height_source":"default","levels":null,"source":"OpenStreetMap"},"geometry":{"type":"Polygon","coordinates":[[[5.365793,43.2983414],[5.3659546,43.2983175],[5.3659672,43.2983525],[5.3659729,43.2983682],[5.3658084,43.298391],[5.3657982,43.2983545],[5.3657792,43.2983575],[5.3657783,43.2983545],[5.3657674,43.2983555],[5.3657645,43.2983458],[5.3657894,43.298342],[5.365793,43.2983414]]]}},{"type":"Feature","properties":{"osm_id":"way/67714703","name":null,"building":"yes","highway":null,"tourism":null,"historic":null,"amenity":null,"height_m":10,"height_source":"default","levels":null,"source":"OpenStreetMap"},"geometry":{"type":"Polygon","coordinates":[[[5.3677022,43.2977723],[5.3675654,43.2977234],[5.367565,43.2977144],[5.3676503,43.2977164],[5.3677213,43.297718],[5.3677022,43.2977723]]]}},{"type":"Feature","properties":{"osm_id":"way/67714706","name":null,"building":"roof","highway":null,"tourism":null,"historic":null,"amenity":null,"height_m":10,"height_source":"default","levels":null,"source":"OpenStreetMap"},"geometry":{"type":"Polygon","coordinates":[[[5.3650777,43.2987099],[5.3650415,43.2987156],[5.3649816,43.2985175],[5.3650178,43.2985118],[5.3650777,43.2987099]]]}},{"type":"Feature","properties":{"osm_id":"way/67714711","name":null,"building":"yes","highway":null,"tourism":null,"historic":null,"amenity":null,"height_m":10,"height_source":"default","levels":null,"source":"OpenStreetMap"},"geometry":{"type":"Polygon","coordinates":[[[5.367461,43.2991636],[5.3674888,43.2991625],[5.3674878,43.2991598],[5.3675254,43.299153],[5.3675255,43.2991548],[5.367534,43.2991899],[5.3675339,43.2991935],[5.3674706,43.2992015],[5.3674666,43.2991886],[5.367461,43.2991636]]]}},{"type":"Feature","properties":{"osm_id":"way/67714721","name":null,"building":"yes","highway":null,"tourism":null,"historic":null,"amenity":null,"height_m":10,"height_source":"default","levels":null,"source":"OpenStreetMap"},"geometry":{"type":"Polygon","coordinates":[[[5.3674861,43.2992731],[5.3674818,43.2992572],[5.3675502,43.2992539],[5.3675553,43.2992789],[5.3675811,43.299368],[5.3675356,43.2993693],[5.3675114,43.29937],[5.3674861,43.2992731]]]}},{"type":"Feature","properties":{"osm_id":"way/67714727","name":null,"building":"apartments","highway":null,"tourism":null,"historic":null,"amenity":null,"height_m":10,"height_source":"default","levels":null,"source":"OpenStreetMap"},"geometry":{"type":"Polygon","coordinates":[[[5.3686199,43.2991619],[5.3686435,43.2991583],[5.3686759,43.299155],[5.3686885,43.2991948],[5.3687014,43.2991935],[5.3687256,43.2992742],[5.3686843,43.2992781],[5.3686571,43.2992806],[5.3686199,43.2991619]]]}},{"type":"Feature","properties":{"osm_id":"way/67714730","name":null,"building":"yes","highway":null,"tourism":null,"historic":null,"amenity":null,"height_m":10,"height_source":"default","levels":null,"source":"OpenStreetMap"},"geometry":{"type":"Polygon","coordinates":[[[5.3678722,43.29764],[5.3678508,43.2975434],[5.3679142,43.2975381],[5.3679145,43.2975399],[5.3679469,43.2975375],[5.3679624,43.2976327],[5.3679096,43.297637],[5.3678722,43.29764]]]}},{"type":"Feature","properties":{"osm_id":"way/67714743","name":null,"building":"yes","highway":null,"tourism":null,"historic":null,"amenity":null,"height_m":10,"height_source":"default","levels":null,"source":"OpenStreetMap"},"geometry":{"type":"Polygon","coordinates":[[[5.3676843,43.2986193],[5.367796,43.2985907],[5.3678163,43.2986332],[5.3677065,43.29866],[5.3677054,43.2986582],[5.3676924,43.2986349],[5.3676851,43.2986219],[5.3676843,43.2986193]]]}},{"type":"Feature","properties":{"osm_id":"way/67714745","name":null,"building":"yes","highway":null,"tourism":null,"historic":null,"amenity":null,"height_m":10,"height_source":"default","levels":null,"source":"OpenStreetMap"},"geometry":{"type":"Polygon","coordinates":[[[5.3670404,43.297982],[5.3670216,43.2979272],[5.3671302,43.2979141],[5.3671483,43.2979686],[5.3670906,43.2979758],[5.3670404,43.297982]]]}},{"type":"Feature","properties":{"osm_id":"way/67714752","name":null,"building":"yes","highway":null,"tourism":null,"historic":null,"amenity":null,"height_m":10,"height_source":"default","levels":null,"source":"OpenStreetMap"},"geometry":{"type":"Polygon","coordinates":[[[5.3685933,43.2982421],[5.3684983,43.298284],[5.3684923,43.2982763],[5.3684483,43.2982964],[5.36842,43.2982668],[5.3684432,43.2982581],[5.3684725,43.2982442],[5.3685649,43.2982046],[5.3685823,43.2982276],[5.3685933,43.2982421]]]}},{"type":"Feature","properties":{"osm_id":"way/67714770","name":null,"building":"yes","highway":null,"tourism":null,"historic":null,"amenity":null,"height_m":10,"height_source":"default","levels":null,"source":"OpenStreetMap"},"geometry":{"type":"Polygon","coordinates":[[[5.3681465,43.2988846],[5.3680572,43.2989031],[5.3680489,43.2988802],[5.3680241,43.2988844],[5.3680329,43.2989083],[5.3680028,43.2989142],[5.3679763,43.2989195],[5.3679602,43.298878],[5.3680294,43.2988624],[5.3681376,43.29884],[5.3681438,43.2988709],[5.3681465,43.2988846]]]}},{"type":"Feature","properties":{"osm_id":"way/67714778","name":null,"building":"yes","highway":null,"tourism":null,"historic":null,"amenity":null,"height_m":10,"height_source":"default","levels":null,"source":"OpenStreetMap"},"geometry":{"type":"Polygon","coordinates":[[[5.366892,43.2980295],[5.3669383,43.2981251],[5.3668849,43.2981347],[5.3668812,43.2981344],[5.3668345,43.2980362],[5.3668635,43.2980328],[5.366892,43.2980295]]]}},{"type":"Feature","properties":{"osm_id":"way/67714779","name":null,"building":"yes","highway":null,"tourism":null,"historic":null,"amenity":null,"height_m":10,"height_source":"default","levels":null,"source":"OpenStreetMap"},"geometry":{"type":"Polygon","coordinates":[[[5.3674703,43.297671],[5.3674828,43.2976448],[5.367518,43.2975702],[5.3675468,43.2975684],[5.3675616,43.2976641],[5.3675084,43.2976681],[5.3674703,43.297671]]]}},{"type":"Feature","properties":{"osm_id":"way/67714789","name":null,"building":"apartments","highway":null,"tourism":null,"historic":null,"amenity":null,"height_m":10,"height_source":"default","levels":null,"source":"OpenStreetMap"},"geometry":{"type":"Polygon","coordinates":[[[5.3666382,43.2986831],[5.3664706,43.2987032],[5.3664643,43.2986855],[5.3666267,43.2986458],[5.3666382,43.2986831]]]}},{"type":"Feature","properties":{"osm_id":"way/67714790","name":null,"building":"yes","highway":null,"tourism":null,"historic":null,"amenity":null,"height_m":10,"height_source":"default","levels":null,"source":"OpenStreetMap"},"geometry":{"type":"Polygon","coordinates":[[[5.3667684,43.2978045],[5.3667832,43.2978633],[5.3667471,43.2978679],[5.3667143,43.297872],[5.366701,43.297815],[5.3667684,43.2978045]]]}},{"type":"Feature","properties":{"osm_id":"way/67714796","name":null,"building":"yes","highway":null,"tourism":null,"historic":null,"amenity":null,"height_m":10,"height_source":"default","levels":null,"source":"OpenStreetMap"},"geometry":{"type":"Polygon","coordinates":[[[5.3689208,43.298382],[5.3689858,43.2983934],[5.3690591,43.2984062],[5.369047,43.2984397],[5.369037,43.2984675],[5.3689381,43.2984491],[5.3689027,43.2984432],[5.3689036,43.298435],[5.3689208,43.298382]]]}},{"type":"Feature","properties":{"osm_id":"way/67714802","name":"13 Habitat : La Tourette","building":"yes","highway":null,"tourism":null,"historic":null,"amenity":null,"height_m":10,"height_source":"default","levels":null,"source":"OpenStreetMap"},"geometry":{"type":"Polygon","coordinates":[[[5.3645715,43.2978891],[5.3646815,43.2980516],[5.3647921,43.2982156],[5.3647389,43.2982348],[5.3646555,43.298265],[5.3646438,43.2982477],[5.3646081,43.2981953],[5.3645718,43.2981418],[5.3645438,43.2981016],[5.3645143,43.298058],[5.3644766,43.298002],[5.3644434,43.2979528],[5.3644345,43.2979396],[5.3643894,43.2978724],[5.3643256,43.2977769],[5.3644601,43.2977248],[5.3645715,43.2978891]]]}},{"type":"Feature","properties":{"osm_id":"way/67714804","name":null,"building":"yes","highway":null,"tourism":null,"historic":null,"amenity":null,"height_m":22.400000000000002,"height_source":"osm","levels":"7","source":"OpenStreetMap"},"geometry":{"type":"Polygon","coordinates":[[[5.3720046,43.2979501],[5.3722111,43.2980394],[5.3721265,43.2981436],[5.3719198,43.2980535],[5.3719668,43.2979962],[5.3720046,43.2979501]]]}},{"type":"Feature","properties":{"osm_id":"way/67714807","name":null,"building":"yes","highway":null,"tourism":null,"historic":null,"amenity":null,"height_m":6.4,"height_source":"osm","levels":"2","source":"OpenStreetMap"},"geometry":{"type":"Polygon","coordinates":[[[5.3708646,43.2983811],[5.3708815,43.2983758],[5.3710569,43.298672],[5.3709144,43.2986907],[5.3708888,43.2986474],[5.371001,43.2986111],[5.3708646,43.2983811]]]}},{"type":"Feature","properties":{"osm_id":"way/67714812","name":null,"building":"apartments","highway":null,"tourism":null,"historic":null,"amenity":null,"height_m":10,"height_source":"default","levels":null,"source":"OpenStreetMap"},"geometry":{"type":"Polygon","coordinates":[[[5.3681106,43.2995165],[5.3681034,43.299468],[5.3681617,43.2994643],[5.3681616,43.299462],[5.3682099,43.2994587],[5.3682128,43.2994874],[5.3682151,43.2995099],[5.3681106,43.2995165]]]}},{"type":"Feature","properties":{"osm_id":"way/67714816","name":null,"building":"yes","highway":null,"tourism":null,"historic":null,"amenity":null,"height_m":22.400000000000002,"height_source":"osm","levels":"7","source":"OpenStreetMap"},"geometry":{"type":"Polygon","coordinates":[[[5.3733992,43.2969259],[5.3734122,43.2969314],[5.3734194,43.2969419],[5.3734172,43.2969536],[5.3733476,43.2970392],[5.3732809,43.2971212],[5.3731863,43.29708],[5.3731658,43.296902],[5.3731708,43.2968988],[5.3733992,43.2969259]]]}},{"type":"Feature","properties":{"osm_id":"way/67714819","name":null,"building":"apartments","highway":null,"tourism":null,"historic":null,"amenity":null,"height_m":10,"height_source":"default","levels":null,"source":"OpenStreetMap"},"geometry":{"type":"Polygon","coordinates":[[[5.3665308,43.2981424],[5.3665416,43.2981654],[5.3665517,43.2981868],[5.3665473,43.2981871],[5.366432,43.2982068],[5.3664143,43.2981605],[5.3665308,43.2981424]]]}},{"type":"Feature","properties":{"osm_id":"way/67714820","name":null,"building":"yes","highway":null,"tourism":null,"historic":null,"amenity":null,"height_m":10,"height_source":"default","levels":null,"source":"OpenStreetMap"},"geometry":{"type":"Polygon","coordinates":[[[5.3673426,43.2975657],[5.3673412,43.2976109],[5.3673247,43.2976084],[5.3673281,43.2975629],[5.3673426,43.2975657]]]}},{"type":"Feature","properties":{"osm_id":"way/67714830","name":null,"building":"apartments","highway":null,"tourism":null,"historic":null,"amenity":null,"height_m":10,"height_source":"default","levels":null,"source":"OpenStreetMap"},"geometry":{"type":"Polygon","coordinates":[[[5.3664079,43.2970133],[5.3664504,43.2969949],[5.3664722,43.2969854],[5.3664652,43.2971439],[5.3664356,43.2971452],[5.3664368,43.2972246],[5.3664106,43.2972303],[5.3664093,43.297193],[5.3664086,43.2971812],[5.3664079,43.2970133]]]}},{"type":"Feature","properties":{"osm_id":"way/67714841","name":null,"building":"yes","highway":null,"tourism":null,"historic":null,"amenity":null,"height_m":10,"height_source":"default","levels":null,"source":"OpenStreetMap"},"geometry":{"type":"Polygon","coordinates":[[[5.368194,43.2980455],[5.3682345,43.2980299],[5.3682671,43.2980188],[5.3682759,43.2980318],[5.3682973,43.2980595],[5.3682897,43.2980636],[5.3682259,43.2980855],[5.368194,43.2980455]]]}},{"type":"Feature","properties":{"osm_id":"way/67714842","name":null,"building":"apartments","highway":null,"tourism":null,"historic":null,"amenity":null,"height_m":16,"height_source":"osm","levels":"5","source":"OpenStreetMap"},"geometry":{"type":"Polygon","coordinates":[[[5.3694517,43.2978368],[5.3695007,43.2978412],[5.3695428,43.2978449],[5.3695329,43.297942],[5.3694389,43.2979352],[5.3694517,43.2978368]]]}},{"type":"Feature","properties":{"osm_id":"way/67714845","name":null,"building":"apartments","highway":null,"tourism":null,"historic":null,"amenity":null,"height_m":12.8,"height_source":"osm","levels":"4","source":"OpenStreetMap"},"geometry":{"type":"Polygon","coordinates":[[[5.3689257,43.2993644],[5.3689226,43.2993226],[5.3689492,43.2993215],[5.3689473,43.2992909],[5.3689741,43.2992894],[5.3690137,43.2992873],[5.3690207,43.2994043],[5.3690049,43.2994054],[5.3689292,43.2994098],[5.3689257,43.2993644]]]}},{"type":"Feature","properties":{"osm_id":"way/67714849","name":null,"building":"apartments","highway":null,"tourism":null,"historic":null,"amenity":null,"height_m":10,"height_source":"default","levels":null,"source":"OpenStreetMap"},"geometry":{"type":"Polygon","coordinates":[[[5.367943,43.2992492],[5.367883,43.2992525],[5.3678356,43.2992553],[5.3678117,43.2992568],[5.3678011,43.2992195],[5.3678015,43.2992168],[5.3679251,43.2992102],[5.3679383,43.2992389],[5.367943,43.2992492]]]}},{"type":"Feature","properties":{"osm_id":"way/67714853","name":null,"building":"apartments","highway":null,"tourism":null,"historic":null,"amenity":null,"height_m":25.6,"height_source":"osm","levels":"8","source":"OpenStreetMap"},"geometry":{"type":"Polygon","coordinates":[[[5.3734561,43.2965626],[5.3734237,43.2963982],[5.373456,43.2963892],[5.3734758,43.2963837],[5.3735018,43.2965041],[5.3735052,43.2965278],[5.3735098,43.2965574],[5.3734561,43.2965626]]]}},{"type":"Feature","properties":{"osm_id":"way/67714856","name":null,"building":"yes","highway":null,"tourism":null,"historic":null,"amenity":null,"height_m":10,"height_source":"default","levels":null,"source":"OpenStreetMap"},"geometry":{"type":"Polygon","coordinates":[[[5.3683494,43.2990089],[5.3682418,43.299025],[5.3682359,43.298991],[5.3682311,43.2989638],[5.3683613,43.2989463],[5.3683702,43.2989926],[5.368406,43.2989873],[5.3684056,43.2989829],[5.3684416,43.2989783],[5.3684496,43.2989941],[5.3684194,43.2989987],[5.3683915,43.2990036],[5.3683494,43.2990089]]]}},{"type":"Feature","properties":{"osm_id":"way/67714868","name":null,"building":"yes","highway":null,"tourism":null,"historic":null,"amenity":null,"height_m":10,"height_source":"default","levels":null,"source":"OpenStreetMap"},"geometry":{"type":"Polygon","coordinates":[[[5.3721098,43.2972422],[5.3721131,43.2972132],[5.3722274,43.2972079],[5.3722139,43.2972374],[5.3721098,43.2972422]]]}},{"type":"Feature","properties":{"osm_id":"way/67714873","name":null,"building":"apartments","highway":null,"tourism":null,"historic":null,"amenity":null,"height_m":10,"height_source":"default","levels":null,"source":"OpenStreetMap"},"geometry":{"type":"Polygon","coordinates":[[[5.3663957,43.298471],[5.366528,43.2984512],[5.3665409,43.298491],[5.3664079,43.2985086],[5.3664007,43.2984865],[5.3663957,43.298471]]]}},{"type":"Feature","properties":{"osm_id":"way/67714874","name":null,"building":"apartments","highway":null,"tourism":null,"historic":null,"amenity":null,"height_m":10,"height_source":"default","levels":null,"source":"OpenStreetMap"},"geometry":{"type":"Polygon","coordinates":[[[5.3663284,43.2972875],[5.3663343,43.2973707],[5.3662723,43.2973786],[5.3662686,43.2973792],[5.3662657,43.2973053],[5.3662957,43.2972968],[5.3663284,43.2972875]]]}},{"type":"Feature","properties":{"osm_id":"way/67714880","name":null,"building":"yes","highway":null,"tourism":null,"historic":null,"amenity":null,"height_m":12.8,"height_source":"osm","levels":"4","source":"OpenStreetMap"},"geometry":{"type":"Polygon","coordinates":[[[5.3692551,43.2992398],[5.3692287,43.2991732],[5.3693411,43.2991617],[5.3693659,43.2992261],[5.3693312,43.299233],[5.3693001,43.2992392],[5.3692551,43.2992398]]]}},{"type":"Feature","properties":{"osm_id":"way/67714888","name":null,"building":"yes","highway":null,"tourism":null,"historic":null,"amenity":null,"height_m":10,"height_source":"default","levels":null,"source":"OpenStreetMap"},"geometry":{"type":"Polygon","coordinates":[[[5.3685839,43.2974806],[5.3685993,43.2975171],[5.3686117,43.2975724],[5.3685865,43.2975755],[5.3685679,43.2975778],[5.3685424,43.2974957],[5.3685839,43.2974806]]]}},{"type":"Feature","properties":{"osm_id":"way/67714907","name":null,"building":"yes","highway":null,"tourism":null,"historic":null,"amenity":null,"height_m":10,"height_source":"default","levels":null,"source":"OpenStreetMap"},"geometry":{"type":"Polygon","coordinates":[[[5.3656838,43.2979051],[5.3658188,43.2979012],[5.3658284,43.2979375],[5.3658363,43.2979671],[5.3656904,43.2979724],[5.3656838,43.2979051]]]}},{"type":"Feature","properties":{"osm_id":"way/67714914","name":null,"building":"apartments","highway":null,"tourism":null,"historic":null,"amenity":null,"height_m":10,"height_source":"default","levels":null,"source":"OpenStreetMap"},"geometry":{"type":"Polygon","coordinates":[[[5.366225,43.2971216],[5.3662329,43.2972801],[5.3662078,43.2972884],[5.3661674,43.2973017],[5.3661609,43.2971595],[5.3661889,43.297143],[5.366225,43.2971216]]]}},{"type":"Feature","properties":{"osm_id":"way/67714916","name":null,"building":"yes","highway":null,"tourism":null,"historic":null,"amenity":null,"height_m":19.200000000000003,"height_source":"osm","levels":"6","source":"OpenStreetMap"},"geometry":{"type":"Polygon","coordinates":[[[5.3730249,43.2969343],[5.373016,43.2968624],[5.3730932,43.2968719],[5.3730967,43.2969121],[5.373098,43.2969266],[5.3730249,43.2969343]]]}},{"type":"Feature","properties":{"osm_id":"way/67714920","name":null,"building":"apartments","highway":null,"tourism":null,"historic":null,"amenity":null,"height_m":10,"height_source":"default","levels":null,"source":"OpenStreetMap"},"geometry":{"type":"Polygon","coordinates":[[[5.3664863,43.2983236],[5.3665553,43.2983145],[5.366608,43.2983076],[5.3666231,43.2983535],[5.3664976,43.2983681],[5.3664863,43.2983236]]]}},{"type":"Feature","properties":{"osm_id":"way/67714921","name":null,"building":"yes","highway":null,"tourism":null,"historic":null,"amenity":null,"height_m":10,"height_source":"default","levels":null,"source":"OpenStreetMap"},"geometry":{"type":"Polygon","coordinates":[[[5.3667619,43.297429],[5.3667783,43.2974279],[5.3667807,43.2974896],[5.3667653,43.2974906],[5.3667619,43.297429]]]}},{"type":"Feature","properties":{"osm_id":"way/67714925","name":null,"building":"apartments","highway":null,"tourism":null,"historic":null,"amenity":null,"height_m":10,"height_source":"default","levels":null,"source":"OpenStreetMap"},"geometry":{"type":"Polygon","coordinates":[[[5.3702505,43.2995363],[5.3702396,43.2994449],[5.3702557,43.2994433],[5.370312,43.2994387],[5.3703218,43.2995308],[5.3702844,43.2995337],[5.3702505,43.2995363]]]}},{"type":"Feature","properties":{"osm_id":"way/67714927","name":null,"building":"yes","highway":null,"tourism":null,"historic":null,"amenity":null,"height_m":9.600000000000001,"height_source":"osm","levels":"3","source":"OpenStreetMap"},"geometry":{"type":"Polygon","coordinates":[[[5.3693722,43.2987397],[5.3694723,43.2987408],[5.3694708,43.2987744],[5.3694618,43.298961],[5.3695108,43.2989619],[5.3697953,43.2989678],[5.3697908,43.2990898],[5.369525,43.2990791],[5.3695205,43.2991389],[5.3695255,43.2991526],[5.3694555,43.2991651],[5.3694129,43.2991084],[5.3693639,43.2990368],[5.3693692,43.2988469],[5.3693722,43.2987397]]]}},{"type":"Feature","properties":{"osm_id":"way/67714934","name":null,"building":"yes","highway":null,"tourism":null,"historic":null,"amenity":null,"height_m":10,"height_source":"default","levels":null,"source":"OpenStreetMap"},"geometry":{"type":"Polygon","coordinates":[[[5.3682479,43.2973819],[5.368327,43.2974025],[5.3683152,43.2974299],[5.3682363,43.2974099],[5.3682479,43.2973819]]]}},{"type":"Feature","properties":{"osm_id":"way/67714935","name":null,"building":"apartments","highway":null,"tourism":null,"historic":null,"amenity":null,"height_m":10,"height_source":"default","levels":null,"source":"OpenStreetMap"},"geometry":{"type":"Polygon","coordinates":[[[5.3715901,43.2982295],[5.3715381,43.2982933],[5.371492,43.2983498],[5.3714719,43.2983413],[5.3714663,43.2982176],[5.3715491,43.2982196],[5.3715901,43.2982295]]]}},{"type":"Feature","properties":{"osm_id":"way/67714938","name":null,"building":"yes","highway":null,"tourism":null,"historic":null,"amenity":null,"height_m":10,"height_source":"default","levels":null,"source":"OpenStreetMap"},"geometry":{"type":"Polygon","coordinates":[[[5.3689308,43.2985479],[5.3689283,43.2985466],[5.3689795,43.2985364],[5.3690401,43.2985521],[5.3690289,43.2985785],[5.3690155,43.2986103],[5.3690132,43.2986153],[5.3689878,43.2986105],[5.3689626,43.2985829],[5.3689308,43.2985479]]]}},{"type":"Feature","properties":{"osm_id":"way/67714943","name":null,"building":"yes","highway":null,"tourism":null,"historic":null,"amenity":null,"height_m":10,"height_source":"default","levels":null,"source":"OpenStreetMap"},"geometry":{"type":"Polygon","coordinates":[[[5.3679019,43.2990694],[5.368035,43.2990431],[5.3680608,43.2990957],[5.3679233,43.2991137],[5.3679081,43.2990823],[5.3679019,43.2990694]]]}},{"type":"Feature","properties":{"osm_id":"way/67714951","name":null,"building":"yes","highway":null,"tourism":null,"historic":null,"amenity":null,"height_m":10,"height_source":"default","levels":null,"source":"OpenStreetMap"},"geometry":{"type":"Polygon","coordinates":[[[5.367242,43.2981688],[5.3671917,43.2980775],[5.3672464,43.2980673],[5.3672508,43.2980756],[5.3672671,43.2981094],[5.3672937,43.2981583],[5.3672628,43.2981646],[5.367242,43.2981688]]]}},{"type":"Feature","properties":{"osm_id":"way/67714956","name":null,"building":"yes","highway":null,"tourism":null,"historic":null,"amenity":null,"height_m":10,"height_source":"default","levels":null,"source":"OpenStreetMap"},"geometry":{"type":"Polygon","coordinates":[[[5.3662873,43.2990938],[5.3664608,43.2990563],[5.3664809,43.29912],[5.3663066,43.2991506],[5.3662953,43.2991174],[5.3662873,43.2990938]]]}},{"type":"Feature","properties":{"osm_id":"way/67714957","name":null,"building":"apartments","highway":null,"tourism":null,"historic":null,"amenity":null,"height_m":10,"height_source":"default","levels":null,"source":"OpenStreetMap"},"geometry":{"type":"Polygon","coordinates":[[[5.3659976,43.297813],[5.3661167,43.2978041],[5.3661249,43.2978308],[5.3661304,43.2978488],[5.3660125,43.2978605],[5.3659976,43.297813]]]}},{"type":"Feature","properties":{"osm_id":"way/67714959","name":null,"building":"yes","highway":null,"tourism":null,"historic":null,"amenity":null,"height_m":9.600000000000001,"height_source":"osm","levels":"3","source":"OpenStreetMap"},"geometry":{"type":"Polygon","coordinates":[[[5.3728794,43.2970421],[5.3728824,43.2970758],[5.372885,43.2971041],[5.3729446,43.2971012],[5.372968,43.2970991],[5.3729689,43.2971085],[5.3729856,43.297116],[5.3729772,43.2971274],[5.3729578,43.2971512],[5.372948,43.2971632],[5.3728713,43.2972572],[5.3728615,43.2972693],[5.3728201,43.29732],[5.3727443,43.2974131],[5.372699,43.2973938],[5.3726529,43.2973737],[5.3726702,43.2972861],[5.3726899,43.2972882],[5.3726978,43.2972472],[5.3726792,43.2972451],[5.3726916,43.2971874],[5.3727107,43.2971894],[5.3727224,43.2971317],[5.372704,43.2971292],[5.3727222,43.2970398],[5.3727409,43.2970419],[5.3727436,43.297031],[5.3728794,43.2970421]]]}},{"type":"Feature","properties":{"osm_id":"way/67714962","name":null,"building":"yes","highway":null,"tourism":null,"historic":null,"amenity":null,"height_m":10,"height_source":"default","levels":null,"source":"OpenStreetMap"},"geometry":{"type":"Polygon","coordinates":[[[5.3654433,43.2981169],[5.3654153,43.298115],[5.3653523,43.2981116],[5.3653637,43.2980581],[5.3653843,43.2980596],[5.3654354,43.2980645],[5.3654685,43.298067],[5.365451,43.2981017],[5.3654433,43.2981169]]]}},{"type":"Feature","properties":{"osm_id":"way/67714972","name":null,"building":"yes","highway":null,"tourism":null,"historic":null,"amenity":null,"height_m":10,"height_source":"default","levels":null,"source":"OpenStreetMap"},"geometry":{"type":"Polygon","coordinates":[[[5.3676933,43.2984128],[5.3675844,43.2984434],[5.3675684,43.298413],[5.3675582,43.2983936],[5.3675778,43.2983883],[5.3675801,43.2983904],[5.3676878,43.2983594],[5.367704,43.2983548],[5.3677101,43.2983535],[5.3677181,43.2983648],[5.367723,43.2983641],[5.3677388,43.2983997],[5.3676933,43.2984128]]]}},{"type":"Feature","properties":{"osm_id":"way/67714973","name":null,"building":"yes","highway":null,"tourism":null,"historic":null,"amenity":null,"height_m":10,"height_source":"default","levels":null,"source":"OpenStreetMap"},"geometry":{"type":"Polygon","coordinates":[[[5.3649434,43.2976934],[5.3649537,43.2977208],[5.3649758,43.2977731],[5.3649391,43.2977787],[5.364906,43.2977838],[5.3648775,43.2977126],[5.3649434,43.2976934]]]}},{"type":"Feature","properties":{"osm_id":"way/67714977","name":null,"building":"apartments","highway":null,"tourism":null,"historic":null,"amenity":null,"height_m":12.8,"height_source":"osm","levels":"4","source":"OpenStreetMap"},"geometry":{"type":"Polygon","coordinates":[[[5.3689351,43.2992487],[5.3689054,43.2991461],[5.3689726,43.2991438],[5.368985,43.299171],[5.3690162,43.2992395],[5.3689351,43.2992487]]]}},{"type":"Feature","properties":{"osm_id":"way/67714983","name":"Tour du fanal","building":"yes","highway":null,"tourism":null,"historic":null,"amenity":null,"height_m":4,"height_source":"osm","levels":null,"source":"OpenStreetMap"},"geometry":{"type":"Polygon","coordinates":[[[5.361066,43.2956798],[5.3611286,43.2956042],[5.3611542,43.2956151],[5.3611765,43.295589],[5.3612066,43.2956017],[5.3612559,43.2956228],[5.361247,43.2956337],[5.3611877,43.2957064],[5.3611723,43.2957254],[5.361066,43.2956798]]]}},{"type":"Feature","properties":{"osm_id":"way/67714988","name":null,"building":"apartments","highway":null,"tourism":null,"historic":null,"amenity":null,"height_m":10,"height_source":"default","levels":null,"source":"OpenStreetMap"},"geometry":{"type":"Polygon","coordinates":[[[5.3706865,43.2994594],[5.3706781,43.2994201],[5.3708054,43.2994135],[5.3708266,43.29945],[5.3706865,43.2994594]]]}},{"type":"Feature","properties":{"osm_id":"way/67715003","name":null,"building":"yes","highway":null,"tourism":null,"historic":null,"amenity":null,"height_m":10,"height_source":"default","levels":null,"source":"OpenStreetMap"},"geometry":{"type":"Polygon","coordinates":[[[5.3651725,43.2983619],[5.3651718,43.2983511],[5.3651862,43.2983488],[5.3651893,43.2983419],[5.365072,43.2983392],[5.3650666,43.2983133],[5.3652059,43.2983093],[5.3652096,43.2983097],[5.3653443,43.2983256],[5.365333,43.2983535],[5.3653218,43.2983812],[5.365181,43.2983614],[5.3651725,43.2983619]]]}},{"type":"Feature","properties":{"osm_id":"way/67715005","name":null,"building":"apartments","highway":null,"tourism":null,"historic":null,"amenity":null,"height_m":12.8,"height_source":"osm","levels":"4","source":"OpenStreetMap"},"geometry":{"type":"Polygon","coordinates":[[[5.3653741,43.2974778],[5.365535,43.2974747],[5.3655266,43.2975133],[5.3655232,43.2975291],[5.3653825,43.2975346],[5.3653741,43.2974778]]]}},{"type":"Feature","properties":{"osm_id":"way/67715018","name":null,"building":"apartments","highway":null,"tourism":null,"historic":null,"amenity":null,"height_m":10,"height_source":"default","levels":null,"source":"OpenStreetMap"},"geometry":{"type":"Polygon","coordinates":[[[5.3662005,43.2985357],[5.3661912,43.2985042],[5.3661841,43.2984803],[5.366187,43.2984792],[5.3662238,43.2984738],[5.3662474,43.2984701],[5.3662443,43.2984604],[5.3662474,43.2984601],[5.3662334,43.298414],[5.3663219,43.2984005],[5.3663398,43.298466],[5.366352,43.2985106],[5.3662005,43.2985357]]]}},{"type":"Feature","properties":{"osm_id":"way/67715019","name":null,"building":"yes","highway":null,"tourism":null,"historic":null,"amenity":null,"height_m":10,"height_source":"default","levels":null,"source":"OpenStreetMap"},"geometry":{"type":"Polygon","coordinates":[[[5.3675632,43.2979851],[5.367609,43.2979671],[5.3676128,43.2979703],[5.3676139,43.2979684],[5.3676272,43.2979829],[5.3675821,43.2979979],[5.3675699,43.2980005],[5.3675632,43.2979851]]]}},{"type":"Feature","properties":{"osm_id":"way/67715034","name":null,"building":"yes","highway":null,"tourism":null,"historic":null,"amenity":null,"height_m":10,"height_source":"default","levels":null,"source":"OpenStreetMap"},"geometry":{"type":"Polygon","coordinates":[[[5.3648135,43.2961374],[5.3648344,43.2961283],[5.3649232,43.2960897],[5.3650392,43.296232],[5.3649297,43.2962796],[5.3648135,43.2961374]]]}},{"type":"Feature","properties":{"osm_id":"way/67715038","name":null,"building":"yes","highway":null,"tourism":null,"historic":null,"amenity":null,"height_m":10,"height_source":"default","levels":null,"source":"OpenStreetMap"},"geometry":{"type":"Polygon","coordinates":[[[5.3689704,43.2981741],[5.3690279,43.2981791],[5.369004,43.2982629],[5.3689473,43.298253],[5.3689704,43.2981741]]]}},{"type":"Feature","properties":{"osm_id":"way/67715043","name":null,"building":"apartments","highway":null,"tourism":null,"historic":null,"amenity":null,"height_m":10,"height_source":"default","levels":null,"source":"OpenStreetMap"},"geometry":{"type":"Polygon","coordinates":[[[5.3704896,43.2994111],[5.3704967,43.2993437],[5.370553,43.2993423],[5.3705948,43.2993413],[5.3706078,43.2994053],[5.3706083,43.2994129],[5.3705572,43.2994137],[5.3704896,43.2994111]]]}},{"type":"Feature","properties":{"osm_id":"way/67715054","name":null,"building":"yes","highway":null,"tourism":null,"historic":null,"amenity":null,"height_m":10,"height_source":"default","levels":null,"source":"OpenStreetMap"},"geometry":{"type":"Polygon","coordinates":[[[5.366641,43.2992157],[5.3667604,43.2992027],[5.3668768,43.2991883],[5.3668814,43.2991988],[5.3668206,43.299208],[5.3668345,43.2992495],[5.3667987,43.2992548],[5.3666564,43.2992713],[5.3666471,43.2992421],[5.3666394,43.2992182],[5.366641,43.2992157]]]}},{"type":"Feature","properties":{"osm_id":"way/67715055","name":null,"building":"apartments","highway":null,"tourism":null,"historic":null,"amenity":null,"height_m":10,"height_source":"default","levels":null,"source":"OpenStreetMap"},"geometry":{"type":"Polygon","coordinates":[[[5.3669733,43.2968977],[5.3669688,43.2970265],[5.3669385,43.2970271],[5.366904,43.2970266],[5.3669166,43.2969007],[5.3669456,43.2968992],[5.3669733,43.2968977]]]}},{"type":"Feature","properties":{"osm_id":"way/67715057","name":"Hôtel Hermès","building":"yes","highway":null,"tourism":"hotel","historic":null,"amenity":null,"height_m":10,"height_source":"default","levels":null,"source":"OpenStreetMap"},"geometry":{"type":"Polygon","coordinates":[[[5.3718775,43.2966374],[5.3718924,43.2965806],[5.371905,43.2965323],[5.3720936,43.2965499],[5.3720897,43.2965639],[5.3720755,43.2966136],[5.3720153,43.2966071],[5.3720029,43.2966525],[5.371932,43.296644],[5.3718775,43.2966374]]]}},{"type":"Feature","properties":{"osm_id":"way/67715060","name":null,"building":"yes","highway":null,"tourism":null,"historic":null,"amenity":null,"height_m":10,"height_source":"default","levels":null,"source":"OpenStreetMap"},"geometry":{"type":"Polygon","coordinates":[[[5.3650409,43.2979402],[5.3650992,43.2979353],[5.3651019,43.2979911],[5.3650751,43.2979926],[5.3650435,43.2979943],[5.3650409,43.2979402]]]}},{"type":"Feature","properties":{"osm_id":"way/67715076","name":null,"building":"apartments","highway":null,"tourism":null,"historic":null,"amenity":null,"height_m":10,"height_source":"default","levels":null,"source":"OpenStreetMap"},"geometry":{"type":"Polygon","coordinates":[[[5.365967,43.2981369],[5.3660859,43.2981161],[5.3661009,43.2981563],[5.3661104,43.2981909],[5.365993,43.2982175],[5.365967,43.2981369]]]}},{"type":"Feature","properties":{"osm_id":"way/67715084","name":null,"building":"yes","highway":null,"tourism":null,"historic":null,"amenity":null,"height_m":10,"height_source":"default","levels":null,"source":"OpenStreetMap"},"geometry":{"type":"Polygon","coordinates":[[[5.3686496,43.2969355],[5.3686786,43.2969392],[5.3686607,43.2970328],[5.3686317,43.2970297],[5.3686487,43.2969391],[5.3686496,43.2969355]]]}},{"type":"Feature","properties":{"osm_id":"way/67715089","name":null,"building":"yes","highway":null,"tourism":null,"historic":null,"amenity":null,"height_m":10,"height_source":"default","levels":null,"source":"OpenStreetMap"},"geometry":{"type":"Polygon","coordinates":[[[5.370622,43.2973543],[5.3706328,43.2972983],[5.3706486,43.2972162],[5.3707801,43.2972292],[5.3707744,43.2972581],[5.3707658,43.2973025],[5.3707604,43.2973301],[5.3707552,43.2973567],[5.370753,43.2973677],[5.370622,43.2973543]]]}},{"type":"Feature","properties":{"osm_id":"way/67715092","name":null,"building":"yes","highway":null,"tourism":null,"historic":null,"amenity":null,"height_m":10,"height_source":"default","levels":null,"source":"OpenStreetMap"},"geometry":{"type":"Polygon","coordinates":[[[5.3690844,43.2987952],[5.3689536,43.2988244],[5.368929,43.2987831],[5.3690594,43.298756],[5.3690723,43.2987762],[5.3690844,43.2987952]]]}},{"type":"Feature","properties":{"osm_id":"way/67715102","name":null,"building":"apartments","highway":null,"tourism":null,"historic":null,"amenity":null,"height_m":10,"height_source":"default","levels":null,"source":"OpenStreetMap"},"geometry":{"type":"Polygon","coordinates":[[[5.3683353,43.2993104],[5.3683226,43.2992548],[5.3683108,43.2991995],[5.3683559,43.2991936],[5.3683859,43.2991909],[5.3684045,43.2993044],[5.3683717,43.2993072],[5.3683353,43.2993104]]]}},{"type":"Feature","properties":{"osm_id":"way/67715103","name":null,"building":"yes","highway":null,"tourism":null,"historic":null,"amenity":null,"height_m":10,"height_source":"default","levels":null,"source":"OpenStreetMap"},"geometry":{"type":"Polygon","coordinates":[[[5.3648964,43.2979256],[5.3649337,43.297922],[5.3649711,43.2979192],[5.3649759,43.2979975],[5.3649376,43.2980004],[5.3649097,43.2980025],[5.3648964,43.2979256]]]}},{"type":"Feature","properties":{"osm_id":"way/67715113","name":null,"building":"yes","highway":null,"tourism":null,"historic":null,"amenity":null,"height_m":10,"height_source":"default","levels":null,"source":"OpenStreetMap"},"geometry":{"type":"Polygon","coordinates":[[[5.3657539,43.2984422],[5.3658201,43.298433],[5.3658236,43.2984465],[5.3657573,43.2984555],[5.3657539,43.2984422]]]}},{"type":"Feature","properties":{"osm_id":"way/67715120","name":null,"building":"yes","highway":null,"tourism":null,"historic":null,"amenity":null,"height_m":10,"height_source":"default","levels":null,"source":"OpenStreetMap"},"geometry":{"type":"Polygon","coordinates":[[[5.3686411,43.2978527],[5.3686191,43.2977847],[5.3686239,43.2977833],[5.3686531,43.2977785],[5.3686452,43.2977517],[5.3686393,43.297733],[5.3686468,43.2977314],[5.368644,43.2977215],[5.3687059,43.2977137],[5.3687324,43.297828],[5.3686447,43.2978517],[5.3686411,43.2978527]]]}},{"type":"Feature","properties":{"osm_id":"way/67715122","name":null,"building":"yes","highway":null,"tourism":null,"historic":null,"amenity":null,"height_m":10,"height_source":"default","levels":null,"source":"OpenStreetMap"},"geometry":{"type":"Polygon","coordinates":[[[5.3673386,43.2990755],[5.3673682,43.2991512],[5.3673301,43.2991582],[5.3673281,43.2991569],[5.3673179,43.2991581],[5.3673048,43.29913],[5.3672858,43.2990842],[5.3673072,43.2990807],[5.3673386,43.2990755]]]}},{"type":"Feature","properties":{"osm_id":"way/67715138","name":null,"building":"yes","highway":null,"tourism":null,"historic":null,"amenity":null,"height_m":10,"height_source":"default","levels":null,"source":"OpenStreetMap"},"geometry":{"type":"Polygon","coordinates":[[[5.3686983,43.2991138],[5.3687683,43.2991202],[5.3687736,43.2991502],[5.3687687,43.2991505],[5.3687404,43.2991514],[5.3687035,43.2991532],[5.3686983,43.2991138]]]}},{"type":"Feature","properties":{"osm_id":"way/67715139","name":null,"building":"yes","highway":null,"tourism":null,"historic":null,"amenity":null,"height_m":10,"height_source":"default","levels":null,"source":"OpenStreetMap"},"geometry":{"type":"Polygon","coordinates":[[[5.3655854,43.2984643],[5.3655927,43.2985067],[5.3655773,43.2985081],[5.3655706,43.298466],[5.3655854,43.2984643]]]}},{"type":"Feature","properties":{"osm_id":"way/67715149","name":null,"building":"yes","highway":null,"tourism":null,"historic":null,"amenity":null,"height_m":10,"height_source":"default","levels":null,"source":"OpenStreetMap"},"geometry":{"type":"Polygon","coordinates":[[[5.3676322,43.2985375],[5.3677421,43.2985087],[5.367741,43.2985061],[5.367764,43.2984997],[5.3677494,43.298469],[5.3677685,43.2984641],[5.3677785,43.2984825],[5.3677845,43.2984961],[5.3677714,43.298501],[5.3677896,43.2985396],[5.3677912,43.2985432],[5.3676536,43.2985782],[5.3676403,43.298553],[5.3676322,43.2985375]]]}},{"type":"Feature","properties":{"osm_id":"way/67715150","name":null,"building":"yes","highway":null,"tourism":null,"historic":null,"amenity":null,"height_m":10,"height_source":"default","levels":null,"source":"OpenStreetMap"},"geometry":{"type":"Polygon","coordinates":[[[5.3671101,43.2978576],[5.3671302,43.2979141],[5.3670216,43.2979272],[5.3670027,43.2978692],[5.3670661,43.2978624],[5.3671101,43.2978576]]]}},{"type":"Feature","properties":{"osm_id":"way/67715154","name":null,"building":"apartments","highway":null,"tourism":null,"historic":null,"amenity":null,"height_m":10,"height_source":"default","levels":null,"source":"OpenStreetMap"},"geometry":{"type":"Polygon","coordinates":[[[5.3661095,43.2985616],[5.3662042,43.2985422],[5.366217,43.2985883],[5.3661221,43.2986024],[5.3661125,43.2985714],[5.3661095,43.2985616]]]}},{"type":"Feature","properties":{"osm_id":"way/67715156","name":null,"building":"yes","highway":null,"tourism":null,"historic":null,"amenity":null,"height_m":10,"height_source":"default","levels":null,"source":"OpenStreetMap"},"geometry":{"type":"Polygon","coordinates":[[[5.3682783,43.2977626],[5.3683358,43.2977504],[5.3683275,43.2977317],[5.3683795,43.297721],[5.3684431,43.2977083],[5.3685635,43.297683],[5.3685753,43.297729],[5.368644,43.2977215],[5.3686468,43.2977314],[5.3686393,43.297733],[5.3684364,43.2977813],[5.3686432,43.2980673],[5.3687,43.2980553],[5.3687177,43.2981211],[5.3686769,43.2981152],[5.3685604,43.298104],[5.3684828,43.2980034],[5.3684387,43.2979462],[5.3683387,43.2978317],[5.3682783,43.2977626]]]}},{"type":"Feature","properties":{"osm_id":"way/67715161","name":null,"building":"yes","highway":null,"tourism":null,"historic":null,"amenity":null,"height_m":22.400000000000002,"height_source":"osm","levels":"7","source":"OpenStreetMap"},"geometry":{"type":"Polygon","coordinates":[[[5.3717637,43.2982449],[5.3719691,43.2983352],[5.3718851,43.2984385],[5.3716801,43.2983483],[5.3717272,43.2982901],[5.3717637,43.2982449]]]}},{"type":"Feature","properties":{"osm_id":"way/67715164","name":null,"building":"yes","highway":null,"tourism":null,"historic":null,"amenity":null,"height_m":10,"height_source":"default","levels":null,"source":"OpenStreetMap"},"geometry":{"type":"Polygon","coordinates":[[[5.3712675,43.2986347],[5.3712598,43.2986443],[5.3711636,43.2985056],[5.3711629,43.2984448],[5.3713546,43.2985286],[5.3712675,43.2986347]]]}},{"type":"Feature","properties":{"osm_id":"way/67715169","name":null,"building":"yes","highway":null,"tourism":null,"historic":null,"amenity":null,"height_m":10,"height_source":"default","levels":null,"source":"OpenStreetMap"},"geometry":{"type":"Polygon","coordinates":[[[5.3680655,43.2988105],[5.3680494,43.2987607],[5.3680523,43.2987603],[5.3680455,43.2987432],[5.3681161,43.2987329],[5.3681297,43.2987993],[5.3680655,43.2988105]]]}},{"type":"Feature","properties":{"osm_id":"way/67715174","name":null,"building":"yes","highway":null,"tourism":null,"historic":null,"amenity":null,"height_m":10,"height_source":"default","levels":null,"source":"OpenStreetMap"},"geometry":{"type":"Polygon","coordinates":[[[5.3678997,43.2991616],[5.3677985,43.299184],[5.3677003,43.2992063],[5.3676951,43.2991669],[5.3678794,43.2991249],[5.3678897,43.2991435],[5.3678997,43.2991616]]]}},{"type":"Feature","properties":{"osm_id":"way/67715175","name":null,"building":"yes","highway":null,"tourism":null,"historic":null,"amenity":null,"height_m":10,"height_source":"default","levels":null,"source":"OpenStreetMap"},"geometry":{"type":"Polygon","coordinates":[[[5.3667297,43.2980481],[5.3667809,43.2981546],[5.3667263,43.2981648],[5.3667088,43.2981311],[5.36669,43.2981011],[5.3666766,43.2980545],[5.366705,43.2980511],[5.3667297,43.2980481]]]}},{"type":"Feature","properties":{"osm_id":"way/67715176","name":null,"building":"yes","highway":null,"tourism":null,"historic":null,"amenity":null,"height_m":10,"height_source":"default","levels":null,"source":"OpenStreetMap"},"geometry":{"type":"Polygon","coordinates":[[[5.3674765,43.2975792],[5.3674609,43.2976037],[5.3674503,43.2976204],[5.3674047,43.2975934],[5.3673666,43.2975706],[5.3673797,43.2975494],[5.3673813,43.2975475],[5.3674765,43.2975792]]]}},{"type":"Feature","properties":{"osm_id":"way/67715180","name":null,"building":"apartments","highway":null,"tourism":null,"historic":null,"amenity":null,"height_m":10,"height_source":"default","levels":null,"source":"OpenStreetMap"},"geometry":{"type":"Polygon","coordinates":[[[5.3643046,43.2959902],[5.3642635,43.2959416],[5.3642537,43.2959458],[5.3642398,43.2959294],[5.3642311,43.2959329],[5.3642023,43.2958974],[5.3643223,43.2958444],[5.3644388,43.2957929],[5.3644686,43.2958302],[5.364459,43.2958343],[5.3644723,43.2958499],[5.3644625,43.295854],[5.3645038,43.2959037],[5.3643046,43.2959902]]]}},{"type":"Feature","properties":{"osm_id":"way/67715186","name":null,"building":"apartments","highway":null,"tourism":null,"historic":null,"amenity":null,"height_m":10,"height_source":"default","levels":null,"source":"OpenStreetMap"},"geometry":{"type":"Polygon","coordinates":[[[5.3655506,43.2986877],[5.3653545,43.298711],[5.3653527,43.2986858],[5.3653502,43.2986499],[5.3653486,43.2986222],[5.3653471,43.2985959],[5.3655461,43.2985786],[5.3656127,43.2985736],[5.3656327,43.2986352],[5.3656464,43.2986835],[5.3655518,43.298693],[5.3655523,43.2986875],[5.3655506,43.2986877]]]}},{"type":"Feature","properties":{"osm_id":"way/67715187","name":null,"building":"yes","highway":null,"tourism":null,"historic":null,"amenity":null,"height_m":10,"height_source":"default","levels":null,"source":"OpenStreetMap"},"geometry":{"type":"Polygon","coordinates":[[[5.3665578,43.2977384],[5.3665691,43.2978137],[5.3665812,43.2978873],[5.3665095,43.2978927],[5.3664976,43.2978119],[5.3664872,43.297741],[5.3665578,43.2977384]]]}},{"type":"Feature","properties":{"osm_id":"way/67715197","name":null,"building":"yes","highway":null,"tourism":null,"historic":null,"amenity":null,"height_m":10,"height_source":"default","levels":null,"source":"OpenStreetMap"},"geometry":{"type":"Polygon","coordinates":[[[5.3682924,43.2976537],[5.3683275,43.2977317],[5.3683358,43.2977504],[5.3682783,43.2977626],[5.3682641,43.2977485],[5.3682484,43.2977121],[5.368229,43.2976668],[5.3682924,43.2976537]]]}},{"type":"Feature","properties":{"osm_id":"way/67715198","name":null,"building":"apartments","highway":null,"tourism":null,"historic":null,"amenity":null,"height_m":10,"height_source":"default","levels":null,"source":"OpenStreetMap"},"geometry":{"type":"Polygon","coordinates":[[[5.3717631,43.2978632],[5.3717808,43.2978705],[5.371792,43.297858],[5.3717965,43.2978593],[5.3718,43.2978552],[5.371871,43.2978868],[5.3718329,43.2979334],[5.3718037,43.2979691],[5.3717212,43.2979305],[5.3717309,43.2979162],[5.3717631,43.2978632]]]}},{"type":"Feature","properties":{"osm_id":"way/67715209","name":null,"building":"yes","highway":null,"tourism":null,"historic":null,"amenity":null,"height_m":3.2,"height_source":"osm","levels":"1","source":"OpenStreetMap"},"geometry":{"type":"Polygon","coordinates":[[[5.3733166,43.29666],[5.3733181,43.29665],[5.3733311,43.2965873],[5.3733635,43.2965848],[5.3733725,43.2966332],[5.3733766,43.2966565],[5.3733734,43.2966679],[5.3733166,43.29666]]]}},{"type":"Feature","properties":{"osm_id":"way/67715212","name":null,"building":"apartments","highway":null,"tourism":null,"historic":null,"amenity":null,"height_m":10,"height_source":"default","levels":null,"source":"OpenStreetMap"},"geometry":{"type":"Polygon","coordinates":[[[5.3662986,43.2981811],[5.3664143,43.2981605],[5.366432,43.2982068],[5.3663131,43.2982263],[5.3663028,43.2981941],[5.3662986,43.2981811]]]}},{"type":"Feature","properties":{"osm_id":"way/67715218","name":"Musée Regards de Provence","building":"yes","highway":null,"tourism":"museum","historic":null,"amenity":null,"height_m":10,"height_source":"default","levels":null,"source":"OpenStreetMap"},"geometry":{"type":"Polygon","coordinates":[[[5.3636831,43.2980157],[5.3635061,43.2980389],[5.3634585,43.2978812],[5.3633902,43.2976532],[5.3633765,43.2976073],[5.363303,43.2973621],[5.3633343,43.2973443],[5.3638119,43.2978372],[5.3638236,43.2978492],[5.3636421,43.2978839],[5.3636831,43.2980157]]]}},{"type":"Feature","properties":{"osm_id":"way/67715233","name":null,"building":"yes","highway":null,"tourism":null,"historic":null,"amenity":null,"height_m":10,"height_source":"default","levels":null,"source":"OpenStreetMap"},"geometry":{"type":"Polygon","coordinates":[[[5.3671817,43.2995226],[5.3671704,43.2994212],[5.3672119,43.2994204],[5.3672337,43.29942],[5.3672404,43.2995211],[5.3671817,43.2995226]]]}},{"type":"Feature","properties":{"osm_id":"way/67715235","name":null,"building":"yes","highway":null,"tourism":null,"historic":null,"amenity":null,"height_m":10,"height_source":"default","levels":null,"source":"OpenStreetMap"},"geometry":{"type":"Polygon","coordinates":[[[5.3681857,43.2979286],[5.3681553,43.29787],[5.3681402,43.2978416],[5.3681043,43.2977815],[5.3682224,43.2977584],[5.3682312,43.2977777],[5.3682748,43.297892],[5.3681857,43.2979286]]]}},{"type":"Feature","properties":{"osm_id":"way/67715236","name":null,"building":"yes","highway":null,"tourism":null,"historic":null,"amenity":null,"height_m":3.2,"height_source":"osm","levels":"1","source":"OpenStreetMap"},"geometry":{"type":"Polygon","coordinates":[[[5.3694252,43.2983381],[5.3693721,43.2983379],[5.3693736,43.2983028],[5.3694263,43.2983034],[5.3694252,43.2983381]]]}},{"type":"Feature","properties":{"osm_id":"way/67715239","name":null,"building":"apartments","highway":null,"tourism":null,"historic":null,"amenity":null,"height_m":12.8,"height_source":"osm","levels":"4","source":"OpenStreetMap"},"geometry":{"type":"Polygon","coordinates":[[[5.3690854,43.2994002],[5.3690753,43.2992844],[5.3691018,43.2992831],[5.3691429,43.299281],[5.3691445,43.2993044],[5.3691506,43.2993962],[5.3690854,43.2994002]]]}},{"type":"Feature","properties":{"osm_id":"way/67715241","name":null,"building":"shed","highway":null,"tourism":null,"historic":null,"amenity":null,"height_m":3,"height_source":"osm","levels":"1","source":"OpenStreetMap"},"geometry":{"type":"Polygon","coordinates":[[[5.3677295,43.2957178],[5.3677388,43.2956742],[5.3678416,43.295687],[5.3678321,43.2957306],[5.3677295,43.2957178]]]}},{"type":"Feature","properties":{"osm_id":"way/67715249","name":null,"building":"yes","highway":null,"tourism":null,"historic":null,"amenity":null,"height_m":10,"height_source":"default","levels":null,"source":"OpenStreetMap"},"geometry":{"type":"Polygon","coordinates":[[[5.3683494,43.2990089],[5.3683514,43.2990534],[5.3683482,43.299054],[5.368249,43.2990696],[5.3682471,43.2990671],[5.3682436,43.2990394],[5.3682418,43.299025],[5.3683494,43.2990089]]]}},{"type":"Feature","properties":{"osm_id":"way/67715250","name":null,"building":"apartments","highway":null,"tourism":null,"historic":null,"amenity":null,"height_m":10,"height_source":"default","levels":null,"source":"OpenStreetMap"},"geometry":{"type":"Polygon","coordinates":[[[5.3662409,43.2980068],[5.3663489,43.2979893],[5.3663627,43.2980304],[5.3662539,43.2980457],[5.3662446,43.298018],[5.3662409,43.2980068]]]}},{"type":"Feature","properties":{"osm_id":"way/67715255","name":null,"building":"industrial","highway":null,"tourism":null,"historic":null,"amenity":null,"height_m":3,"height_source":"osm","levels":"1","source":"OpenStreetMap"},"geometry":{"type":"Polygon","coordinates":[[[5.3668667,43.2955668],[5.3668799,43.2955297],[5.3669396,43.2955411],[5.3669263,43.2955781],[5.3668667,43.2955668]]]}},{"type":"Feature","properties":{"osm_id":"way/67715257","name":null,"building":"yes","highway":null,"tourism":null,"historic":null,"amenity":null,"height_m":10,"height_source":"default","levels":null,"source":"OpenStreetMap"},"geometry":{"type":"Polygon","coordinates":[[[5.3719233,43.2975886],[5.3719138,43.2975208],[5.3720262,43.2975118],[5.3720262,43.2975037],[5.3721574,43.2975602],[5.3721259,43.2975995],[5.3721021,43.2976293],[5.3719948,43.2975833],[5.3719233,43.2975886]]]}},{"type":"Feature","properties":{"osm_id":"way/67715260","name":null,"building":"apartments","highway":null,"tourism":null,"historic":null,"amenity":null,"height_m":10,"height_source":"default","levels":null,"source":"OpenStreetMap"},"geometry":{"type":"Polygon","coordinates":[[[5.3668333,43.2984232],[5.3667075,43.2984405],[5.3667052,43.2984384],[5.3667018,43.2984257],[5.3666946,43.2983992],[5.3666937,43.2983962],[5.366758,43.2983863],[5.3668154,43.2983796],[5.3668333,43.2984232]]]}},{"type":"Feature","properties":{"osm_id":"way/67715261","name":null,"building":"yes","highway":null,"tourism":null,"historic":null,"amenity":null,"height_m":10,"height_source":"default","levels":null,"source":"OpenStreetMap"},"geometry":{"type":"Polygon","coordinates":[[[5.3670857,43.2974284],[5.3670847,43.2974091],[5.3670571,43.2974108],[5.3670563,43.2973978],[5.3671802,43.2973861],[5.3671578,43.2974204],[5.3670857,43.2974284]]]}},{"type":"Feature","properties":{"osm_id":"way/67715270","name":null,"building":"yes","highway":null,"tourism":null,"historic":null,"amenity":null,"height_m":10,"height_source":"default","levels":null,"source":"OpenStreetMap"},"geometry":{"type":"Polygon","coordinates":[[[5.3657498,43.2982506],[5.3657472,43.2982976],[5.3657302,43.2983006],[5.3656806,43.2983081],[5.365681,43.2982819],[5.3656832,43.2982627],[5.3657498,43.2982506]]]}},{"type":"Feature","properties":{"osm_id":"way/67715275","name":null,"building":"yes","highway":null,"tourism":null,"historic":null,"amenity":null,"height_m":10,"height_source":"default","levels":null,"source":"OpenStreetMap"},"geometry":{"type":"Polygon","coordinates":[[[5.3694987,43.2994283],[5.3695019,43.2994368],[5.3695385,43.2995087],[5.3695878,43.2996055],[5.3695037,43.2996211],[5.3694287,43.2996351],[5.3693818,43.2995441],[5.3693781,43.2995362],[5.3693601,43.2995021],[5.3693398,43.2994642],[5.3693365,43.2994544],[5.3694987,43.2994283]]]}},{"type":"Feature","properties":{"osm_id":"way/67715285","name":null,"building":"yes","highway":null,"tourism":null,"historic":null,"amenity":null,"height_m":10,"height_source":"default","levels":null,"source":"OpenStreetMap"},"geometry":{"type":"Polygon","coordinates":[[[5.3663385,43.2978635],[5.366197,43.2978811],[5.3661736,43.2978203],[5.366177,43.2978197],[5.3662702,43.2978117],[5.3662778,43.2978505],[5.366337,43.2978442],[5.3663377,43.2978496],[5.3663385,43.2978635]]]}},{"type":"Feature","properties":{"osm_id":"way/67715290","name":null,"building":"apartments","highway":null,"tourism":null,"historic":null,"amenity":null,"height_m":10,"height_source":"default","levels":null,"source":"OpenStreetMap"},"geometry":{"type":"Polygon","coordinates":[[[5.3661609,43.2971595],[5.3661674,43.2973017],[5.3660415,43.297342],[5.366044,43.2973044],[5.3660492,43.2972268],[5.3661142,43.2971876],[5.3661609,43.2971595]]]}},{"type":"Feature","properties":{"osm_id":"way/67715292","name":null,"building":"yes","highway":null,"tourism":null,"historic":null,"amenity":null,"height_m":3.2,"height_source":"osm","levels":"1","source":"OpenStreetMap"},"geometry":{"type":"Polygon","coordinates":[[[5.3727415,43.2974171],[5.3727443,43.2974131],[5.3728201,43.29732],[5.3728649,43.2973392],[5.3727863,43.297436],[5.3727415,43.2974171]]]}},{"type":"Feature","properties":{"osm_id":"way/67715295","name":null,"building":"yes","highway":null,"tourism":null,"historic":null,"amenity":null,"height_m":10,"height_source":"default","levels":null,"source":"OpenStreetMap"},"geometry":{"type":"Polygon","coordinates":[[[5.3678516,43.2986794],[5.3678727,43.2987309],[5.3678698,43.298732],[5.3678269,43.2987385],[5.3678034,43.298742],[5.3677951,43.2987226],[5.3678291,43.2987169],[5.3678128,43.2986882],[5.3678516,43.2986794]]]}},{"type":"Feature","properties":{"osm_id":"way/67715299","name":null,"building":"yes","highway":null,"tourism":null,"historic":null,"amenity":null,"height_m":10,"height_source":"default","levels":null,"source":"OpenStreetMap"},"geometry":{"type":"Polygon","coordinates":[[[5.3699434,43.2994358],[5.369931,43.2993637],[5.3699307,43.2993619],[5.3699999,43.2993617],[5.3700013,43.2993725],[5.3700081,43.2994278],[5.3700086,43.2994327],[5.3699434,43.2994358]]]}},{"type":"Feature","properties":{"osm_id":"way/67715300","name":null,"building":"yes","highway":null,"tourism":null,"historic":null,"amenity":null,"height_m":16,"height_source":"osm","levels":"5","source":"OpenStreetMap"},"geometry":{"type":"Polygon","coordinates":[[[5.3693722,43.2987397],[5.3694723,43.2987408],[5.3695198,43.2987413],[5.3698034,43.2987472],[5.3699527,43.2987499],[5.3702549,43.298756],[5.3704153,43.2987594],[5.3704365,43.2987602],[5.3704369,43.2987074],[5.3704487,43.2987074],[5.3704489,43.298675],[5.3704371,43.2986758],[5.3704391,43.2986194],[5.3702767,43.2986162],[5.3702828,43.298448],[5.3702831,43.2984305],[5.3702832,43.2984234],[5.3702928,43.2984232],[5.3702902,43.2984055],[5.3702913,43.2983023],[5.3702954,43.2983023],[5.3702951,43.2982816],[5.3702682,43.2982813],[5.3702683,43.2982835],[5.3701276,43.2982811],[5.3701043,43.2982759],[5.3701042,43.2982991],[5.3701036,43.2983144],[5.370102,43.29835],[5.3701007,43.2983862],[5.3701008,43.2984067],[5.3700944,43.2984072],[5.3700958,43.2984132],[5.3701028,43.298413],[5.3701037,43.2984195],[5.3701094,43.2984328],[5.3701545,43.2984334],[5.3701474,43.2986502],[5.3693096,43.2986344],[5.3693158,43.298419],[5.3693608,43.2984193],[5.3693611,43.2984084],[5.3693654,43.2984082],[5.3693662,43.2984032],[5.3693751,43.2984031],[5.3693753,43.2983979],[5.3693664,43.2983981],[5.3693703,43.2983744],[5.3693721,43.2983379],[5.3693736,43.2983028],[5.369368,43.2982667],[5.3691804,43.2982654],[5.3691808,43.2983867],[5.3691782,43.2987348],[5.3693722,43.2987397]]]}},{"type":"Feature","properties":{"osm_id":"way/67715307","name":null,"building":"apartments","highway":null,"tourism":null,"historic":null,"amenity":null,"height_m":19.200000000000003,"height_source":"osm","levels":"6","source":"OpenStreetMap"},"geometry":{"type":"Polygon","coordinates":[[[5.3656084,43.297846],[5.3656054,43.297783],[5.365631,43.2977835],[5.3656674,43.2977842],[5.3656756,43.2978455],[5.3656084,43.297846]]]}},{"type":"Feature","properties":{"osm_id":"way/67715311","name":null,"building":"yes","highway":null,"tourism":null,"historic":null,"amenity":null,"height_m":9.600000000000001,"height_source":"osm","levels":"3","source":"OpenStreetMap"},"geometry":{"type":"Polygon","coordinates":[[[5.3691286,43.2991844],[5.3691546,43.2992418],[5.3691006,43.2992429],[5.3690595,43.2992437],[5.3690513,43.2992238],[5.3690386,43.299193],[5.3691286,43.2991844]]]}},{"type":"Feature","properties":{"osm_id":"way/67715315","name":null,"building":"yes","highway":null,"tourism":null,"historic":null,"amenity":null,"height_m":10,"height_source":"default","levels":null,"source":"OpenStreetMap"},"geometry":{"type":"Polygon","coordinates":[[[5.3680177,43.2990004],[5.367882,43.2990295],[5.3678665,43.2989996],[5.3678611,43.2989893],[5.3679974,43.2989588],[5.3680177,43.2990004]]]}},{"type":"Feature","properties":{"osm_id":"way/67715322","name":null,"building":"yes","highway":null,"tourism":null,"historic":null,"amenity":null,"height_m":10,"height_source":"default","levels":null,"source":"OpenStreetMap"},"geometry":{"type":"Polygon","coordinates":[[[5.3670927,43.2980063],[5.3671331,43.2980878],[5.367078,43.2980989],[5.3670347,43.2980117],[5.3670627,43.2980091],[5.3670927,43.2980063]]]}},{"type":"Feature","properties":{"osm_id":"way/67715330","name":null,"building":"yes","highway":null,"tourism":null,"historic":null,"amenity":null,"height_m":10,"height_source":"default","levels":null,"source":"OpenStreetMap"},"geometry":{"type":"Polygon","coordinates":[[[5.3718434,43.2968885],[5.3718375,43.2968878],[5.371845,43.2968499],[5.3718512,43.2968506],[5.3718434,43.2968885]]]}},{"type":"Feature","properties":{"osm_id":"way/67715333","name":null,"building":"yes","highway":null,"tourism":null,"historic":null,"amenity":null,"height_m":10,"height_source":"default","levels":null,"source":"OpenStreetMap"},"geometry":{"type":"Polygon","coordinates":[[[5.3652474,43.2982014],[5.3652633,43.2981706],[5.3652791,43.2981744],[5.3652851,43.2981628],[5.365418,43.2981699],[5.3654026,43.2981983],[5.365392,43.2982179],[5.3652474,43.2982014]]]}},{"type":"Feature","properties":{"osm_id":"way/67715344","name":null,"building":"yes","highway":null,"tourism":null,"historic":null,"amenity":null,"height_m":10,"height_source":"default","levels":null,"source":"OpenStreetMap"},"geometry":{"type":"Polygon","coordinates":[[[5.3670281,43.297725],[5.3670419,43.2977909],[5.3670501,43.2978305],[5.3670459,43.2978304],[5.3669804,43.2978375],[5.3669719,43.2977893],[5.3669583,43.2977251],[5.3669977,43.297725],[5.3670281,43.297725]]]}},{"type":"Feature","properties":{"osm_id":"way/67715352","name":null,"building":"yes","highway":null,"tourism":null,"historic":null,"amenity":null,"height_m":10,"height_source":"default","levels":null,"source":"OpenStreetMap"},"geometry":{"type":"Polygon","coordinates":[[[5.369298,43.299099],[5.3691928,43.2991235],[5.3691819,43.2991083],[5.3691644,43.2990819],[5.36927,43.2990591],[5.3692879,43.2990846],[5.369298,43.299099]]]}},{"type":"Feature","properties":{"osm_id":"way/67715355","name":null,"building":"yes","highway":null,"tourism":null,"historic":null,"amenity":null,"height_m":10,"height_source":"default","levels":null,"source":"OpenStreetMap"},"geometry":{"type":"Polygon","coordinates":[[[5.3685685,43.2983709],[5.3685392,43.2983303],[5.3685381,43.2983272],[5.3686244,43.2982817],[5.3686443,43.2983066],[5.3686556,43.2983208],[5.3686581,43.2983229],[5.3685685,43.2983709]]]}},{"type":"Feature","properties":{"osm_id":"way/67715364","name":null,"building":"yes","highway":null,"tourism":null,"historic":null,"amenity":null,"height_m":10,"height_source":"default","levels":null,"source":"OpenStreetMap"},"geometry":{"type":"Polygon","coordinates":[[[5.3695241,43.2980236],[5.369531,43.2980226],[5.3695311,43.2980266],[5.3695255,43.2980276],[5.3695241,43.2980236]]]}},{"type":"Feature","properties":{"osm_id":"way/67715367","name":null,"building":"yes","highway":null,"tourism":null,"historic":null,"amenity":null,"height_m":10,"height_source":"default","levels":null,"source":"OpenStreetMap"},"geometry":{"type":"Polygon","coordinates":[[[5.3684527,43.299485],[5.3684448,43.2994385],[5.3684516,43.2994373],[5.3685099,43.299433],[5.3685726,43.2994283],[5.3685745,43.2994531],[5.3685763,43.2994777],[5.3685641,43.2994787],[5.368564,43.2994764],[5.3684527,43.299485]]]}},{"type":"Feature","properties":{"osm_id":"way/67715368","name":null,"building":"apartments","highway":null,"tourism":null,"historic":null,"amenity":null,"height_m":10,"height_source":"default","levels":null,"source":"OpenStreetMap"},"geometry":{"type":"Polygon","coordinates":[[[5.3706637,43.2993395],[5.3706726,43.2993801],[5.3706702,43.2993802],[5.3706726,43.2993968],[5.3706078,43.2994053],[5.3705948,43.2993413],[5.370635,43.2993403],[5.3706637,43.2993395]]]}},{"type":"Feature","properties":{"osm_id":"way/67715374","name":null,"building":"apartments","highway":null,"tourism":null,"historic":null,"amenity":null,"height_m":10,"height_source":"default","levels":null,"source":"OpenStreetMap"},"geometry":{"type":"Polygon","coordinates":[[[5.3666978,43.2969368],[5.3666954,43.2970186],[5.3666347,43.29703],[5.3666391,43.2969485],[5.3666645,43.2969434],[5.3666978,43.2969368]]]}},{"type":"Feature","properties":{"osm_id":"way/67715376","name":null,"building":"yes","highway":null,"tourism":null,"historic":null,"amenity":null,"height_m":10,"height_source":"default","levels":null,"source":"OpenStreetMap"},"geometry":{"type":"Polygon","coordinates":[[[5.3720897,43.2965639],[5.3720936,43.2965499],[5.3721135,43.2965519],[5.3721094,43.2965672],[5.3720897,43.2965639]]]}},{"type":"Feature","properties":{"osm_id":"way/67715383","name":null,"building":"yes","highway":null,"tourism":null,"historic":null,"amenity":null,"height_m":10,"height_source":"default","levels":null,"source":"OpenStreetMap"},"geometry":{"type":"Polygon","coordinates":[[[5.3651213,43.2980364],[5.3651812,43.2980348],[5.365177,43.29806],[5.3652771,43.2980594],[5.3652714,43.2980895],[5.3652663,43.2981096],[5.3652336,43.2981108],[5.3651395,43.2981085],[5.3651213,43.2980364]]]}},{"type":"Feature","properties":{"osm_id":"way/67715384","name":null,"building":"yes","highway":null,"tourism":null,"historic":null,"amenity":null,"height_m":10,"height_source":"default","levels":null,"source":"OpenStreetMap"},"geometry":{"type":"Polygon","coordinates":[[[5.3653671,43.2974286],[5.3652057,43.2974385],[5.3651809,43.2973791],[5.3652707,43.2973733],[5.3653774,43.2973665],[5.3653671,43.2974286]]]}},{"type":"Feature","properties":{"osm_id":"way/67715393","name":null,"building":"apartments","highway":null,"tourism":null,"historic":null,"amenity":null,"height_m":10,"height_source":"default","levels":null,"source":"OpenStreetMap"},"geometry":{"type":"Polygon","coordinates":[[[5.3661009,43.2981563],[5.3661562,43.2981424],[5.3661683,43.2981769],[5.3661533,43.298181],[5.3661261,43.2981872],[5.3661104,43.2981909],[5.3661009,43.2981563]]]}},{"type":"Feature","properties":{"osm_id":"way/67715394","name":null,"building":"yes","highway":null,"tourism":null,"historic":null,"amenity":null,"height_m":10,"height_source":"default","levels":null,"source":"OpenStreetMap"},"geometry":{"type":"Polygon","coordinates":[[[5.3673316,43.2979383],[5.3674676,43.2979006],[5.3674718,43.2979004],[5.3674863,43.2979343],[5.3673503,43.2979778],[5.3673392,43.2979544],[5.3673316,43.2979383]]]}},{"type":"Feature","properties":{"osm_id":"way/67715400","name":null,"building":"yes","highway":null,"tourism":null,"historic":null,"amenity":null,"height_m":10,"height_source":"default","levels":null,"source":"OpenStreetMap"},"geometry":{"type":"Polygon","coordinates":[[[5.3687227,43.2969461],[5.3687337,43.2968908],[5.3688084,43.2968979],[5.3687976,43.2969541],[5.3687227,43.2969461]]]}},{"type":"Feature","properties":{"osm_id":"way/67715405","name":null,"building":"yes","highway":null,"tourism":null,"historic":null,"amenity":null,"height_m":10,"height_source":"default","levels":null,"source":"OpenStreetMap"},"geometry":{"type":"Polygon","coordinates":[[[5.3688675,43.2981639],[5.3689215,43.2981689],[5.368902,43.2982572],[5.3688657,43.2982495],[5.3688471,43.2982446],[5.3688675,43.2981639]]]}},{"type":"Feature","properties":{"osm_id":"way/67715408","name":null,"building":"apartments","highway":null,"tourism":null,"historic":null,"amenity":null,"height_m":12.8,"height_source":"osm","levels":"4","source":"OpenStreetMap"},"geometry":{"type":"Polygon","coordinates":[[[5.36886,43.2989886],[5.3687386,43.2990179],[5.3687139,43.2989693],[5.3687761,43.2989533],[5.3688249,43.2989408],[5.36886,43.2989886]]]}},{"type":"Feature","properties":{"osm_id":"way/67715414","name":null,"building":"yes","highway":null,"tourism":null,"historic":null,"amenity":"parking","height_m":10,"height_source":"default","levels":null,"source":"OpenStreetMap"},"geometry":{"type":"Polygon","coordinates":[[[5.3668677,43.2965836],[5.3670928,43.2966067],[5.3671304,43.2966103],[5.3671549,43.2966132],[5.3673847,43.2966376],[5.3673818,43.2966514],[5.3674015,43.296669],[5.3674191,43.2966847],[5.3674368,43.2966867],[5.3674151,43.2967994],[5.3674114,43.2968184],[5.3673046,43.2968028],[5.3672289,43.296788],[5.367186,43.2967796],[5.3670847,43.2967535],[5.36707,43.2967497],[5.3669577,43.2967131],[5.3668988,43.2966895],[5.3668498,43.2966699],[5.3668652,43.2965938],[5.3668677,43.2965836]]]}},{"type":"Feature","properties":{"osm_id":"way/67715416","name":null,"building":"yes","highway":null,"tourism":null,"historic":null,"amenity":null,"height_m":10,"height_source":"default","levels":null,"source":"OpenStreetMap"},"geometry":{"type":"Polygon","coordinates":[[[5.3720936,43.2965499],[5.3721126,43.2964795],[5.3721777,43.2964857],[5.3722182,43.2964895],[5.3721987,43.2965595],[5.3721135,43.2965519],[5.3720936,43.2965499]]]}},{"type":"Feature","properties":{"osm_id":"way/67715418","name":null,"building":"yes","highway":null,"tourism":null,"historic":null,"amenity":null,"height_m":10,"height_source":"default","levels":null,"source":"OpenStreetMap"},"geometry":{"type":"Polygon","coordinates":[[[5.3682208,43.2990691],[5.3682471,43.2990671],[5.368249,43.2990696],[5.3683482,43.299054],[5.3683554,43.2990996],[5.3682295,43.299117],[5.3682246,43.2990901],[5.3682208,43.2990691]]]}},{"type":"Feature","properties":{"osm_id":"way/67715419","name":null,"building":"yes","highway":null,"tourism":null,"historic":null,"amenity":null,"height_m":10,"height_source":"default","levels":null,"source":"OpenStreetMap"},"geometry":{"type":"Polygon","coordinates":[[[5.3649495,43.2980687],[5.3649445,43.2980407],[5.3650071,43.2980393],[5.3650221,43.2981106],[5.3649621,43.2981134],[5.3649495,43.2980687]]]}},{"type":"Feature","properties":{"osm_id":"way/67715424","name":null,"building":"industrial","highway":null,"tourism":null,"historic":null,"amenity":null,"height_m":3,"height_source":"osm","levels":"1","source":"OpenStreetMap"},"geometry":{"type":"Polygon","coordinates":[[[5.3656815,43.295323],[5.3656905,43.2952968],[5.3658061,43.2953181],[5.3657971,43.2953443],[5.3656815,43.295323]]]}},{"type":"Feature","properties":{"osm_id":"way/67715429","name":null,"building":"yes","highway":null,"tourism":null,"historic":null,"amenity":null,"height_m":10,"height_source":"default","levels":null,"source":"OpenStreetMap"},"geometry":{"type":"Polygon","coordinates":[[[5.3657932,43.2985527],[5.3658037,43.2985511],[5.3658064,43.298559],[5.3657967,43.298561],[5.3657932,43.2985527]]]}},{"type":"Feature","properties":{"osm_id":"way/67715433","name":"Mairie des 2e et 3e arrondissements","building":"government","highway":null,"tourism":null,"historic":null,"amenity":"townhall","height_m":10,"height_source":"default","levels":null,"source":"OpenStreetMap"},"geometry":{"type":"Polygon","coordinates":[[[5.3649628,43.2988122],[5.3649619,43.2988094],[5.3649182,43.2986664],[5.3648822,43.2986713],[5.364871,43.2986337],[5.364863,43.2986071],[5.3648998,43.2986022],[5.364858,43.2984562],[5.3649648,43.2984378],[5.3650747,43.2984198],[5.3651486,43.298408],[5.3651483,43.2984058],[5.365209,43.2984012],[5.3653065,43.2984164],[5.3652835,43.2984792],[5.3651719,43.298497],[5.3651691,43.2984877],[5.3650178,43.2985118],[5.3649816,43.2985175],[5.3650415,43.2987156],[5.3650777,43.2987099],[5.3652327,43.298686],[5.365257,43.2987643],[5.3649628,43.2988122]]]}},{"type":"Feature","properties":{"osm_id":"way/67715438","name":null,"building":"yes","highway":null,"tourism":null,"historic":null,"amenity":null,"height_m":10,"height_source":"default","levels":null,"source":"OpenStreetMap"},"geometry":{"type":"Polygon","coordinates":[[[5.3676274,43.2991697],[5.3676647,43.2991652],[5.3676704,43.2991991],[5.3676338,43.2992031],[5.3676282,43.2991714],[5.3676274,43.2991697]]]}},{"type":"Feature","properties":{"osm_id":"way/67715441","name":null,"building":"roof","highway":null,"tourism":null,"historic":null,"amenity":null,"height_m":10,"height_source":"default","levels":null,"source":"OpenStreetMap"},"geometry":{"type":"Polygon","coordinates":[[[5.3696866,43.2969662],[5.3696985,43.2969083],[5.3697258,43.2969113],[5.3697142,43.2969692],[5.3696866,43.2969662]]]}},{"type":"Feature","properties":{"osm_id":"way/67715450","name":null,"building":"yes","highway":null,"tourism":null,"historic":null,"amenity":null,"height_m":10,"height_source":"default","levels":null,"source":"OpenStreetMap"},"geometry":{"type":"Polygon","coordinates":[[[5.366266,43.2977118],[5.3662651,43.2976874],[5.3663278,43.2976848],[5.3663269,43.297693],[5.3663271,43.2977102],[5.3662895,43.2977112],[5.366266,43.2977118]]]}},{"type":"Feature","properties":{"osm_id":"way/67715453","name":null,"building":"apartments","highway":null,"tourism":null,"historic":null,"amenity":null,"height_m":10,"height_source":"default","levels":null,"source":"OpenStreetMap"},"geometry":{"type":"Polygon","coordinates":[[[5.3687256,43.2992742],[5.3687014,43.2991935],[5.3686905,43.2991531],[5.3687035,43.2991532],[5.3687404,43.2991514],[5.3687465,43.2991763],[5.3687726,43.2991728],[5.3687914,43.299266],[5.3687453,43.2992717],[5.3687256,43.2992742]]]}},{"type":"Feature","properties":{"osm_id":"way/67715454","name":null,"building":"yes","highway":null,"tourism":null,"historic":null,"amenity":null,"height_m":10,"height_source":"default","levels":null,"source":"OpenStreetMap"},"geometry":{"type":"Polygon","coordinates":[[[5.3648495,43.2980338],[5.3649003,43.2980308],[5.3649423,43.2980284],[5.3649445,43.2980407],[5.3649495,43.2980687],[5.3648596,43.2980719],[5.3648495,43.2980338]]]}},{"type":"Feature","properties":{"osm_id":"way/67715455","name":null,"building":"yes","highway":null,"tourism":null,"historic":null,"amenity":null,"height_m":10,"height_source":"default","levels":null,"source":"OpenStreetMap"},"geometry":{"type":"Polygon","coordinates":[[[5.3677208,43.2975437],[5.3677772,43.2975393],[5.3677783,43.2975488],[5.3677649,43.2975501],[5.3677649,43.2975514],[5.3677183,43.2975552],[5.3677208,43.2975437]]]}},{"type":"Feature","properties":{"osm_id":"way/67715459","name":null,"building":"yes","highway":null,"tourism":null,"historic":null,"amenity":null,"height_m":10,"height_source":"default","levels":null,"source":"OpenStreetMap"},"geometry":{"type":"Polygon","coordinates":[[[5.3647147,43.2972111],[5.3645528,43.2972819],[5.3645332,43.2972562],[5.3646585,43.297201],[5.3643752,43.2968547],[5.3644106,43.2968397],[5.3647147,43.2972111]]]}},{"type":"Feature","properties":{"osm_id":"way/67715464","name":null,"building":"yes","highway":null,"tourism":null,"historic":null,"amenity":null,"height_m":10,"height_source":"default","levels":null,"source":"OpenStreetMap"},"geometry":{"type":"Polygon","coordinates":[[[5.3679977,43.2987174],[5.3679709,43.2986337],[5.367967,43.2986204],[5.3679938,43.2986169],[5.3679864,43.2985898],[5.3680205,43.2985819],[5.3680509,43.2987055],[5.3680557,43.2987052],[5.3680564,43.2987097],[5.3680232,43.2987141],[5.3679977,43.2987174]]]}},{"type":"Feature","properties":{"osm_id":"way/67715465","name":null,"building":"apartments","highway":null,"tourism":null,"historic":null,"amenity":null,"height_m":10,"height_source":"default","levels":null,"source":"OpenStreetMap"},"geometry":{"type":"Polygon","coordinates":[[[5.3664815,43.2980132],[5.3663627,43.2980304],[5.3663489,43.2979893],[5.3663817,43.2979846],[5.3664661,43.2979712],[5.3664751,43.2979958],[5.3664815,43.2980132]]]}},{"type":"Feature","properties":{"osm_id":"way/67715471","name":null,"building":"yes","highway":null,"tourism":null,"historic":null,"amenity":null,"height_m":10,"height_source":"default","levels":null,"source":"OpenStreetMap"},"geometry":{"type":"Polygon","coordinates":[[[5.3685649,43.2982046],[5.3684725,43.2982442],[5.3684432,43.2982581],[5.36842,43.2982668],[5.3683892,43.2982303],[5.3684429,43.2982076],[5.3685373,43.2981684],[5.3685532,43.2981893],[5.3685649,43.2982046]]]}},{"type":"Feature","properties":{"osm_id":"way/67715473","name":null,"building":"yes","highway":null,"tourism":null,"historic":null,"amenity":null,"height_m":10,"height_source":"default","levels":null,"source":"OpenStreetMap"},"geometry":{"type":"Polygon","coordinates":[[[5.3670413,43.2990959],[5.3670184,43.2990165],[5.3670129,43.2989946],[5.3670409,43.2989906],[5.3670432,43.2989933],[5.3670607,43.2989899],[5.3670888,43.2990889],[5.367064,43.2990925],[5.3670413,43.2990959]]]}},{"type":"Feature","properties":{"osm_id":"way/67715479","name":null,"building":"apartments","highway":null,"tourism":null,"historic":null,"amenity":null,"height_m":3,"height_source":"osm","levels":"0","source":"OpenStreetMap"},"geometry":{"type":"Polygon","coordinates":[[[5.371522,43.2985408],[5.3717285,43.2986313],[5.3716437,43.2987342],[5.3714373,43.298645],[5.3714845,43.298587],[5.371522,43.2985408]]]}},{"type":"Feature","properties":{"osm_id":"way/67715483","name":null,"building":"yes","highway":null,"tourism":null,"historic":null,"amenity":null,"height_m":10,"height_source":"default","levels":null,"source":"OpenStreetMap"},"geometry":{"type":"Polygon","coordinates":[[[5.368155,43.298926],[5.3680239,43.2989535],[5.3680112,43.2989295],[5.3680028,43.2989142],[5.3680329,43.2989083],[5.3680572,43.2989031],[5.3681465,43.2988846],[5.3681525,43.2989139],[5.368155,43.298926]]]}},{"type":"Feature","properties":{"osm_id":"way/67715491","name":null,"building":"yes","highway":null,"tourism":null,"historic":null,"amenity":null,"height_m":10,"height_source":"default","levels":null,"source":"OpenStreetMap"},"geometry":{"type":"Polygon","coordinates":[[[5.3668812,43.2981344],[5.3668849,43.2981347],[5.3669246,43.2982122],[5.3669278,43.2982116],[5.3669357,43.2982269],[5.3668983,43.2982322],[5.3668749,43.2982356],[5.3668329,43.2981456],[5.3668812,43.2981344]]]}},{"type":"Feature","properties":{"osm_id":"way/67715493","name":null,"building":"yes","highway":null,"tourism":null,"historic":null,"amenity":null,"height_m":10,"height_source":"default","levels":null,"source":"OpenStreetMap"},"geometry":{"type":"Polygon","coordinates":[[[5.3666943,43.2972701],[5.3667067,43.297529],[5.3667077,43.2975488],[5.3665622,43.2975524],[5.3665535,43.2973434],[5.3665493,43.2972741],[5.366549,43.2972724],[5.3666943,43.2972701]]]}},{"type":"Feature","properties":{"osm_id":"way/67715507","name":null,"building":"apartments","highway":null,"tourism":null,"historic":null,"amenity":null,"height_m":10,"height_source":"default","levels":null,"source":"OpenStreetMap"},"geometry":{"type":"Polygon","coordinates":[[[5.3667508,43.2987532],[5.3666794,43.2987649],[5.3666677,43.2987669],[5.3666488,43.2987102],[5.3667333,43.2986916],[5.3667446,43.2987313],[5.3667508,43.2987532]]]}},{"type":"Feature","properties":{"osm_id":"way/67715509","name":null,"building":"yes","highway":null,"tourism":null,"historic":null,"amenity":null,"height_m":10,"height_source":"default","levels":null,"source":"OpenStreetMap"},"geometry":{"type":"Polygon","coordinates":[[[5.3669166,43.2978451],[5.3669042,43.297793],[5.3669719,43.2977893],[5.3669804,43.2978375],[5.3669461,43.2978416],[5.3669166,43.2978451]]]}},{"type":"Feature","properties":{"osm_id":"way/67715522","name":null,"building":"yes","highway":null,"tourism":null,"historic":null,"amenity":null,"height_m":10,"height_source":"default","levels":null,"source":"OpenStreetMap"},"geometry":{"type":"Polygon","coordinates":[[[5.3685124,43.2984877],[5.3685843,43.2984489],[5.3686343,43.2985019],[5.3685625,43.2985415],[5.3685441,43.2985217],[5.3685319,43.2985086],[5.3685124,43.2984877]]]}},{"type":"Feature","properties":{"osm_id":"way/67715526","name":null,"building":"apartments","highway":null,"tourism":null,"historic":null,"amenity":null,"height_m":16,"height_source":"osm","levels":"5","source":"OpenStreetMap"},"geometry":{"type":"Polygon","coordinates":[[[5.3652577,43.2975901],[5.3655104,43.2975832],[5.3655082,43.2976044],[5.3655051,43.2976344],[5.365275,43.2976446],[5.3652671,43.2976198],[5.3652577,43.2975901]]]}},{"type":"Feature","properties":{"osm_id":"way/67715527","name":null,"building":"yes","highway":null,"tourism":null,"historic":null,"amenity":null,"height_m":22.400000000000002,"height_source":"osm","levels":"7","source":"OpenStreetMap"},"geometry":{"type":"Polygon","coordinates":[[[5.3719198,43.2980535],[5.3721265,43.2981436],[5.3719691,43.2983352],[5.3717637,43.2982449],[5.3718488,43.2981406],[5.3719198,43.2980535]]]}},{"type":"Feature","properties":{"osm_id":"way/67715541","name":"Coutellerie","building":"commerce","highway":null,"tourism":null,"historic":null,"amenity":null,"height_m":10,"height_source":"default","levels":null,"source":"OpenStreetMap"},"geometry":{"type":"Polygon","coordinates":[[[5.3681009,43.2994681],[5.3680958,43.2993692],[5.3681214,43.2993671],[5.3681553,43.2993644],[5.3681587,43.2993995],[5.3681616,43.299462],[5.3681617,43.2994643],[5.3681034,43.299468],[5.3681009,43.2994681]]]}},{"type":"Feature","properties":{"osm_id":"way/67715547","name":null,"building":"yes","highway":null,"tourism":null,"historic":null,"amenity":null,"height_m":22.400000000000002,"height_source":"osm","levels":"7","source":"OpenStreetMap"},"geometry":{"type":"Polygon","coordinates":[[[5.3733166,43.29666],[5.3733734,43.2966679],[5.37346,43.2966795],[5.373499,43.2966332],[5.3736327,43.2966906],[5.3735763,43.2967587],[5.373515,43.2968327],[5.3732858,43.2968043],[5.3733166,43.29666]]]}},{"type":"Feature","properties":{"osm_id":"way/67715550","name":null,"building":"yes","highway":null,"tourism":null,"historic":null,"amenity":null,"height_m":10,"height_source":"default","levels":null,"source":"OpenStreetMap"},"geometry":{"type":"Polygon","coordinates":[[[5.3665351,43.2980038],[5.3666227,43.2979922],[5.3666325,43.2980314],[5.3665449,43.298043],[5.3665389,43.2980191],[5.3665351,43.2980038]]]}},{"type":"Feature","properties":{"osm_id":"way/67715551","name":null,"building":"yes","highway":null,"tourism":null,"historic":null,"amenity":null,"height_m":10,"height_source":"default","levels":null,"source":"OpenStreetMap"},"geometry":{"type":"Polygon","coordinates":[[[5.3673714,43.2974135],[5.3674095,43.2974265],[5.3674364,43.2974357],[5.3673907,43.2975059],[5.3674031,43.2975109],[5.3673891,43.2975334],[5.3673722,43.2975277],[5.367337,43.2975159],[5.3673366,43.2975182],[5.3673164,43.2975158],[5.3673714,43.2974135]]]}},{"type":"Feature","properties":{"osm_id":"way/67715560","name":null,"building":"apartments","highway":null,"tourism":null,"historic":null,"amenity":null,"height_m":10,"height_source":"default","levels":null,"source":"OpenStreetMap"},"geometry":{"type":"Polygon","coordinates":[[[5.3661221,43.2986024],[5.366217,43.2985883],[5.3663704,43.2985627],[5.3663803,43.2985962],[5.3663907,43.2986319],[5.3662412,43.2986543],[5.3661399,43.2986695],[5.3661314,43.2986374],[5.3661221,43.2986024]]]}},{"type":"Feature","properties":{"osm_id":"way/67715561","name":null,"building":"yes","highway":null,"tourism":null,"historic":null,"amenity":null,"height_m":10,"height_source":"default","levels":null,"source":"OpenStreetMap"},"geometry":{"type":"Polygon","coordinates":[[[5.3664553,43.2975664],[5.3664946,43.297564],[5.3664959,43.2976447],[5.3664602,43.2976466],[5.3664553,43.2975664]]]}},{"type":"Feature","properties":{"osm_id":"way/67715571","name":null,"building":"yes","highway":null,"tourism":null,"historic":null,"amenity":null,"height_m":10,"height_source":"default","levels":null,"source":"OpenStreetMap"},"geometry":{"type":"Polygon","coordinates":[[[5.3681857,43.2979286],[5.3682748,43.297892],[5.3683136,43.297876],[5.3683337,43.2978998],[5.3683416,43.2979091],[5.3682334,43.2979514],[5.3682107,43.2979587],[5.3681857,43.2979286]]]}},{"type":"Feature","properties":{"osm_id":"way/67715572","name":null,"building":"yes","highway":null,"tourism":null,"historic":null,"amenity":null,"height_m":10,"height_source":"default","levels":null,"source":"OpenStreetMap"},"geometry":{"type":"Polygon","coordinates":[[[5.3694389,43.2979352],[5.3695329,43.297942],[5.3695283,43.2979803],[5.3694526,43.2979724],[5.3694337,43.2979709],[5.3694378,43.2979458],[5.3694388,43.2979392],[5.3694389,43.2979352]]]}},{"type":"Feature","properties":{"osm_id":"way/67715576","name":null,"building":"yes","highway":null,"tourism":null,"historic":null,"amenity":null,"height_m":16,"height_source":"osm","levels":"5","source":"OpenStreetMap"},"geometry":{"type":"Polygon","coordinates":[[[5.3689391,43.2995361],[5.368934,43.2994712],[5.3689292,43.2994098],[5.3690049,43.2994054],[5.3690161,43.2994481],[5.3690278,43.2994477],[5.3690292,43.2994639],[5.3690295,43.2994774],[5.3690342,43.2995295],[5.3689391,43.2995361]]]}},{"type":"Feature","properties":{"osm_id":"way/67715581","name":null,"building":"yes","highway":null,"tourism":null,"historic":null,"amenity":null,"height_m":10,"height_source":"default","levels":null,"source":"OpenStreetMap"},"geometry":{"type":"Polygon","coordinates":[[[5.3679233,43.2991137],[5.3680608,43.2990957],[5.3680739,43.2991238],[5.3680829,43.2991408],[5.3680583,43.2991432],[5.3679455,43.2991575],[5.3679315,43.2991299],[5.3679233,43.2991137]]]}},{"type":"Feature","properties":{"osm_id":"way/67715586","name":null,"building":"yes","highway":null,"tourism":null,"historic":null,"amenity":null,"height_m":19.200000000000003,"height_source":"osm","levels":"6","source":"OpenStreetMap"},"geometry":{"type":"Polygon","coordinates":[[[5.3732351,43.2964499],[5.3732394,43.2964769],[5.3732681,43.2964743],[5.3732804,43.2965488],[5.373286,43.2965919],[5.3732246,43.296598],[5.3732087,43.2965996],[5.3732072,43.2965924],[5.3732027,43.2965533],[5.373117,43.2965574],[5.3731129,43.2965017],[5.3731058,43.2964852],[5.3731834,43.296464],[5.3732351,43.2964499]]]}},{"type":"Feature","properties":{"osm_id":"way/67715589","name":null,"building":"apartments","highway":null,"tourism":null,"historic":null,"amenity":null,"height_m":9.600000000000001,"height_source":"osm","levels":"3","source":"OpenStreetMap"},"geometry":{"type":"Polygon","coordinates":[[[5.3687139,43.2989693],[5.3687386,43.2990179],[5.3687394,43.2990209],[5.368737,43.2990215],[5.3687268,43.2990235],[5.3687291,43.2990316],[5.3686869,43.2990418],[5.368688,43.2990457],[5.3686093,43.299066],[5.3685807,43.2990041],[5.3686367,43.2989895],[5.3687139,43.2989693]]]}},{"type":"Feature","properties":{"osm_id":"way/67715591","name":null,"building":"yes","highway":null,"tourism":null,"historic":null,"amenity":null,"height_m":10,"height_source":"default","levels":null,"source":"OpenStreetMap"},"geometry":{"type":"Polygon","coordinates":[[[5.3674425,43.2981645],[5.3675905,43.2981198],[5.3675978,43.2981364],[5.3676143,43.2981653],[5.3674669,43.2982113],[5.3674522,43.298183],[5.3674425,43.2981645]]]}},{"type":"Feature","properties":{"osm_id":"way/67715592","name":null,"building":"yes","highway":null,"tourism":null,"historic":null,"amenity":null,"height_m":10,"height_source":"default","levels":null,"source":"OpenStreetMap"},"geometry":{"type":"Polygon","coordinates":[[[5.3680229,43.2974144],[5.3680234,43.2974032],[5.3680227,43.2973847],[5.3680773,43.2973976],[5.3680681,43.2974202],[5.3680229,43.2974144]]]}},{"type":"Feature","properties":{"osm_id":"way/67715598","name":null,"building":"yes","highway":null,"tourism":null,"historic":null,"amenity":null,"height_m":10,"height_source":"default","levels":null,"source":"OpenStreetMap"},"geometry":{"type":"Polygon","coordinates":[[[5.3721098,43.2972422],[5.3722139,43.2972374],[5.3722867,43.2972712],[5.3723861,43.2972732],[5.3723861,43.2972839],[5.3723535,43.2973217],[5.372328,43.2973512],[5.3722352,43.2973114],[5.3721037,43.2973043],[5.3721098,43.2972422]]]}},{"type":"Feature","properties":{"osm_id":"way/67715604","name":null,"building":"apartments","highway":null,"tourism":null,"historic":null,"amenity":null,"height_m":10,"height_source":"default","levels":null,"source":"OpenStreetMap"},"geometry":{"type":"Polygon","coordinates":[[[5.3666728,43.2985106],[5.3665778,43.298528],[5.3665554,43.2985312],[5.3665409,43.298491],[5.366661,43.2984713],[5.3666698,43.2985005],[5.3666728,43.2985106]]]}},{"type":"Feature","properties":{"osm_id":"way/67715605","name":null,"building":"school","highway":null,"tourism":null,"historic":null,"amenity":null,"height_m":10,"height_source":"default","levels":null,"source":"OpenStreetMap"},"geometry":{"type":"Polygon","coordinates":[[[5.3660444,43.2976215],[5.3660654,43.2975267],[5.3661671,43.2975173],[5.3662036,43.297511],[5.3662576,43.2975027],[5.3663213,43.2974933],[5.3663809,43.2974838],[5.3664427,43.2974742],[5.3664908,43.2974672],[5.3664937,43.2975343],[5.3663192,43.2975658],[5.3663204,43.2975712],[5.3661753,43.2975837],[5.3661947,43.2977143],[5.3661289,43.2977187],[5.3660961,43.2977209],[5.3660228,43.2977258],[5.3660444,43.2976215]]]}},{"type":"Feature","properties":{"osm_id":"way/67715608","name":null,"building":"yes","highway":null,"tourism":null,"historic":null,"amenity":null,"height_m":10,"height_source":"default","levels":null,"source":"OpenStreetMap"},"geometry":{"type":"Polygon","coordinates":[[[5.3692251,43.299468],[5.3693398,43.2994642],[5.3693601,43.2995021],[5.3692438,43.2995186],[5.3692318,43.2994861],[5.3692251,43.299468]]]}},{"type":"Feature","properties":{"osm_id":"way/67715614","name":null,"building":"yes","highway":null,"tourism":null,"historic":null,"amenity":null,"height_m":10,"height_source":"default","levels":null,"source":"OpenStreetMap"},"geometry":{"type":"Polygon","coordinates":[[[5.3670263,43.2992671],[5.3670924,43.2992621],[5.3671034,43.2992619],[5.367107,43.2992865],[5.3671039,43.2992867],[5.3671297,43.2993835],[5.3670966,43.2993837],[5.3670673,43.2993839],[5.3670571,43.299384],[5.3670263,43.2992671]]]}},{"type":"Feature","properties":{"osm_id":"way/67715632","name":null,"building":"yes","highway":null,"tourism":null,"historic":null,"amenity":null,"height_m":10,"height_source":"default","levels":null,"source":"OpenStreetMap"},"geometry":{"type":"Polygon","coordinates":[[[5.3658932,43.2979208],[5.3660246,43.2979072],[5.3660364,43.2979458],[5.3659041,43.297962],[5.3658972,43.2979359],[5.3658932,43.2979208]]]}},{"type":"Feature","properties":{"osm_id":"way/67715637","name":null,"building":"apartments","highway":null,"tourism":null,"historic":null,"amenity":null,"height_m":10,"height_source":"default","levels":null,"source":"OpenStreetMap"},"geometry":{"type":"Polygon","coordinates":[[[5.3662857,43.2970853],[5.3662938,43.2971982],[5.3662992,43.2972607],[5.3662329,43.2972801],[5.366225,43.2971216],[5.366262,43.2970995],[5.3662857,43.2970853]]]}},{"type":"Feature","properties":{"osm_id":"way/67715643","name":null,"building":"apartments","highway":null,"tourism":null,"historic":null,"amenity":null,"height_m":10,"height_source":"default","levels":null,"source":"OpenStreetMap"},"geometry":{"type":"Polygon","coordinates":[[[5.366758,43.2983863],[5.3666937,43.2983962],[5.3666946,43.2983992],[5.3666853,43.2983998],[5.366669,43.2983419],[5.3666572,43.2983],[5.3667249,43.2982913],[5.366758,43.2983863]]]}},{"type":"Feature","properties":{"osm_id":"way/67715647","name":null,"building":"yes","highway":null,"tourism":null,"historic":null,"amenity":null,"height_m":10,"height_source":"default","levels":null,"source":"OpenStreetMap"},"geometry":{"type":"Polygon","coordinates":[[[5.3702877,43.2994189],[5.3702865,43.2993933],[5.3703073,43.2993933],[5.3703092,43.2994176],[5.3702963,43.2994186],[5.3702877,43.2994189]]]}},{"type":"Feature","properties":{"osm_id":"way/67715653","name":null,"building":"yes","highway":null,"tourism":null,"historic":null,"amenity":null,"height_m":10,"height_source":"default","levels":null,"source":"OpenStreetMap"},"geometry":{"type":"Polygon","coordinates":[[[5.3656338,43.2982686],[5.3654373,43.2982942],[5.3654513,43.2982622],[5.3654593,43.298244],[5.3656858,43.2982157],[5.3656832,43.2982627],[5.3656674,43.2982643],[5.3656338,43.2982686]]]}},{"type":"Feature","properties":{"osm_id":"way/67715658","name":null,"building":"yes","highway":null,"tourism":null,"historic":null,"amenity":null,"height_m":10,"height_source":"default","levels":null,"source":"OpenStreetMap"},"geometry":{"type":"Polygon","coordinates":[[[5.3688672,43.2986916],[5.3688392,43.2986639],[5.3689209,43.2986274],[5.3689217,43.2986291],[5.3689411,43.298653],[5.3689577,43.2986734],[5.3688672,43.2986916]]]}},{"type":"Feature","properties":{"osm_id":"way/67715662","name":null,"building":"yes","highway":null,"tourism":null,"historic":null,"amenity":null,"height_m":10,"height_source":"default","levels":null,"source":"OpenStreetMap"},"geometry":{"type":"Polygon","coordinates":[[[5.3676884,43.299146],[5.3677298,43.2991364],[5.3677239,43.2991155],[5.367735,43.2991126],[5.3678591,43.2990883],[5.3678708,43.2991094],[5.3678794,43.2991249],[5.3676951,43.2991669],[5.3676884,43.299146]]]}},{"type":"Feature","properties":{"osm_id":"way/67715669","name":null,"building":"yes","highway":null,"tourism":null,"historic":null,"amenity":null,"height_m":10,"height_source":"default","levels":null,"source":"OpenStreetMap"},"geometry":{"type":"Polygon","coordinates":[[[5.3671955,43.2982122],[5.3672447,43.2982007],[5.3672852,43.2981913],[5.3673087,43.2982392],[5.3672184,43.2982655],[5.3671955,43.2982122]]]}},{"type":"Feature","properties":{"osm_id":"way/67715673","name":null,"building":"apartments","highway":null,"tourism":null,"historic":null,"amenity":null,"height_m":10,"height_source":"default","levels":null,"source":"OpenStreetMap"},"geometry":{"type":"Polygon","coordinates":[[[5.3663412,43.299251],[5.3664399,43.2992404],[5.3664356,43.299219],[5.3665094,43.2992104],[5.3665315,43.2992794],[5.3664946,43.2992808],[5.3663533,43.299286],[5.366346,43.299265],[5.3663412,43.299251]]]}},{"type":"Feature","properties":{"osm_id":"way/67715674","name":null,"building":"apartments","highway":null,"tourism":null,"historic":null,"amenity":null,"height_m":10,"height_source":"default","levels":null,"source":"OpenStreetMap"},"geometry":{"type":"Polygon","coordinates":[[[5.3659851,43.297762],[5.3661039,43.2977533],[5.3661123,43.2977867],[5.3661167,43.2978041],[5.3659976,43.297813],[5.3659851,43.297762]]]}},{"type":"Feature","properties":{"osm_id":"way/67715676","name":null,"building":"yes","highway":null,"tourism":null,"historic":null,"amenity":null,"height_m":22.400000000000002,"height_source":"osm","levels":"7","source":"OpenStreetMap"},"geometry":{"type":"Polygon","coordinates":[[[5.3726249,43.2976935],[5.3726323,43.2975525],[5.3726904,43.2975545],[5.3727077,43.2975337],[5.3728829,43.2976091],[5.3728662,43.2976298],[5.3728164,43.2976913],[5.3727962,43.2976915],[5.3727343,43.2976922],[5.372664,43.2976931],[5.3726249,43.2976935]]]}},{"type":"Feature","properties":{"osm_id":"way/67715679","name":null,"building":"apartments","highway":null,"tourism":null,"historic":null,"amenity":null,"height_m":10,"height_source":"default","levels":null,"source":"OpenStreetMap"},"geometry":{"type":"Polygon","coordinates":[[[5.3654899,43.2978945],[5.3653558,43.2978956],[5.3653551,43.2978843],[5.3653547,43.2978239],[5.3654894,43.2978256],[5.3654899,43.2978945]]]}},{"type":"Feature","properties":{"osm_id":"way/67715690","name":null,"building":"yes","highway":null,"tourism":null,"historic":null,"amenity":null,"height_m":10,"height_source":"default","levels":null,"source":"OpenStreetMap"},"geometry":{"type":"Polygon","coordinates":[[[5.3673914,43.2984522],[5.3673652,43.2984018],[5.3673489,43.2983667],[5.3673717,43.2983617],[5.3674106,43.2983557],[5.3674543,43.2984398],[5.3673914,43.2984522]]]}},{"type":"Feature","properties":{"osm_id":"way/67715691","name":null,"building":"yes","highway":null,"tourism":null,"historic":null,"amenity":null,"height_m":10,"height_source":"default","levels":null,"source":"OpenStreetMap"},"geometry":{"type":"Polygon","coordinates":[[[5.3649537,43.2977208],[5.3650036,43.2977073],[5.36502,43.2977682],[5.3649942,43.2977711],[5.3649758,43.2977731],[5.3649537,43.2977208]]]}},{"type":"Feature","properties":{"osm_id":"way/67715696","name":null,"building":"yes","highway":null,"tourism":null,"historic":null,"amenity":null,"height_m":10,"height_source":"default","levels":null,"source":"OpenStreetMap"},"geometry":{"type":"Polygon","coordinates":[[[5.3690144,43.2991362],[5.3690997,43.2991225],[5.3691286,43.2991844],[5.3690386,43.299193],[5.369025,43.2991611],[5.3690144,43.2991362]]]}},{"type":"Feature","properties":{"osm_id":"way/67715704","name":null,"building":"yes","highway":null,"tourism":null,"historic":null,"amenity":null,"height_m":10,"height_source":"default","levels":null,"source":"OpenStreetMap"},"geometry":{"type":"Polygon","coordinates":[[[5.3624368,43.2947369],[5.3621482,43.2947711],[5.3620961,43.2948174],[5.3620491,43.2948591],[5.3620219,43.2948836],[5.3620113,43.2948929],[5.3619994,43.2949025],[5.3620299,43.2949448],[5.3614993,43.295185],[5.361174,43.2955704],[5.3611407,43.2955697],[5.3611062,43.2955757],[5.3610754,43.2955885],[5.3610502,43.295607],[5.3610332,43.2956297],[5.3610254,43.295655],[5.3610269,43.2956809],[5.3610384,43.2957055],[5.3610585,43.2957268],[5.3610859,43.2957434],[5.3611183,43.2957539],[5.3611535,43.2957574],[5.3612674,43.2960194],[5.3613508,43.2960075],[5.3616021,43.2959651],[5.3616768,43.2959996],[5.3616738,43.2960026],[5.3618889,43.2961043],[5.3618925,43.2961006],[5.3624149,43.2963495],[5.3624262,43.2963449],[5.3624082,43.2958537],[5.3621948,43.2957728],[5.362312,43.2954799],[5.3623174,43.2954662],[5.3623251,43.2954469],[5.3623907,43.295283],[5.3626211,43.2953131],[5.3628325,43.2950865],[5.3628458,43.2950722],[5.3630253,43.2948798],[5.3629484,43.2947781],[5.3629462,43.2947662],[5.3629583,43.2947661],[5.3629719,43.2947842],[5.3630536,43.2948925],[5.3626225,43.2953533],[5.3625945,43.2953495],[5.3624675,43.2953325],[5.3624501,43.2953319],[5.3624426,43.2953331],[5.3624243,43.2953409],[5.3624128,43.2953538],[5.3622636,43.2957252],[5.3622625,43.2957386],[5.3622696,43.2957531],[5.3622852,43.2957638],[5.3624175,43.2958147],[5.3624405,43.2958236],[5.362459,43.2964002],[5.3616303,43.296018],[5.361586,43.2959983],[5.3612517,43.296048],[5.3611391,43.2957725],[5.3611254,43.2957713],[5.3610886,43.2957632],[5.3610557,43.2957487],[5.3610292,43.2957285],[5.3610107,43.2957041],[5.361001,43.2956769],[5.3610009,43.2956489],[5.3610109,43.2956218],[5.3610297,43.2955974],[5.3610566,43.2955773],[5.3610893,43.2955629],[5.3611262,43.295555],[5.3611646,43.2955542],[5.3614878,43.2951668],[5.3620043,43.2949389],[5.3620143,43.2949342],[5.3619833,43.2948983],[5.3620211,43.2948628],[5.3621316,43.2947661],[5.3627561,43.2946891],[5.3627562,43.2946971],[5.3624368,43.2947369]]]}},{"type":"Feature","properties":{"osm_id":"way/67715709","name":null,"building":"yes","highway":null,"tourism":null,"historic":null,"amenity":null,"height_m":10,"height_source":"default","levels":null,"source":"OpenStreetMap"},"geometry":{"type":"Polygon","coordinates":[[[5.3699277,43.2980295],[5.3699299,43.2980254],[5.3699357,43.2980275],[5.3699334,43.2980312],[5.3699277,43.2980295]]]}},{"type":"Feature","properties":{"osm_id":"way/67715721","name":null,"building":"yes","highway":null,"tourism":null,"historic":null,"amenity":null,"height_m":10,"height_source":"default","levels":null,"source":"OpenStreetMap"},"geometry":{"type":"Polygon","coordinates":[[[5.3727063,43.2967364],[5.3727204,43.296647],[5.372762,43.2966515],[5.3728136,43.2966586],[5.3728015,43.2967473],[5.3727428,43.2967406],[5.3727063,43.2967364]]]}},{"type":"Feature","properties":{"osm_id":"way/67715734","name":null,"building":"yes","highway":null,"tourism":null,"historic":null,"amenity":null,"height_m":10,"height_source":"default","levels":null,"source":"OpenStreetMap"},"geometry":{"type":"Polygon","coordinates":[[[5.3673515,43.2980897],[5.3672671,43.2981094],[5.3672508,43.2980756],[5.3673347,43.298056],[5.3673442,43.2980751],[5.3673515,43.2980897]]]}},{"type":"Feature","properties":{"osm_id":"way/67715735","name":null,"building":"yes","highway":null,"tourism":null,"historic":null,"amenity":null,"height_m":10,"height_source":"default","levels":null,"source":"OpenStreetMap"},"geometry":{"type":"Polygon","coordinates":[[[5.3673736,43.2980243],[5.3675382,43.2979663],[5.3675484,43.2979631],[5.3675632,43.2979851],[5.3675699,43.2980005],[5.3675349,43.2980125],[5.3673906,43.298058],[5.3673799,43.2980367],[5.3673736,43.2980243]]]}},{"type":"Feature","properties":{"osm_id":"way/67715741","name":null,"building":"apartments","highway":null,"tourism":null,"historic":null,"amenity":null,"height_m":10,"height_source":"default","levels":null,"source":"OpenStreetMap"},"geometry":{"type":"Polygon","coordinates":[[[5.3690348,43.2990082],[5.3690144,43.299014],[5.3690225,43.2990247],[5.3689622,43.2990429],[5.3689412,43.2990117],[5.3690208,43.2989882],[5.3690662,43.2989741],[5.3690799,43.298991],[5.3691051,43.2989844],[5.369112,43.2989984],[5.3691177,43.2990085],[5.36913,43.2990036],[5.3691479,43.2990346],[5.3691344,43.2990399],[5.3691516,43.2990674],[5.3691062,43.2990751],[5.3690787,43.2990786],[5.3690589,43.2990469],[5.3690348,43.2990082]]]}},{"type":"Feature","properties":{"osm_id":"way/67715744","name":null,"building":"yes","highway":null,"tourism":null,"historic":null,"amenity":null,"height_m":10,"height_source":"default","levels":null,"source":"OpenStreetMap"},"geometry":{"type":"Polygon","coordinates":[[[5.3686627,43.2982466],[5.3687474,43.2982347],[5.3687535,43.2982346],[5.3687643,43.2982839],[5.3686879,43.2982843],[5.3686829,43.2982768],[5.3686627,43.2982466]]]}},{"type":"Feature","properties":{"osm_id":"way/67715751","name":null,"building":"apartments","highway":null,"tourism":null,"historic":null,"amenity":null,"height_m":19.200000000000003,"height_source":"osm","levels":"6","source":"OpenStreetMap"},"geometry":{"type":"Polygon","coordinates":[[[5.3650945,43.2960021],[5.3651012,43.2959984],[5.3651033,43.2960024],[5.365136,43.2959881],[5.3651815,43.2959681],[5.3652015,43.2959594],[5.3652172,43.2959784],[5.3652382,43.2960037],[5.3652675,43.2960392],[5.3652961,43.2960737],[5.3653364,43.2961225],[5.365362,43.2961534],[5.3653421,43.2961625],[5.3653432,43.2961654],[5.3652594,43.2962018],[5.3650945,43.2960021]]]}},{"type":"Feature","properties":{"osm_id":"way/67715757","name":null,"building":"apartments","highway":null,"tourism":null,"historic":null,"amenity":null,"height_m":10,"height_source":"default","levels":null,"source":"OpenStreetMap"},"geometry":{"type":"Polygon","coordinates":[[[5.3685099,43.299433],[5.3685007,43.2993351],[5.3685658,43.2993297],[5.3685701,43.2993926],[5.3685726,43.2994283],[5.3685099,43.299433]]]}},{"type":"Feature","properties":{"osm_id":"way/67715759","name":null,"building":"apartments","highway":null,"tourism":null,"historic":null,"amenity":null,"height_m":10,"height_source":"default","levels":null,"source":"OpenStreetMap"},"geometry":{"type":"Polygon","coordinates":[[[5.3704947,43.2995164],[5.370483,43.2994114],[5.3704896,43.2994111],[5.3705572,43.2994137],[5.3705713,43.2995097],[5.3705368,43.2995127],[5.3704947,43.2995164]]]}},{"type":"Feature","properties":{"osm_id":"way/67715766","name":null,"building":"yes","highway":null,"tourism":null,"historic":null,"amenity":null,"height_m":10,"height_source":"default","levels":null,"source":"OpenStreetMap"},"geometry":{"type":"Polygon","coordinates":[[[5.3666821,43.2993518],[5.3667763,43.2993447],[5.3667872,43.299386],[5.3667421,43.2993865],[5.3666945,43.2993871],[5.3666885,43.2993701],[5.3666821,43.2993518]]]}},{"type":"Feature","properties":{"osm_id":"way/67715768","name":null,"building":"apartments","highway":null,"tourism":null,"historic":null,"amenity":null,"height_m":10,"height_source":"default","levels":null,"source":"OpenStreetMap"},"geometry":{"type":"Polygon","coordinates":[[[5.3670278,43.2968952],[5.3670344,43.2970275],[5.3669688,43.2970265],[5.3669733,43.2968977],[5.3669974,43.2968966],[5.3670278,43.2968952]]]}},{"type":"Feature","properties":{"osm_id":"way/67715770","name":null,"building":"yes","highway":null,"tourism":null,"historic":null,"amenity":null,"height_m":10,"height_source":"default","levels":null,"source":"OpenStreetMap"},"geometry":{"type":"Polygon","coordinates":[[[5.3723988,43.2966999],[5.3724334,43.2965095],[5.3724915,43.2965154],[5.3725336,43.2965196],[5.3725076,43.2966612],[5.3724669,43.2966599],[5.3724575,43.2967064],[5.3723988,43.2966999]]]}},{"type":"Feature","properties":{"osm_id":"way/67715773","name":null,"building":"apartments","highway":null,"tourism":null,"historic":null,"amenity":null,"height_m":10,"height_source":"default","levels":null,"source":"OpenStreetMap"},"geometry":{"type":"Polygon","coordinates":[[[5.3661956,43.298038],[5.3660703,43.2980565],[5.3660575,43.2980157],[5.3661824,43.2979995],[5.3661909,43.2980243],[5.3661956,43.298038]]]}},{"type":"Feature","properties":{"osm_id":"way/67715774","name":null,"building":"yes","highway":null,"tourism":null,"historic":null,"amenity":null,"height_m":10,"height_source":"default","levels":null,"source":"OpenStreetMap"},"geometry":{"type":"Polygon","coordinates":[[[5.3679003,43.2973782],[5.3679035,43.2973591],[5.3679297,43.2973665],[5.367928,43.2973797],[5.3679003,43.2973782]]]}},{"type":"Feature","properties":{"osm_id":"way/67715784","name":null,"building":"apartments","highway":null,"tourism":null,"historic":null,"amenity":null,"height_m":10,"height_source":"default","levels":null,"source":"OpenStreetMap"},"geometry":{"type":"Polygon","coordinates":[[[5.3658704,43.2984553],[5.3658602,43.2984266],[5.3659855,43.2984081],[5.3659957,43.2984382],[5.3660032,43.2984603],[5.3659448,43.2984679],[5.3659357,43.2984431],[5.3658704,43.2984553]]]}},{"type":"Feature","properties":{"osm_id":"way/67715785","name":null,"building":"yes","highway":null,"tourism":null,"historic":null,"amenity":null,"height_m":10,"height_source":"default","levels":null,"source":"OpenStreetMap"},"geometry":{"type":"Polygon","coordinates":[[[5.3672952,43.2978606],[5.3673946,43.2978473],[5.3674367,43.2978416],[5.3674543,43.297873],[5.3673142,43.2979001],[5.3673048,43.2978805],[5.3672952,43.2978606]]]}},{"type":"Feature","properties":{"osm_id":"way/67715791","name":null,"building":"yes","highway":null,"tourism":null,"historic":null,"amenity":null,"height_m":10,"height_source":"default","levels":null,"source":"OpenStreetMap"},"geometry":{"type":"Polygon","coordinates":[[[5.3685615,43.2969295],[5.3685715,43.2968733],[5.3686479,43.296881],[5.3686372,43.2969372],[5.3685615,43.2969295]]]}},{"type":"Feature","properties":{"osm_id":"way/67715796","name":null,"building":"yes","highway":null,"tourism":null,"historic":null,"amenity":null,"height_m":10,"height_source":"default","levels":null,"source":"OpenStreetMap"},"geometry":{"type":"Polygon","coordinates":[[[5.371211,43.2974159],[5.3712156,43.2973923],[5.3712231,43.297354],[5.3712284,43.2973271],[5.3712354,43.2972912],[5.3712417,43.2972588],[5.3712478,43.2972275],[5.3712522,43.2972051],[5.3712565,43.2971829],[5.3712618,43.2971561],[5.3712654,43.2971376],[5.3715015,43.2971622],[5.3715148,43.2971636],[5.3715021,43.2972321],[5.371407,43.2972224],[5.3714089,43.2972148],[5.3713833,43.2972123],[5.371377,43.297246],[5.3713586,43.2973442],[5.3713427,43.2974292],[5.371211,43.2974159]]]}},{"type":"Feature","properties":{"osm_id":"way/67715799","name":null,"building":"yes","highway":null,"tourism":null,"historic":null,"amenity":null,"height_m":10,"height_source":"default","levels":null,"source":"OpenStreetMap"},"geometry":{"type":"Polygon","coordinates":[[[5.3691414,43.298876],[5.3690108,43.2989076],[5.3689957,43.2989108],[5.368989,43.2989022],[5.3689891,43.2988987],[5.3689881,43.2988913],[5.3689844,43.2988846],[5.3689783,43.2988788],[5.3689713,43.298875],[5.3689682,43.2988701],[5.3691116,43.2988345],[5.3691254,43.2988537],[5.3691414,43.298876]]]}},{"type":"Feature","properties":{"osm_id":"way/67715803","name":null,"building":"yes","highway":null,"tourism":null,"historic":null,"amenity":null,"height_m":9.600000000000001,"height_source":"osm","levels":"3","source":"OpenStreetMap"},"geometry":{"type":"Polygon","coordinates":[[[5.3676154,43.2992743],[5.3676814,43.299267],[5.367696,43.2993596],[5.3676582,43.2993628],[5.3676363,43.2993646],[5.3676154,43.2992743]]]}},{"type":"Feature","properties":{"osm_id":"way/67715810","name":null,"building":"apartments","highway":null,"tourism":null,"historic":null,"amenity":null,"height_m":10,"height_source":"default","levels":null,"source":"OpenStreetMap"},"geometry":{"type":"Polygon","coordinates":[[[5.368226,43.2985717],[5.3682435,43.2986383],[5.368266,43.2986311],[5.3682668,43.2986324],[5.3682765,43.2986508],[5.3682874,43.2986714],[5.3682427,43.2986791],[5.3681505,43.298693],[5.3681281,43.2985922],[5.3681623,43.298585],[5.368226,43.2985717]]]}},{"type":"Feature","properties":{"osm_id":"way/67715811","name":null,"building":"yes","highway":null,"tourism":null,"historic":null,"amenity":null,"height_m":10,"height_source":"default","levels":null,"source":"OpenStreetMap"},"geometry":{"type":"Polygon","coordinates":[[[5.364901,43.2982166],[5.3650498,43.2982101],[5.3650874,43.2982087],[5.3650899,43.2982085],[5.3650898,43.2982135],[5.3650915,43.2982567],[5.36504,43.2982595],[5.3649139,43.298264],[5.3649055,43.2982333],[5.364901,43.2982166]]]}},{"type":"Feature","properties":{"osm_id":"way/67715822","name":null,"building":"apartments","highway":null,"tourism":null,"historic":null,"amenity":null,"height_m":10,"height_source":"default","levels":null,"source":"OpenStreetMap"},"geometry":{"type":"Polygon","coordinates":[[[5.3679299,43.297846],[5.3679348,43.2978443],[5.367996,43.2978387],[5.3680213,43.297886],[5.3679775,43.2979044],[5.3679565,43.2978787],[5.3679299,43.297846]]]}},{"type":"Feature","properties":{"osm_id":"way/67715829","name":"Chapelle du Calvaire","building":"yes","highway":null,"tourism":null,"historic":null,"amenity":null,"height_m":10,"height_source":"default","levels":null,"source":"OpenStreetMap"},"geometry":{"type":"Polygon","coordinates":[[[5.3687882,43.2976119],[5.3687925,43.2976131],[5.3688096,43.2976133],[5.3688245,43.2976069],[5.3688847,43.2975997],[5.368894,43.297645],[5.3687809,43.2976544],[5.3687963,43.2977792],[5.3688833,43.29777],[5.368893,43.2978057],[5.3688326,43.2978141],[5.3687879,43.2978203],[5.3687324,43.297828],[5.3687059,43.2977137],[5.3686816,43.2976247],[5.3687882,43.2976119]]]}},{"type":"Feature","properties":{"osm_id":"way/67715846","name":null,"building":"yes","highway":null,"tourism":null,"historic":null,"amenity":null,"height_m":10,"height_source":"default","levels":null,"source":"OpenStreetMap"},"geometry":{"type":"Polygon","coordinates":[[[5.3686335,43.299097],[5.3686947,43.2991099],[5.3686987,43.2991111],[5.3686983,43.2991138],[5.3687035,43.2991532],[5.3686905,43.2991531],[5.3686759,43.299155],[5.3686435,43.2991583],[5.3686335,43.299097]]]}},{"type":"Feature","properties":{"osm_id":"way/67715848","name":null,"building":"yes","highway":null,"tourism":null,"historic":null,"amenity":null,"height_m":10,"height_source":"default","levels":null,"source":"OpenStreetMap"},"geometry":{"type":"Polygon","coordinates":[[[5.3685993,43.2975171],[5.3686595,43.2975003],[5.3686787,43.2975646],[5.3686411,43.2975691],[5.3686117,43.2975724],[5.3685993,43.2975171]]]}},{"type":"Feature","properties":{"osm_id":"way/67715852","name":null,"building":"apartments","highway":null,"tourism":null,"historic":null,"amenity":null,"height_m":28.8,"height_source":"osm","levels":"9","source":"OpenStreetMap"},"geometry":{"type":"Polygon","coordinates":[[[5.364508,43.297382],[5.3644422,43.297412],[5.3643389,43.2974569],[5.3642691,43.297487],[5.364281,43.2975019],[5.3641571,43.2975554],[5.3638689,43.2972037],[5.3635571,43.2968233],[5.3632589,43.2964594],[5.3632213,43.2964135],[5.3632384,43.2964063],[5.3631779,43.2963314],[5.3633533,43.296255],[5.3634169,43.2963326],[5.3634966,43.2964299],[5.3636895,43.2966655],[5.3638412,43.2968508],[5.3640065,43.2970526],[5.3641242,43.2971963],[5.3642999,43.2974108],[5.3643276,43.2973991],[5.3642926,43.2973544],[5.3643684,43.297322],[5.3644345,43.2972923],[5.3644808,43.2973498],[5.364508,43.297382]]]}},{"type":"Feature","properties":{"osm_id":"way/67715857","name":null,"building":"yes","highway":null,"tourism":null,"historic":null,"amenity":null,"height_m":10,"height_source":"default","levels":null,"source":"OpenStreetMap"},"geometry":{"type":"Polygon","coordinates":[[[5.3680684,43.2985343],[5.3679632,43.2985552],[5.3679633,43.298552],[5.3679589,43.2985523],[5.3679452,43.2985008],[5.3680508,43.2984735],[5.3680576,43.2984972],[5.3680647,43.2985214],[5.3680684,43.2985343]]]}},{"type":"Feature","properties":{"osm_id":"way/67715858","name":null,"building":"yes","highway":null,"tourism":null,"historic":null,"amenity":null,"height_m":10,"height_source":"default","levels":null,"source":"OpenStreetMap"},"geometry":{"type":"Polygon","coordinates":[[[5.367224,43.2979599],[5.367199,43.2979095],[5.3672579,43.2979009],[5.3672709,43.2979278],[5.367283,43.297953],[5.367224,43.2979599]]]}},{"type":"Feature","properties":{"osm_id":"way/67715865","name":null,"building":"apartments","highway":null,"tourism":null,"historic":null,"amenity":null,"height_m":10,"height_source":"default","levels":null,"source":"OpenStreetMap"},"geometry":{"type":"Polygon","coordinates":[[[5.3664224,43.2985538],[5.3665554,43.2985312],[5.3665778,43.298528],[5.3665924,43.2985696],[5.3665696,43.2985741],[5.3664354,43.2985964],[5.3664328,43.298588],[5.3664278,43.2985715],[5.3664224,43.2985538]]]}},{"type":"Feature","properties":{"osm_id":"way/67715868","name":null,"building":"yes","highway":null,"tourism":null,"historic":null,"amenity":null,"height_m":10,"height_source":"default","levels":null,"source":"OpenStreetMap"},"geometry":{"type":"Polygon","coordinates":[[[5.3682897,43.2980636],[5.3682973,43.2980595],[5.3684224,43.2980102],[5.3684256,43.2980096],[5.3684244,43.2980119],[5.368443,43.2980344],[5.3684511,43.2980441],[5.3683137,43.2980958],[5.3682897,43.2980636]]]}},{"type":"Feature","properties":{"osm_id":"way/67715870","name":null,"building":"yes","highway":null,"tourism":null,"historic":null,"amenity":null,"height_m":10,"height_source":"default","levels":null,"source":"OpenStreetMap"},"geometry":{"type":"Polygon","coordinates":[[[5.3670768,43.2988829],[5.3671025,43.2989824],[5.3670607,43.2989899],[5.3670432,43.2989933],[5.3670409,43.2989906],[5.3670103,43.2988923],[5.3670768,43.2988829]]]}},{"type":"Feature","properties":{"osm_id":"way/67715872","name":"Mémorial des déportations","building":"bunker","highway":null,"tourism":"museum","historic":null,"amenity":null,"height_m":10,"height_source":"default","levels":null,"source":"OpenStreetMap"},"geometry":{"type":"Polygon","coordinates":[[[5.3624597,43.2956334],[5.362365,43.2956132],[5.3624198,43.2954768],[5.3625134,43.2954973],[5.3625257,43.2954683],[5.3625835,43.2954805],[5.3626106,43.2954862],[5.3625316,43.2956814],[5.3625086,43.2956765],[5.3624477,43.2956636],[5.3624597,43.2956334]]]}},{"type":"Feature","properties":{"osm_id":"way/67715873","name":null,"building":"yes","highway":null,"tourism":null,"historic":null,"amenity":null,"height_m":22.400000000000002,"height_source":"osm","levels":"7","source":"OpenStreetMap"},"geometry":{"type":"Polygon","coordinates":[[[5.3721938,43.2981686],[5.3723629,43.2982434],[5.372275,43.2983511],[5.3722021,43.2984404],[5.3720322,43.2983659],[5.3721938,43.2981686]]]}},{"type":"Feature","properties":{"osm_id":"way/67715884","name":null,"building":"yes","highway":null,"tourism":null,"historic":null,"amenity":null,"height_m":10,"height_source":"default","levels":null,"source":"OpenStreetMap"},"geometry":{"type":"Polygon","coordinates":[[[5.3679313,43.2988022],[5.3679336,43.2988101],[5.3679156,43.2988131],[5.3679131,43.2988053],[5.3679313,43.2988022]]]}},{"type":"Feature","properties":{"osm_id":"way/67715890","name":null,"building":"yes","highway":null,"tourism":null,"historic":null,"amenity":null,"height_m":16,"height_source":"osm","levels":"5","source":"OpenStreetMap"},"geometry":{"type":"Polygon","coordinates":[[[5.3677138,43.2992641],[5.3677763,43.2992598],[5.3678034,43.2993516],[5.3677664,43.2993543],[5.3677317,43.2993569],[5.3677138,43.2992641]]]}},{"type":"Feature","properties":{"osm_id":"way/67715891","name":null,"building":"yes","highway":null,"tourism":null,"historic":null,"amenity":null,"height_m":10,"height_source":"default","levels":null,"source":"OpenStreetMap"},"geometry":{"type":"Polygon","coordinates":[[[5.3666697,43.2981826],[5.3667309,43.2981722],[5.366773,43.2982513],[5.3667371,43.2982562],[5.3667187,43.2982587],[5.3666697,43.2981826]]]}},{"type":"Feature","properties":{"osm_id":"way/67715899","name":null,"building":"apartments","highway":null,"tourism":null,"historic":null,"amenity":null,"height_m":10,"height_source":"default","levels":null,"source":"OpenStreetMap"},"geometry":{"type":"Polygon","coordinates":[[[5.3640118,43.2959805],[5.3640553,43.2959576],[5.3641239,43.2959316],[5.3642023,43.2958974],[5.3642311,43.2959329],[5.3642398,43.2959294],[5.3642537,43.2959458],[5.3642635,43.2959416],[5.3643046,43.2959902],[5.3641349,43.2960658],[5.3640958,43.2960832],[5.3640118,43.2959805]]]}},{"type":"Feature","properties":{"osm_id":"way/67715909","name":null,"building":"apartments","highway":null,"tourism":null,"historic":null,"amenity":null,"height_m":10,"height_source":"default","levels":null,"source":"OpenStreetMap"},"geometry":{"type":"Polygon","coordinates":[[[5.3657816,43.29865],[5.3658336,43.29864],[5.3658592,43.2986366],[5.3658729,43.2986754],[5.3658831,43.2986735],[5.3658839,43.2986753],[5.3660016,43.2986554],[5.366007,43.2986749],[5.3659036,43.2986895],[5.3658009,43.2987039],[5.3657816,43.29865]]]}},{"type":"Feature","properties":{"osm_id":"way/67715910","name":null,"building":"yes","highway":null,"tourism":null,"historic":null,"amenity":null,"height_m":10,"height_source":"default","levels":null,"source":"OpenStreetMap"},"geometry":{"type":"Polygon","coordinates":[[[5.3666189,43.2977361],[5.3666318,43.2978112],[5.3665691,43.2978137],[5.3665578,43.2977384],[5.3666,43.2977368],[5.3666189,43.2977361]]]}},{"type":"Feature","properties":{"osm_id":"way/67715914","name":null,"building":"yes","highway":null,"tourism":null,"historic":null,"amenity":null,"height_m":10,"height_source":"default","levels":null,"source":"OpenStreetMap"},"geometry":{"type":"Polygon","coordinates":[[[5.3632704,43.2948313],[5.3632747,43.2948267],[5.3632942,43.2948071],[5.3634269,43.2948366],[5.363585,43.2949126],[5.3635448,43.2949585],[5.3632704,43.2948313]]]}},{"type":"Feature","properties":{"osm_id":"way/67715917","name":null,"building":"yes","highway":null,"tourism":null,"historic":null,"amenity":null,"height_m":10,"height_source":"default","levels":null,"source":"OpenStreetMap"},"geometry":{"type":"Polygon","coordinates":[[[5.3689208,43.298382],[5.3689036,43.298435],[5.3688199,43.2984343],[5.3687747,43.2983862],[5.3687504,43.2983603],[5.3689208,43.298382]]]}},{"type":"Feature","properties":{"osm_id":"way/67715921","name":null,"building":"yes","highway":null,"tourism":null,"historic":null,"amenity":null,"height_m":10,"height_source":"default","levels":null,"source":"OpenStreetMap"},"geometry":{"type":"Polygon","coordinates":[[[5.3682924,43.2976537],[5.3683234,43.2976473],[5.3683458,43.2976426],[5.3683795,43.297721],[5.3683275,43.2977317],[5.3682924,43.2976537]]]}},{"type":"Feature","properties":{"osm_id":"way/67715922","name":null,"building":"apartments","highway":null,"tourism":null,"historic":null,"amenity":null,"height_m":10,"height_source":"default","levels":null,"source":"OpenStreetMap"},"geometry":{"type":"Polygon","coordinates":[[[5.3715473,43.2979147],[5.3716507,43.2979123],[5.371651,43.2979191],[5.371709,43.2979496],[5.3717212,43.2979305],[5.3718037,43.2979691],[5.3717676,43.298013],[5.3717381,43.2980489],[5.3716543,43.298009],[5.3716304,43.2979978],[5.3715481,43.2980016],[5.3715473,43.2979147]]]}},{"type":"Feature","properties":{"osm_id":"way/67715925","name":null,"building":"yes","highway":null,"tourism":null,"historic":null,"amenity":null,"height_m":10,"height_source":"default","levels":null,"source":"OpenStreetMap"},"geometry":{"type":"Polygon","coordinates":[[[5.36907,43.299537],[5.3690691,43.2995272],[5.3690646,43.2994917],[5.3691811,43.2994811],[5.3691898,43.2995054],[5.3691946,43.2995189],[5.36907,43.299537]]]}},{"type":"Feature","properties":{"osm_id":"way/67715929","name":null,"building":"yes","highway":null,"tourism":null,"historic":null,"amenity":null,"height_m":10,"height_source":"default","levels":null,"source":"OpenStreetMap"},"geometry":{"type":"Polygon","coordinates":[[[5.3680574,43.2992385],[5.3681004,43.2993316],[5.3680336,43.299338],[5.3680078,43.2992848],[5.3679884,43.2992447],[5.3680574,43.2992385]]]}},{"type":"Feature","properties":{"osm_id":"way/67715930","name":null,"building":"yes","highway":null,"tourism":null,"historic":null,"amenity":null,"height_m":10,"height_source":"default","levels":null,"source":"OpenStreetMap"},"geometry":{"type":"Polygon","coordinates":[[[5.3670248,43.2993841],[5.3670036,43.2993196],[5.3669878,43.2992717],[5.3669882,43.299269],[5.3670263,43.2992671],[5.3670571,43.299384],[5.3670248,43.2993841]]]}},{"type":"Feature","properties":{"osm_id":"way/67715933","name":null,"building":"yes","highway":null,"tourism":null,"historic":null,"amenity":null,"height_m":3.2,"height_source":"osm","levels":"1","source":"OpenStreetMap"},"geometry":{"type":"Polygon","coordinates":[[[5.3734615,43.2965859],[5.3734561,43.2965626],[5.3735098,43.2965574],[5.3735138,43.2965803],[5.3734615,43.2965859]]]}},{"type":"Feature","properties":{"osm_id":"way/67715936","name":null,"building":"apartments","highway":null,"tourism":null,"historic":null,"amenity":null,"height_m":10,"height_source":"default","levels":null,"source":"OpenStreetMap"},"geometry":{"type":"Polygon","coordinates":[[[5.3663627,43.2980304],[5.3664815,43.2980132],[5.3664887,43.2980341],[5.3664969,43.2980579],[5.3663809,43.298075],[5.3663627,43.2980304]]]}},{"type":"Feature","properties":{"osm_id":"way/67715937","name":null,"building":"yes","highway":null,"tourism":null,"historic":null,"amenity":null,"height_m":10,"height_source":"default","levels":null,"source":"OpenStreetMap"},"geometry":{"type":"Polygon","coordinates":[[[5.3672635,43.2976455],[5.367322,43.2976437],[5.3673195,43.2976809],[5.3672227,43.2976842],[5.3672186,43.2976221],[5.3672626,43.2976212],[5.3672635,43.2976455]]]}},{"type":"Feature","properties":{"osm_id":"way/67715946","name":null,"building":"yes","highway":null,"tourism":null,"historic":null,"amenity":null,"height_m":10,"height_source":"default","levels":null,"source":"OpenStreetMap"},"geometry":{"type":"Polygon","coordinates":[[[5.3673087,43.2982392],[5.3674149,43.2982159],[5.3674302,43.2982468],[5.3674367,43.2982601],[5.3673309,43.2982816],[5.3673087,43.2982392]]]}},{"type":"Feature","properties":{"osm_id":"way/67715947","name":null,"building":"apartments","highway":null,"tourism":null,"historic":null,"amenity":null,"height_m":10,"height_source":"default","levels":null,"source":"OpenStreetMap"},"geometry":{"type":"Polygon","coordinates":[[[5.3664452,43.2973761],[5.3664427,43.2974742],[5.3663809,43.2974838],[5.3663856,43.2973861],[5.3664215,43.2973801],[5.3664452,43.2973761]]]}},{"type":"Feature","properties":{"osm_id":"way/67715951","name":null,"building":"yes","highway":null,"tourism":null,"historic":null,"amenity":null,"height_m":19.200000000000003,"height_source":"osm","levels":"6","source":"OpenStreetMap"},"geometry":{"type":"Polygon","coordinates":[[[5.3726495,43.2994055],[5.3726647,43.2995462],[5.372604,43.2995499],[5.3726101,43.2996255],[5.3725023,43.2997558],[5.3723885,43.2997639],[5.3723736,43.2996444],[5.3724123,43.2996411],[5.3725112,43.2996339],[5.3725,43.2995542],[5.3723635,43.2995634],[5.3723619,43.2995527],[5.3723449,43.299426],[5.3725104,43.2994149],[5.3726495,43.2994055]]]}},{"type":"Feature","properties":{"osm_id":"way/67715957","name":null,"building":"yes","highway":null,"tourism":null,"historic":null,"amenity":null,"height_m":10,"height_source":"default","levels":null,"source":"OpenStreetMap"},"geometry":{"type":"Polygon","coordinates":[[[5.3681085,43.2980368],[5.3681944,43.298004],[5.3682114,43.2979975],[5.3682218,43.2980108],[5.3682345,43.2980299],[5.368194,43.2980455],[5.3681342,43.2980673],[5.3681178,43.2980479],[5.3681085,43.2980368]]]}},{"type":"Feature","properties":{"osm_id":"way/67715958","name":null,"building":"yes","highway":null,"tourism":null,"historic":null,"amenity":null,"height_m":19.200000000000003,"height_source":"osm","levels":"6","source":"OpenStreetMap"},"geometry":{"type":"Polygon","coordinates":[[[5.369367,43.2978287],[5.3694136,43.2978332],[5.3694517,43.2978368],[5.3694389,43.2979352],[5.3694388,43.2979392],[5.3693561,43.2979313],[5.369367,43.2978287]]]}},{"type":"Feature","properties":{"osm_id":"way/67715963","name":null,"building":"industrial","highway":null,"tourism":null,"historic":null,"amenity":null,"height_m":3,"height_source":"osm","levels":"1","source":"OpenStreetMap"},"geometry":{"type":"Polygon","coordinates":[[[5.3686122,43.2958162],[5.3686241,43.2957529],[5.3687216,43.2957626],[5.3687099,43.295826],[5.3686122,43.2958162]]]}},{"type":"Feature","properties":{"osm_id":"way/67715970","name":null,"building":"yes","highway":null,"tourism":null,"historic":null,"amenity":null,"height_m":10,"height_source":"default","levels":null,"source":"OpenStreetMap"},"geometry":{"type":"Polygon","coordinates":[[[5.3683208,43.2988047],[5.368326,43.298813],[5.3683405,43.2988456],[5.3683154,43.2988492],[5.3683068,43.2988312],[5.368296,43.2988085],[5.3683208,43.2988047]]]}},{"type":"Feature","properties":{"osm_id":"way/67715972","name":null,"building":"yes","highway":null,"tourism":null,"historic":null,"amenity":null,"height_m":10,"height_source":"default","levels":null,"source":"OpenStreetMap"},"geometry":{"type":"Polygon","coordinates":[[[5.3657298,43.2980022],[5.3657303,43.2980595],[5.3656654,43.2980644],[5.3656631,43.2980509],[5.3656633,43.2980045],[5.3656943,43.2980034],[5.3657298,43.2980022]]]}},{"type":"Feature","properties":{"osm_id":"way/67715977","name":null,"building":"apartments","highway":null,"tourism":null,"historic":null,"amenity":null,"height_m":16,"height_source":"osm","levels":"5","source":"OpenStreetMap"},"geometry":{"type":"Polygon","coordinates":[[[5.3668297,43.2958585],[5.3668669,43.2958662],[5.366893,43.2958709],[5.3669332,43.2958781],[5.3669812,43.2958867],[5.3670247,43.2958945],[5.3670625,43.2958996],[5.3671097,43.2959059],[5.3671591,43.2959125],[5.3671845,43.2959159],[5.3671521,43.2960803],[5.3671137,43.2960756],[5.3670774,43.2960702],[5.3669213,43.2960472],[5.366858,43.2960355],[5.366731,43.2960119],[5.3665768,43.2959812],[5.3664385,43.2959536],[5.3664553,43.2959083],[5.3664241,43.295902],[5.3663998,43.2958971],[5.3664534,43.2957541],[5.3664758,43.2957585],[5.3665174,43.2957667],[5.3665584,43.2957748],[5.3665906,43.2957812],[5.3666322,43.2957894],[5.3666651,43.2957959],[5.3667061,43.295804],[5.3667389,43.2958105],[5.3667677,43.2958162],[5.3667982,43.2958222],[5.3668306,43.2958286],[5.3668401,43.2958305],[5.3668297,43.2958585]]]}},{"type":"Feature","properties":{"osm_id":"way/67715979","name":null,"building":"yes","highway":null,"tourism":null,"historic":null,"amenity":null,"height_m":10,"height_source":"default","levels":null,"source":"OpenStreetMap"},"geometry":{"type":"Polygon","coordinates":[[[5.3719138,43.2975208],[5.3719056,43.2974634],[5.3718993,43.2974192],[5.3720189,43.2974179],[5.3720262,43.2975037],[5.3720262,43.2975118],[5.3719138,43.2975208]]]}},{"type":"Feature","properties":{"osm_id":"way/67715982","name":null,"building":"apartments","highway":null,"tourism":null,"historic":null,"amenity":null,"height_m":10,"height_source":"default","levels":null,"source":"OpenStreetMap"},"geometry":{"type":"Polygon","coordinates":[[[5.3669889,43.2984466],[5.3668441,43.2984673],[5.3668333,43.2984232],[5.3669679,43.298405],[5.3669889,43.2984466]]]}},{"type":"Feature","properties":{"osm_id":"way/67715983","name":null,"building":"yes","highway":null,"tourism":null,"historic":null,"amenity":null,"height_m":10,"height_source":"default","levels":null,"source":"OpenStreetMap"},"geometry":{"type":"Polygon","coordinates":[[[5.367051,43.2973308],[5.3672046,43.2973173],[5.3672047,43.2973566],[5.3672003,43.2973554],[5.3671802,43.2973861],[5.3670563,43.2973978],[5.3670502,43.2973354],[5.367051,43.2973308]]]}},{"type":"Feature","properties":{"osm_id":"way/67715989","name":null,"building":"apartments","highway":null,"tourism":null,"historic":null,"amenity":null,"height_m":12.8,"height_source":"osm","levels":"4","source":"OpenStreetMap"},"geometry":{"type":"Polygon","coordinates":[[[5.3694555,43.2991651],[5.3695255,43.2991526],[5.3695205,43.2991389],[5.3695284,43.2991382],[5.3696028,43.2991334],[5.3696017,43.2991378],[5.3696048,43.2991778],[5.3696055,43.299226],[5.3694846,43.2992333],[5.3694771,43.2992157],[5.3694682,43.299195],[5.3694555,43.2991651]]]}},{"type":"Feature","properties":{"osm_id":"way/67715999","name":null,"building":"yes","highway":null,"tourism":null,"historic":null,"amenity":null,"height_m":10,"height_source":"default","levels":null,"source":"OpenStreetMap"},"geometry":{"type":"Polygon","coordinates":[[[5.3656806,43.2983081],[5.3657302,43.2983006],[5.3657395,43.2983496],[5.3656774,43.2983584],[5.3656806,43.2983081]]]}},{"type":"Feature","properties":{"osm_id":"way/67716000","name":null,"building":"yes","highway":null,"tourism":null,"historic":"manor","amenity":null,"height_m":10,"height_source":"default","levels":null,"source":"OpenStreetMap"},"geometry":{"type":"Polygon","coordinates":[[[5.3683906,43.2975991],[5.3684204,43.2975101],[5.3684231,43.2975108],[5.3684515,43.2974318],[5.3684519,43.2974287],[5.3684763,43.2974342],[5.368526,43.2974453],[5.3685424,43.2974957],[5.3685679,43.2975778],[5.3684735,43.2975891],[5.3683906,43.2975991]]]}},{"type":"Feature","properties":{"osm_id":"way/67716014","name":null,"building":"apartments","highway":null,"tourism":null,"historic":null,"amenity":null,"height_m":10,"height_source":"default","levels":null,"source":"OpenStreetMap"},"geometry":{"type":"Polygon","coordinates":[[[5.3661457,43.2978948],[5.3660246,43.2979072],[5.3660125,43.2978605],[5.3661304,43.2978488],[5.3661389,43.2978743],[5.3661457,43.2978948]]]}},{"type":"Feature","properties":{"osm_id":"way/67716018","name":null,"building":"yes","highway":null,"tourism":null,"historic":null,"amenity":null,"height_m":10,"height_source":"default","levels":null,"source":"OpenStreetMap"},"geometry":{"type":"Polygon","coordinates":[[[5.3665416,43.2993126],[5.3664934,43.2993142],[5.3664883,43.2992961],[5.3664997,43.2992944],[5.3664946,43.2992808],[5.3665315,43.2992794],[5.3665388,43.2993033],[5.3665416,43.2993126]]]}},{"type":"Feature","properties":{"osm_id":"way/67716019","name":null,"building":"yes","highway":null,"tourism":null,"historic":null,"amenity":null,"height_m":10,"height_source":"default","levels":null,"source":"OpenStreetMap"},"geometry":{"type":"Polygon","coordinates":[[[5.3660776,43.29747],[5.3661518,43.297464],[5.3661957,43.2974614],[5.3662026,43.297461],[5.3662035,43.2974785],[5.3662036,43.297511],[5.3661671,43.2975173],[5.3660654,43.2975267],[5.3660735,43.2974829],[5.3660776,43.29747]]]}},{"type":"Feature","properties":{"osm_id":"way/67716021","name":null,"building":"yes","highway":null,"tourism":null,"historic":null,"amenity":null,"height_m":19.200000000000003,"height_source":"osm","levels":"6","source":"OpenStreetMap"},"geometry":{"type":"Polygon","coordinates":[[[5.3729289,43.2969444],[5.3729227,43.2968893],[5.3729183,43.2968495],[5.373016,43.2968624],[5.3730249,43.2969343],[5.3729289,43.2969444]]]}},{"type":"Feature","properties":{"osm_id":"way/67716024","name":null,"building":"yes","highway":null,"tourism":null,"historic":null,"amenity":null,"height_m":10,"height_source":"default","levels":null,"source":"OpenStreetMap"},"geometry":{"type":"Polygon","coordinates":[[[5.3679221,43.2986611],[5.3679457,43.2987197],[5.3679445,43.2987202],[5.3679001,43.2987296],[5.3678714,43.2987356],[5.3678698,43.298732],[5.3678727,43.2987309],[5.3678516,43.2986794],[5.3678782,43.298671],[5.3679221,43.2986611]]]}},{"type":"Feature","properties":{"osm_id":"way/67716028","name":null,"building":"apartments","highway":null,"tourism":null,"historic":null,"amenity":null,"height_m":10,"height_source":"default","levels":null,"source":"OpenStreetMap"},"geometry":{"type":"Polygon","coordinates":[[[5.3700955,43.2993276],[5.3701334,43.2993303],[5.3701563,43.2993319],[5.3701581,43.2993882],[5.3701328,43.299387],[5.3701178,43.2993858],[5.3701036,43.299385],[5.3701019,43.2993842],[5.3700998,43.2993685],[5.3700955,43.2993276]]]}},{"type":"Feature","properties":{"osm_id":"way/67716034","name":null,"building":"yes","highway":null,"tourism":null,"historic":null,"amenity":null,"height_m":10,"height_source":"default","levels":null,"source":"OpenStreetMap"},"geometry":{"type":"Polygon","coordinates":[[[5.3677785,43.2984825],[5.3677685,43.2984641],[5.3677666,43.2984589],[5.3677857,43.2984536],[5.3679672,43.2984018],[5.3680192,43.2983868],[5.3680339,43.2984272],[5.3680508,43.2984735],[5.3679452,43.2985008],[5.3678989,43.2985131],[5.3678916,43.2985143],[5.3678262,43.2985298],[5.3678201,43.2985319],[5.3677933,43.2985394],[5.3677896,43.2985396],[5.3677714,43.298501],[5.3677845,43.2984961],[5.3677785,43.2984825]]]}},{"type":"Feature","properties":{"osm_id":"way/67716035","name":null,"building":"yes","highway":null,"tourism":null,"historic":null,"amenity":null,"height_m":10,"height_source":"default","levels":null,"source":"OpenStreetMap"},"geometry":{"type":"Polygon","coordinates":[[[5.3652722,43.2977915],[5.3653078,43.2977897],[5.3653516,43.2977875],[5.3653547,43.2978239],[5.3653551,43.2978843],[5.3653092,43.2978858],[5.3652759,43.297887],[5.3652722,43.2977915]]]}},{"type":"Feature","properties":{"osm_id":"way/67716039","name":null,"building":"yes","highway":null,"tourism":null,"historic":null,"amenity":null,"height_m":10,"height_source":"default","levels":null,"source":"OpenStreetMap"},"geometry":{"type":"Polygon","coordinates":[[[5.3688778,43.2984942],[5.3689558,43.2984874],[5.3689795,43.2985364],[5.3689283,43.2985466],[5.3689308,43.2985479],[5.3689259,43.2985489],[5.3688979,43.298517],[5.3688778,43.2984942]]]}},{"type":"Feature","properties":{"osm_id":"way/67716043","name":null,"building":"yes","highway":null,"tourism":null,"historic":null,"amenity":null,"height_m":10,"height_source":"default","levels":null,"source":"OpenStreetMap"},"geometry":{"type":"Polygon","coordinates":[[[5.3680177,43.2990004],[5.3680387,43.2990424],[5.368035,43.2990431],[5.3679019,43.2990694],[5.3678889,43.2990433],[5.367882,43.2990295],[5.3680177,43.2990004]]]}},{"type":"Feature","properties":{"osm_id":"way/67716050","name":null,"building":"yes","highway":null,"tourism":null,"historic":null,"amenity":null,"height_m":10,"height_source":"default","levels":null,"source":"OpenStreetMap"},"geometry":{"type":"Polygon","coordinates":[[[5.367078,43.2980989],[5.3671257,43.2981917],[5.3670928,43.2981978],[5.3670676,43.2982025],[5.3670175,43.2981102],[5.367078,43.2980989]]]}},{"type":"Feature","properties":{"osm_id":"way/67716055","name":null,"building":"apartments","highway":null,"tourism":null,"historic":null,"amenity":null,"height_m":10,"height_source":"default","levels":null,"source":"OpenStreetMap"},"geometry":{"type":"Polygon","coordinates":[[[5.3662051,43.2988585],[5.3662759,43.2988439],[5.3663854,43.2988199],[5.3663964,43.2988563],[5.3664121,43.2989085],[5.3662343,43.2989469],[5.3662242,43.2989163],[5.3662051,43.2988585]]]}},{"type":"Feature","properties":{"osm_id":"way/67716056","name":null,"building":"apartments","highway":null,"tourism":null,"historic":null,"amenity":null,"height_m":32,"height_source":"osm","levels":"10","source":"OpenStreetMap"},"geometry":{"type":"Polygon","coordinates":[[[5.365773,43.2965806],[5.365804,43.2964971],[5.365806,43.2964916],[5.3658516,43.2965005],[5.3659355,43.2965174],[5.3659263,43.2965418],[5.3659102,43.2965844],[5.3658918,43.2966332],[5.3658726,43.2966842],[5.3658571,43.2967252],[5.3658515,43.2967401],[5.3657229,43.2967136],[5.3657548,43.2966277],[5.3657341,43.296623],[5.3657516,43.2965762],[5.365773,43.2965806]]]}},{"type":"Feature","properties":{"osm_id":"way/67716058","name":null,"building":"yes","highway":null,"tourism":null,"historic":null,"amenity":null,"height_m":10,"height_source":"default","levels":null,"source":"OpenStreetMap"},"geometry":{"type":"Polygon","coordinates":[[[5.3724983,43.2967112],[5.3725076,43.2966612],[5.372563,43.2966642],[5.3725532,43.2967179],[5.3725211,43.296714],[5.3724983,43.2967112]]]}},{"type":"Feature","properties":{"osm_id":"way/67716061","name":null,"building":"yes","highway":null,"tourism":null,"historic":null,"amenity":null,"height_m":10,"height_source":"default","levels":null,"source":"OpenStreetMap"},"geometry":{"type":"Polygon","coordinates":[[[5.3653092,43.2978858],[5.3653551,43.2978843],[5.3653558,43.2978956],[5.3653577,43.2979812],[5.3653263,43.297982],[5.3653086,43.2979824],[5.3653092,43.2978858]]]}},{"type":"Feature","properties":{"osm_id":"way/67716062","name":null,"building":"yes","highway":null,"tourism":null,"historic":null,"amenity":null,"height_m":10,"height_source":"default","levels":null,"source":"OpenStreetMap"},"geometry":{"type":"Polygon","coordinates":[[[5.3675229,43.2971522],[5.3675198,43.297167],[5.3675176,43.2971739],[5.3674692,43.2971691],[5.3674739,43.2971454],[5.3675229,43.2971522]]]}},{"type":"Feature","properties":{"osm_id":"way/67716071","name":null,"building":"yes","highway":null,"tourism":null,"historic":null,"amenity":null,"height_m":10,"height_source":"default","levels":null,"source":"OpenStreetMap"},"geometry":{"type":"Polygon","coordinates":[[[5.3677013,43.2983048],[5.3676965,43.298306],[5.3676956,43.2983038],[5.3676928,43.298305],[5.3676677,43.2982595],[5.3676783,43.2982557],[5.3676592,43.2982235],[5.3676524,43.2982257],[5.3676495,43.2982263],[5.3676411,43.2982115],[5.3677434,43.2981813],[5.3678344,43.2981553],[5.3678416,43.2981707],[5.3676807,43.2982172],[5.3677019,43.298257],[5.3677169,43.2982538],[5.3677359,43.2982951],[5.3677245,43.2982979],[5.3677467,43.2983395],[5.3679064,43.2982932],[5.3679141,43.298308],[5.367723,43.2983641],[5.3677181,43.2983648],[5.3677101,43.2983535],[5.3677134,43.2983515],[5.3677126,43.2983497],[5.3677237,43.2983455],[5.3677013,43.2983048]]]}},{"type":"Feature","properties":{"osm_id":"way/67716072","name":null,"building":"apartments","highway":null,"tourism":null,"historic":null,"amenity":null,"height_m":12.8,"height_source":"osm","levels":"4","source":"OpenStreetMap"},"geometry":{"type":"Polygon","coordinates":[[[5.3654968,43.2976968],[5.3652942,43.2976976],[5.365275,43.2976446],[5.3655051,43.2976344],[5.3654999,43.2976731],[5.3654968,43.2976968]]]}},{"type":"Feature","properties":{"osm_id":"way/67716077","name":null,"building":"apartments","highway":null,"tourism":null,"historic":null,"amenity":null,"height_m":10,"height_source":"default","levels":null,"source":"OpenStreetMap"},"geometry":{"type":"Polygon","coordinates":[[[5.3689231,43.2990732],[5.3688291,43.2990854],[5.3688302,43.2990881],[5.3688119,43.2990905],[5.3687961,43.2990928],[5.3687718,43.2990596],[5.3688887,43.2990275],[5.3689049,43.299049],[5.3689231,43.2990732]]]}},{"type":"Feature","properties":{"osm_id":"way/67716079","name":null,"building":"yes","highway":null,"tourism":null,"historic":null,"amenity":null,"height_m":10,"height_source":"default","levels":null,"source":"OpenStreetMap"},"geometry":{"type":"Polygon","coordinates":[[[5.3683426,43.2983023],[5.36842,43.2982668],[5.3684483,43.2982964],[5.3684608,43.2983094],[5.3684872,43.2983395],[5.3684098,43.2983753],[5.3683798,43.2983427],[5.3683426,43.2983023]]]}},{"type":"Feature","properties":{"osm_id":"way/67716087","name":null,"building":"yes","highway":null,"tourism":null,"historic":null,"amenity":null,"height_m":10,"height_source":"default","levels":null,"source":"OpenStreetMap"},"geometry":{"type":"Polygon","coordinates":[[[5.36862,43.2993643],[5.3686702,43.2993582],[5.3686744,43.2994022],[5.3687348,43.2993957],[5.3687514,43.2993936],[5.3687533,43.299435],[5.3687387,43.299437],[5.3687368,43.2994285],[5.3686274,43.2994331],[5.3686235,43.2993967],[5.36862,43.2993643]]]}},{"type":"Feature","properties":{"osm_id":"way/67716094","name":null,"building":"yes","highway":null,"tourism":null,"historic":null,"amenity":null,"height_m":19.200000000000003,"height_source":"osm","levels":"6","source":"OpenStreetMap"},"geometry":{"type":"Polygon","coordinates":[[[5.3675037,43.2970135],[5.3674287,43.2970095],[5.3674387,43.296948],[5.3674841,43.2969566],[5.3675159,43.2969627],[5.3675037,43.2970135]]]}},{"type":"Feature","properties":{"osm_id":"way/67716096","name":null,"building":"yes","highway":null,"tourism":null,"historic":null,"amenity":null,"height_m":10,"height_source":"default","levels":null,"source":"OpenStreetMap"},"geometry":{"type":"Polygon","coordinates":[[[5.3720029,43.2966525],[5.3720153,43.2966071],[5.3720755,43.2966136],[5.3720629,43.2966596],[5.3720253,43.2966552],[5.3720029,43.2966525]]]}},{"type":"Feature","properties":{"osm_id":"way/67716099","name":null,"building":"yes","highway":null,"tourism":null,"historic":null,"amenity":null,"height_m":10,"height_source":"default","levels":null,"source":"OpenStreetMap"},"geometry":{"type":"Polygon","coordinates":[[[5.3651019,43.2979911],[5.3650992,43.2979353],[5.3650995,43.2979069],[5.3651563,43.2979002],[5.3651559,43.2979886],[5.3651304,43.2979898],[5.3651019,43.2979911]]]}},{"type":"Feature","properties":{"osm_id":"way/67716100","name":null,"building":"yes","highway":null,"tourism":null,"historic":null,"amenity":null,"height_m":10,"height_source":"default","levels":null,"source":"OpenStreetMap"},"geometry":{"type":"Polygon","coordinates":[[[5.3652207,43.2974827],[5.3653741,43.2974778],[5.3653825,43.2975346],[5.36524,43.2975379],[5.3652291,43.2975067],[5.3652207,43.2974827]]]}},{"type":"Feature","properties":{"osm_id":"way/67716110","name":null,"building":"apartments","highway":null,"tourism":null,"historic":null,"amenity":null,"height_m":10,"height_source":"default","levels":null,"source":"OpenStreetMap"},"geometry":{"type":"Polygon","coordinates":[[[5.3662386,43.2981609],[5.3661683,43.2981769],[5.3661562,43.2981424],[5.3661442,43.2981058],[5.3662146,43.2980923],[5.3662293,43.2981345],[5.3662386,43.2981609]]]}},{"type":"Feature","properties":{"osm_id":"way/67716111","name":null,"building":"yes","highway":null,"tourism":null,"historic":null,"amenity":null,"height_m":10,"height_source":"default","levels":null,"source":"OpenStreetMap"},"geometry":{"type":"Polygon","coordinates":[[[5.3677586,43.2979314],[5.3677453,43.2979353],[5.3677351,43.2979449],[5.3677341,43.297957],[5.3677424,43.2979674],[5.3677371,43.2979708],[5.3677058,43.2979515],[5.36768,43.2979365],[5.3676609,43.2979254],[5.3676587,43.2979241],[5.3677105,43.2978793],[5.3677753,43.2979152],[5.3677586,43.2979314]]]}},{"type":"Feature","properties":{"osm_id":"way/67716117","name":null,"building":"apartments","highway":null,"tourism":null,"historic":null,"amenity":null,"height_m":19.200000000000003,"height_source":"osm","levels":"6","source":"OpenStreetMap"},"geometry":{"type":"Polygon","coordinates":[[[5.3689253,43.2960996],[5.3689587,43.2961031],[5.3690432,43.2961121],[5.3691045,43.2961187],[5.3691927,43.296128],[5.3692731,43.2961366],[5.3693441,43.2961441],[5.3694182,43.296152],[5.3694767,43.2961582],[5.36953,43.2961639],[5.3695602,43.2961671],[5.3695496,43.2962192],[5.369527,43.2963297],[5.3694045,43.2963168],[5.3692161,43.2962971],[5.3690279,43.2962773],[5.3688925,43.2962631],[5.3689253,43.2960996]]]}},{"type":"Feature","properties":{"osm_id":"way/67716121","name":null,"building":"yes","highway":null,"tourism":null,"historic":null,"amenity":null,"height_m":10,"height_source":"default","levels":null,"source":"OpenStreetMap"},"geometry":{"type":"Polygon","coordinates":[[[5.3645954,43.29618],[5.3646031,43.2961766],[5.3648035,43.2960892],[5.3648184,43.2961076],[5.3646106,43.2961984],[5.3645954,43.29618]]]}},{"type":"Feature","properties":{"osm_id":"way/67716122","name":null,"building":"yes","highway":null,"tourism":null,"historic":null,"amenity":null,"height_m":10,"height_source":"default","levels":null,"source":"OpenStreetMap"},"geometry":{"type":"Polygon","coordinates":[[[5.3689215,43.2981689],[5.3689704,43.2981741],[5.3689473,43.298253],[5.3689437,43.2982656],[5.3689373,43.2982649],[5.3689106,43.2982592],[5.368902,43.2982572],[5.3689215,43.2981689]]]}},{"type":"Feature","properties":{"osm_id":"way/67716125","name":null,"building":"yes","highway":null,"tourism":null,"historic":null,"amenity":null,"height_m":10,"height_source":"default","levels":null,"source":"OpenStreetMap"},"geometry":{"type":"Polygon","coordinates":[[[5.3691982,43.2989562],[5.3691051,43.2989844],[5.3690799,43.298991],[5.3690662,43.2989741],[5.3690464,43.2989493],[5.3691682,43.2989155],[5.3691861,43.2989397],[5.3691982,43.2989562]]]}},{"type":"Feature","properties":{"osm_id":"way/67716131","name":null,"building":"yes","highway":null,"tourism":null,"historic":null,"amenity":null,"height_m":10,"height_source":"default","levels":null,"source":"OpenStreetMap"},"geometry":{"type":"Polygon","coordinates":[[[5.3665711,43.2990169],[5.3668216,43.2989773],[5.3668427,43.2990419],[5.3665922,43.2990811],[5.3665799,43.2990438],[5.3665711,43.2990169]]]}},{"type":"Feature","properties":{"osm_id":"way/67716134","name":null,"building":"yes","highway":null,"tourism":null,"historic":null,"amenity":null,"height_m":10,"height_source":"default","levels":null,"source":"OpenStreetMap"},"geometry":{"type":"Polygon","coordinates":[[[5.371905,43.2965323],[5.3719225,43.2964613],[5.3720298,43.2964716],[5.3720845,43.2964768],[5.3721126,43.2964795],[5.3720936,43.2965499],[5.371905,43.2965323]]]}},{"type":"Feature","properties":{"osm_id":"way/67716136","name":null,"building":"apartments","highway":null,"tourism":null,"historic":null,"amenity":null,"height_m":10,"height_source":"default","levels":null,"source":"OpenStreetMap"},"geometry":{"type":"Polygon","coordinates":[[[5.3681951,43.2987705],[5.3683262,43.2987507],[5.3683365,43.2987708],[5.3683488,43.2987949],[5.3682047,43.2988146],[5.3682029,43.2988121],[5.3681984,43.2987905],[5.3681947,43.2987728],[5.3681951,43.2987705]]]}},{"type":"Feature","properties":{"osm_id":"way/67716137","name":null,"building":"yes","highway":null,"tourism":null,"historic":null,"amenity":null,"height_m":10,"height_source":"default","levels":null,"source":"OpenStreetMap"},"geometry":{"type":"Polygon","coordinates":[[[5.3650313,43.2978131],[5.3650391,43.2979128],[5.3649869,43.2979173],[5.3649713,43.2978204],[5.3650107,43.2978156],[5.3650313,43.2978131]]]}},{"type":"Feature","properties":{"osm_id":"way/67716147","name":null,"building":"apartments","highway":null,"tourism":null,"historic":null,"amenity":null,"height_m":10,"height_source":"default","levels":null,"source":"OpenStreetMap"},"geometry":{"type":"Polygon","coordinates":[[[5.3659546,43.2983175],[5.365793,43.2983414],[5.3657894,43.298342],[5.3657772,43.298294],[5.3659404,43.2982687],[5.3659504,43.2983032],[5.3659546,43.2983175]]]}},{"type":"Feature","properties":{"osm_id":"way/67716148","name":null,"building":"apartments","highway":null,"tourism":null,"historic":null,"amenity":null,"height_m":10,"height_source":"default","levels":null,"source":"OpenStreetMap"},"geometry":{"type":"Polygon","coordinates":[[[5.3678472,43.2977219],[5.3678529,43.2978417],[5.367834,43.2978405],[5.3678048,43.2978312],[5.3677647,43.2978006],[5.3677022,43.2977723],[5.3677213,43.297718],[5.3677912,43.2977202],[5.3678472,43.2977219]]]}},{"type":"Feature","properties":{"osm_id":"way/67716154","name":null,"building":"yes","highway":null,"tourism":null,"historic":null,"amenity":null,"height_m":10,"height_source":"default","levels":null,"source":"OpenStreetMap"},"geometry":{"type":"Polygon","coordinates":[[[5.3692706,43.2979225],[5.3692701,43.2979347],[5.3692497,43.2979329],[5.3692512,43.2979202],[5.3692706,43.2979225]]]}},{"type":"Feature","properties":{"osm_id":"way/67716156","name":null,"building":"yes","highway":null,"tourism":null,"historic":null,"amenity":null,"height_m":10,"height_source":"default","levels":null,"source":"OpenStreetMap"},"geometry":{"type":"Polygon","coordinates":[[[5.3673243,43.2991784],[5.3673371,43.2991749],[5.367368,43.2991703],[5.3673806,43.2991673],[5.3673945,43.2991651],[5.3674006,43.2991958],[5.3673503,43.2992053],[5.3673556,43.2992343],[5.3673378,43.2992367],[5.3673243,43.2991784]]]}},{"type":"Feature","properties":{"osm_id":"way/67716159","name":null,"building":"yes","highway":null,"tourism":null,"historic":null,"amenity":null,"height_m":10,"height_source":"default","levels":null,"source":"OpenStreetMap"},"geometry":{"type":"Polygon","coordinates":[[[5.3714096,43.2970221],[5.3714249,43.2969453],[5.3714374,43.2968827],[5.3714429,43.2968539],[5.3715734,43.2968672],[5.3715574,43.2969482],[5.3715399,43.2970363],[5.3714096,43.2970221]]]}},{"type":"Feature","properties":{"osm_id":"way/67716166","name":null,"building":"yes","highway":null,"tourism":null,"historic":null,"amenity":null,"height_m":10,"height_source":"default","levels":null,"source":"OpenStreetMap"},"geometry":{"type":"Polygon","coordinates":[[[5.3676089,43.2994036],[5.3676136,43.299503],[5.3676092,43.2995029],[5.3676093,43.2995056],[5.3676066,43.2995056],[5.3675792,43.2995067],[5.3675784,43.299505],[5.3675459,43.2995063],[5.3675425,43.2994068],[5.3675845,43.2994048],[5.3676089,43.2994036]]]}},{"type":"Feature","properties":{"osm_id":"way/67716173","name":null,"building":"apartments","highway":null,"tourism":null,"historic":null,"amenity":null,"height_m":10,"height_source":"default","levels":null,"source":"OpenStreetMap"},"geometry":{"type":"Polygon","coordinates":[[[5.3685311,43.299293],[5.3684962,43.2991767],[5.3685575,43.2991689],[5.3685942,43.2992868],[5.3685473,43.2992914],[5.3685311,43.299293]]]}},{"type":"Feature","properties":{"osm_id":"way/67716174","name":null,"building":"yes","highway":null,"tourism":null,"historic":null,"amenity":null,"height_m":10,"height_source":"default","levels":null,"source":"OpenStreetMap"},"geometry":{"type":"Polygon","coordinates":[[[5.3648157,43.2979332],[5.3648733,43.297928],[5.3648964,43.2979256],[5.3649097,43.2980025],[5.3648713,43.2980053],[5.3648373,43.2980078],[5.3648157,43.2979332]]]}},{"type":"Feature","properties":{"osm_id":"way/67716175","name":null,"building":"yes","highway":null,"tourism":null,"historic":null,"amenity":null,"height_m":10,"height_source":"default","levels":null,"source":"OpenStreetMap"},"geometry":{"type":"Polygon","coordinates":[[[5.3676925,43.2975567],[5.3677183,43.2975552],[5.3677649,43.2975514],[5.3677787,43.2976472],[5.3677378,43.2976505],[5.3677075,43.2976529],[5.3676925,43.2975567]]]}},{"type":"Feature","properties":{"osm_id":"way/67716181","name":null,"building":"yes","highway":null,"tourism":null,"historic":null,"amenity":null,"height_m":10,"height_source":"default","levels":null,"source":"OpenStreetMap"},"geometry":{"type":"Polygon","coordinates":[[[5.3645305,43.2966518],[5.364568,43.296697],[5.364542,43.2967083],[5.3645043,43.2966628],[5.3645305,43.2966518]]]}},{"type":"Feature","properties":{"osm_id":"way/67716187","name":null,"building":"yes","highway":null,"tourism":null,"historic":null,"amenity":null,"height_m":10,"height_source":"default","levels":null,"source":"OpenStreetMap"},"geometry":{"type":"Polygon","coordinates":[[[5.3669722,43.2979903],[5.3669553,43.2979344],[5.3670216,43.2979272],[5.3670404,43.297982],[5.3670054,43.2979863],[5.3669722,43.2979903]]]}},{"type":"Feature","properties":{"osm_id":"way/67716194","name":"Clocher des Accoules","building":"yes","highway":null,"tourism":"attraction","historic":null,"amenity":null,"height_m":10,"height_source":"default","levels":null,"source":"OpenStreetMap"},"geometry":{"type":"Polygon","coordinates":[[[5.3686816,43.2976247],[5.3687059,43.2977137],[5.368644,43.2977215],[5.3685753,43.297729],[5.3685635,43.297683],[5.3685671,43.2976819],[5.3685566,43.297639],[5.3685595,43.297638],[5.3686135,43.2976321],[5.3686816,43.2976247]]]}},{"type":"Feature","properties":{"osm_id":"way/67716196","name":null,"building":"yes","highway":null,"tourism":null,"historic":null,"amenity":null,"height_m":10,"height_source":"default","levels":null,"source":"OpenStreetMap"},"geometry":{"type":"Polygon","coordinates":[[[5.3675076,43.2990417],[5.3675359,43.2991144],[5.3674755,43.299128],[5.3674471,43.2990539],[5.3674719,43.2990489],[5.3675076,43.2990417]]]}},{"type":"Feature","properties":{"osm_id":"way/67716199","name":null,"building":"yes","highway":null,"tourism":null,"historic":null,"amenity":null,"height_m":10,"height_source":"default","levels":null,"source":"OpenStreetMap"},"geometry":{"type":"Polygon","coordinates":[[[5.3708687,43.2979753],[5.370983,43.2979406],[5.3709884,43.2979514],[5.3709903,43.2979513],[5.3709911,43.2979531],[5.3710064,43.2979811],[5.371035,43.2979727],[5.3710531,43.2980052],[5.3710796,43.2980491],[5.3711071,43.2980404],[5.3712627,43.2983056],[5.3710915,43.2983579],[5.3710526,43.2982902],[5.3709831,43.2981718],[5.3709141,43.2980532],[5.3708687,43.2979753]]]}},{"type":"Feature","properties":{"osm_id":"way/67716202","name":null,"building":"yes","highway":null,"tourism":null,"historic":null,"amenity":null,"height_m":19.200000000000003,"height_source":"osm","levels":"6","source":"OpenStreetMap"},"geometry":{"type":"Polygon","coordinates":[[[5.3716583,43.2988884],[5.371791,43.2989442],[5.3716665,43.2990967],[5.3716227,43.299096],[5.3716221,43.2991005],[5.3715964,43.2991],[5.3715587,43.2990993],[5.371559,43.2990943],[5.371514,43.299094],[5.371465,43.29901],[5.3714205,43.2989336],[5.3715622,43.2988889],[5.3715745,43.2988854],[5.3715939,43.2989178],[5.3715908,43.2989508],[5.3716168,43.2989516],[5.3716184,43.2989196],[5.3716476,43.2988844],[5.3716583,43.2988884]]]}},{"type":"Feature","properties":{"osm_id":"way/67716206","name":null,"building":"yes","highway":null,"tourism":null,"historic":null,"amenity":null,"height_m":10,"height_source":"default","levels":null,"source":"OpenStreetMap"},"geometry":{"type":"Polygon","coordinates":[[[5.367821,43.2989087],[5.3679432,43.2988813],[5.3679602,43.298878],[5.3679763,43.2989195],[5.3679732,43.2989205],[5.3678404,43.2989477],[5.3678275,43.2989217],[5.367821,43.2989087]]]}},{"type":"Feature","properties":{"osm_id":"way/67716212","name":null,"building":"apartments","highway":null,"tourism":null,"historic":null,"amenity":null,"height_m":10,"height_source":"default","levels":null,"source":"OpenStreetMap"},"geometry":{"type":"Polygon","coordinates":[[[5.3655341,43.298429],[5.3655365,43.2984389],[5.3655201,43.2984408],[5.3655314,43.2985105],[5.3653576,43.2985262],[5.3653666,43.2984798],[5.3653718,43.2984526],[5.3654674,43.2984498],[5.3654716,43.2984384],[5.3655341,43.298429]]]}},{"type":"Feature","properties":{"osm_id":"way/67716213","name":null,"building":"apartments","highway":null,"tourism":null,"historic":null,"amenity":null,"height_m":10,"height_source":"default","levels":null,"source":"OpenStreetMap"},"geometry":{"type":"Polygon","coordinates":[[[5.3666948,43.2971221],[5.3666972,43.2971576],[5.3666981,43.297181],[5.3667047,43.2971801],[5.366708,43.297202],[5.366715,43.2972689],[5.3666943,43.2972701],[5.366549,43.2972724],[5.3665493,43.2972741],[5.3665461,43.2972743],[5.3665494,43.2972276],[5.3665547,43.2971758],[5.3665584,43.2971391],[5.3666948,43.2971221]]]}},{"type":"Feature","properties":{"osm_id":"way/67716217","name":null,"building":"apartments","highway":null,"tourism":null,"historic":null,"amenity":null,"height_m":10,"height_source":"default","levels":null,"source":"OpenStreetMap"},"geometry":{"type":"Polygon","coordinates":[[[5.3639498,43.2963347],[5.3641812,43.2966167],[5.364193,43.2966311],[5.3641588,43.2966463],[5.3641801,43.2966714],[5.3641173,43.2966985],[5.3640963,43.2966737],[5.3640681,43.2966865],[5.3637523,43.296303],[5.3639272,43.2962246],[5.3639989,43.2963128],[5.3639837,43.2963192],[5.3639498,43.2963347]]]}},{"type":"Feature","properties":{"osm_id":"way/67716222","name":null,"building":"apartments","highway":null,"tourism":null,"historic":null,"amenity":null,"height_m":10,"height_source":"default","levels":null,"source":"OpenStreetMap"},"geometry":{"type":"Polygon","coordinates":[[[5.3664706,43.2987032],[5.3666382,43.2986831],[5.3666488,43.2987102],[5.3666677,43.2987669],[5.3666502,43.2987697],[5.3665005,43.2987961],[5.3664885,43.2987589],[5.3664736,43.2987127],[5.3664706,43.2987032]]]}},{"type":"Feature","properties":{"osm_id":"way/67716223","name":null,"building":"yes","highway":null,"tourism":null,"historic":null,"amenity":null,"height_m":10,"height_source":"default","levels":null,"source":"OpenStreetMap"},"geometry":{"type":"Polygon","coordinates":[[[5.3664637,43.2978974],[5.3663438,43.2979097],[5.3663385,43.2978635],[5.3663377,43.2978496],[5.3663917,43.2978463],[5.3664554,43.2978423],[5.3664601,43.2978734],[5.3664637,43.2978974]]]}},{"type":"Feature","properties":{"osm_id":"way/67716230","name":null,"building":"yes","highway":null,"tourism":null,"historic":null,"amenity":null,"height_m":10,"height_source":"default","levels":null,"source":"OpenStreetMap"},"geometry":{"type":"Polygon","coordinates":[[[5.3688199,43.2984343],[5.3689036,43.298435],[5.3689027,43.2984432],[5.3688973,43.2984632],[5.3688726,43.2984633],[5.368849,43.2984665],[5.3688199,43.2984343]]]}},{"type":"Feature","properties":{"osm_id":"way/67716234","name":null,"building":"yes","highway":null,"tourism":null,"historic":null,"amenity":null,"height_m":10,"height_source":"default","levels":null,"source":"OpenStreetMap"},"geometry":{"type":"Polygon","coordinates":[[[5.3650089,43.2975932],[5.3650278,43.2976232],[5.3650402,43.2976428],[5.3649332,43.2976656],[5.3649122,43.2976172],[5.3650089,43.2975932]]]}},{"type":"Feature","properties":{"osm_id":"way/67716235","name":null,"building":"roof","highway":null,"tourism":null,"historic":null,"amenity":null,"height_m":10,"height_source":"default","levels":null,"source":"OpenStreetMap"},"geometry":{"type":"Polygon","coordinates":[[[5.3722229,43.2980445],[5.3722495,43.2980105],[5.3722943,43.2980292],[5.3722663,43.2980636],[5.3722429,43.2980544],[5.3722229,43.2980445]]]}},{"type":"Feature","properties":{"osm_id":"way/67716246","name":null,"building":"yes","highway":null,"tourism":null,"historic":null,"amenity":null,"height_m":22.400000000000002,"height_source":"osm","levels":"7","source":"OpenStreetMap"},"geometry":{"type":"Polygon","coordinates":[[[5.3724651,43.2976949],[5.3724619,43.2975936],[5.3723436,43.297541],[5.372426,43.297441],[5.3725994,43.2975178],[5.3726323,43.2975525],[5.3726249,43.2976935],[5.3726036,43.2976937],[5.3725418,43.2976942],[5.3724923,43.2976947],[5.3724651,43.2976949]]]}},{"type":"Feature","properties":{"osm_id":"way/67716249","name":null,"building":"apartments","highway":null,"tourism":null,"historic":null,"amenity":null,"height_m":10,"height_source":"default","levels":null,"source":"OpenStreetMap"},"geometry":{"type":"Polygon","coordinates":[[[5.3665927,43.2982715],[5.3665207,43.2982819],[5.366464,43.2982901],[5.3664474,43.2982479],[5.3665704,43.2982281],[5.3665927,43.2982715]]]}},{"type":"Feature","properties":{"osm_id":"way/67716260","name":null,"building":"apartments","highway":null,"tourism":null,"historic":null,"amenity":null,"height_m":10,"height_source":"default","levels":null,"source":"OpenStreetMap"},"geometry":{"type":"Polygon","coordinates":[[[5.3665109,43.2973674],[5.3665093,43.2973952],[5.3665054,43.2974653],[5.3664908,43.2974672],[5.3664427,43.2974742],[5.3664452,43.2973761],[5.3664717,43.2973726],[5.3665109,43.2973674]]]}},{"type":"Feature","properties":{"osm_id":"way/67716268","name":null,"building":"yes","highway":null,"tourism":null,"historic":null,"amenity":null,"height_m":10,"height_source":"default","levels":null,"source":"OpenStreetMap"},"geometry":{"type":"Polygon","coordinates":[[[5.3673654,43.2995516],[5.3673656,43.2995371],[5.3673654,43.2995277],[5.3673038,43.2995289],[5.3673028,43.2995217],[5.3672984,43.2994173],[5.3673443,43.2994153],[5.3674399,43.2994111],[5.3674426,43.2995043],[5.3674414,43.299562],[5.3674097,43.2995584],[5.3673889,43.2995574],[5.3673695,43.2995555],[5.3673694,43.2995536],[5.3673654,43.2995516]]]}},{"type":"Feature","properties":{"osm_id":"way/67716270","name":null,"building":"yes","highway":null,"tourism":null,"historic":null,"amenity":null,"height_m":10,"height_source":"default","levels":null,"source":"OpenStreetMap"},"geometry":{"type":"Polygon","coordinates":[[[5.3683915,43.2979715],[5.368296,43.2980067],[5.3682671,43.2980188],[5.3682345,43.2980299],[5.3682218,43.2980108],[5.3682343,43.2980065],[5.3682252,43.2979917],[5.3682533,43.29798],[5.3683635,43.2979379],[5.3683797,43.2979573],[5.3683915,43.2979715]]]}},{"type":"Feature","properties":{"osm_id":"way/67716274","name":null,"building":"yes","highway":null,"tourism":null,"historic":null,"amenity":null,"height_m":12.8,"height_source":"osm","levels":"4","source":"OpenStreetMap"},"geometry":{"type":"Polygon","coordinates":[[[5.3691663,43.2994402],[5.3690671,43.2994429],[5.3690614,43.2994436],[5.3690278,43.2994477],[5.3690161,43.2994481],[5.3690049,43.2994054],[5.3690207,43.2994043],[5.3690854,43.2994002],[5.3691506,43.2993962],[5.3691604,43.2994237],[5.3691663,43.2994402]]]}},{"type":"Feature","properties":{"osm_id":"way/67716278","name":null,"building":"apartments","highway":null,"tourism":null,"historic":null,"amenity":null,"height_m":16,"height_source":"osm","levels":"5","source":"OpenStreetMap"},"geometry":{"type":"Polygon","coordinates":[[[5.367943,43.2992492],[5.3679695,43.299304],[5.3679867,43.2993394],[5.3679279,43.2993426],[5.367883,43.2992525],[5.367943,43.2992492]]]}},{"type":"Feature","properties":{"osm_id":"way/67716282","name":null,"building":"yes","highway":null,"tourism":null,"historic":null,"amenity":null,"height_m":6.4,"height_source":"osm","levels":"2","source":"OpenStreetMap"},"geometry":{"type":"Polygon","coordinates":[[[5.3733305,43.2964232],[5.3733411,43.2964509],[5.3733545,43.2965425],[5.3733128,43.2965466],[5.3732804,43.2965488],[5.3732681,43.2964743],[5.3732394,43.2964769],[5.3732351,43.2964499],[5.3732941,43.2964334],[5.3733305,43.2964232]]]}},{"type":"Feature","properties":{"osm_id":"way/67716284","name":null,"building":"terrace","highway":null,"tourism":null,"historic":null,"amenity":null,"height_m":10,"height_source":"default","levels":null,"source":"OpenStreetMap"},"geometry":{"type":"Polygon","coordinates":[[[5.3685475,43.2990062],[5.3685548,43.299044],[5.3685734,43.2990425],[5.3685777,43.2990648],[5.3685825,43.2990635],[5.3685848,43.2990729],[5.3685799,43.2990728],[5.3685842,43.2991004],[5.3686335,43.299097],[5.3686435,43.2991583],[5.3686199,43.2991619],[5.3685575,43.2991689],[5.3685539,43.2991376],[5.3685526,43.2990997],[5.3685454,43.2990957],[5.3685327,43.2990658],[5.3685076,43.2990677],[5.3684601,43.2990309],[5.3684666,43.2990287],[5.3684658,43.299027],[5.3685091,43.2990181],[5.3685475,43.2990062]]]}},{"type":"Feature","properties":{"osm_id":"way/67716285","name":null,"building":"apartments","highway":null,"tourism":null,"historic":null,"amenity":null,"height_m":10,"height_source":"default","levels":null,"source":"OpenStreetMap"},"geometry":{"type":"Polygon","coordinates":[[[5.3662539,43.2980457],[5.3663627,43.2980304],[5.3663809,43.298075],[5.3662675,43.2980933],[5.3662574,43.2980579],[5.3662539,43.2980457]]]}},{"type":"Feature","properties":{"osm_id":"way/67716286","name":null,"building":"yes","highway":null,"tourism":null,"historic":null,"amenity":null,"height_m":10,"height_source":"default","levels":null,"source":"OpenStreetMap"},"geometry":{"type":"Polygon","coordinates":[[[5.3679562,43.297387],[5.3679545,43.2973993],[5.3679273,43.2973982],[5.367928,43.2973797],[5.3679297,43.2973665],[5.3679973,43.2973813],[5.3680227,43.2973847],[5.3680234,43.2974032],[5.3679969,43.2974016],[5.3679979,43.2973889],[5.3679562,43.297387]]]}},{"type":"Feature","properties":{"osm_id":"way/67716293","name":null,"building":"yes","highway":null,"tourism":null,"historic":null,"amenity":null,"height_m":10,"height_source":"default","levels":null,"source":"OpenStreetMap"},"geometry":{"type":"Polygon","coordinates":[[[5.3722445,43.2971705],[5.3724125,43.2972166],[5.3723861,43.2972732],[5.3722867,43.2972712],[5.3722139,43.2972374],[5.3722274,43.2972079],[5.3722445,43.2971705]]]}},{"type":"Feature","properties":{"osm_id":"way/67716297","name":null,"building":"apartments","highway":null,"tourism":null,"historic":null,"amenity":null,"height_m":10,"height_source":"default","levels":null,"source":"OpenStreetMap"},"geometry":{"type":"Polygon","coordinates":[[[5.3667114,43.2984854],[5.3668441,43.2984673],[5.3668542,43.2985127],[5.3667975,43.2985203],[5.366726,43.2985324],[5.3667156,43.2984989],[5.3667114,43.2984854]]]}},{"type":"Feature","properties":{"osm_id":"way/67716298","name":null,"building":"apartments","highway":null,"tourism":null,"historic":null,"amenity":null,"height_m":10,"height_source":"default","levels":null,"source":"OpenStreetMap"},"geometry":{"type":"Polygon","coordinates":[[[5.3663377,43.297182],[5.366352,43.2972461],[5.3663213,43.2972546],[5.3662992,43.2972607],[5.3662938,43.2971982],[5.3663377,43.297182]]]}},{"type":"Feature","properties":{"osm_id":"way/67716301","name":null,"building":"apartments","highway":null,"tourism":null,"historic":null,"amenity":null,"height_m":16,"height_source":"osm","levels":"5","source":"OpenStreetMap"},"geometry":{"type":"Polygon","coordinates":[[[5.3693472,43.2994098],[5.3693384,43.2993804],[5.369334,43.2993801],[5.3693136,43.2992853],[5.3693337,43.2992862],[5.3694308,43.2992905],[5.3694455,43.2992912],[5.3694834,43.2993901],[5.3693472,43.2994098]]]}},{"type":"Feature","properties":{"osm_id":"way/67716302","name":null,"building":"yes","highway":null,"tourism":null,"historic":null,"amenity":null,"height_m":9.600000000000001,"height_source":"osm","levels":"3","source":"OpenStreetMap"},"geometry":{"type":"Polygon","coordinates":[[[5.369481,43.2992352],[5.3694846,43.2992333],[5.3696055,43.299226],[5.369608,43.2992646],[5.3695464,43.2992699],[5.3695007,43.2992739],[5.369481,43.2992352]]]}},{"type":"Feature","properties":{"osm_id":"way/67716308","name":null,"building":"yes","highway":null,"tourism":null,"historic":null,"amenity":null,"height_m":10,"height_source":"default","levels":null,"source":"OpenStreetMap"},"geometry":{"type":"Polygon","coordinates":[[[5.3679775,43.2979044],[5.3680213,43.297886],[5.3680406,43.2978783],[5.368089,43.2978587],[5.3680933,43.2978626],[5.3681158,43.2978914],[5.3681544,43.2979418],[5.3680585,43.2979798],[5.3680174,43.2979415],[5.3679775,43.2979044]]]}},{"type":"Feature","properties":{"osm_id":"way/67716324","name":null,"building":"yes","highway":null,"tourism":null,"historic":null,"amenity":null,"height_m":10,"height_source":"default","levels":null,"source":"OpenStreetMap"},"geometry":{"type":"Polygon","coordinates":[[[5.3655482,43.2979772],[5.3655487,43.2979337],[5.365549,43.2979102],[5.3656838,43.2979051],[5.3656904,43.2979724],[5.3655482,43.2979772]]]}},{"type":"Feature","properties":{"osm_id":"way/67716330","name":null,"building":"apartments","highway":null,"tourism":null,"historic":null,"amenity":null,"height_m":10,"height_source":"default","levels":null,"source":"OpenStreetMap"},"geometry":{"type":"Polygon","coordinates":[[[5.3662657,43.2973053],[5.3662686,43.2973792],[5.3662723,43.2973786],[5.3662736,43.2974055],[5.3662699,43.2974063],[5.3662632,43.2974717],[5.3662035,43.2974785],[5.3662026,43.297461],[5.3662019,43.2974325],[5.3662023,43.2973242],[5.3662443,43.2973117],[5.3662657,43.2973053]]]}},{"type":"Feature","properties":{"osm_id":"way/67716332","name":null,"building":"apartments","highway":null,"tourism":null,"historic":null,"amenity":null,"height_m":10,"height_source":"default","levels":null,"source":"OpenStreetMap"},"geometry":{"type":"Polygon","coordinates":[[[5.3716116,43.2977015],[5.371603,43.2977004],[5.3715927,43.2976936],[5.3715908,43.2976834],[5.3715998,43.2976368],[5.371623,43.2975173],[5.3716487,43.2973845],[5.3716876,43.2971836],[5.3716923,43.2971593],[5.3718559,43.2971763],[5.3717821,43.2975584],[5.3717915,43.2975604],[5.3717992,43.2975681],[5.3717903,43.2976784],[5.3717854,43.2976908],[5.3717713,43.2977043],[5.3717508,43.2977124],[5.3717276,43.2977138],[5.3716963,43.2977105],[5.3716201,43.2977024],[5.3716116,43.2977015]]]}},{"type":"Feature","properties":{"osm_id":"way/67716335","name":null,"building":"apartments","highway":null,"tourism":null,"historic":null,"amenity":null,"height_m":10,"height_source":"default","levels":null,"source":"OpenStreetMap"},"geometry":{"type":"Polygon","coordinates":[[[5.366635,43.2983908],[5.3665341,43.2984065],[5.3665073,43.2984095],[5.3664976,43.2983681],[5.3666231,43.2983535],[5.366631,43.2983783],[5.366635,43.2983908]]]}},{"type":"Feature","properties":{"osm_id":"way/67716339","name":null,"building":"apartments","highway":null,"tourism":null,"historic":null,"amenity":null,"height_m":10,"height_source":"default","levels":null,"source":"OpenStreetMap"},"geometry":{"type":"Polygon","coordinates":[[[5.3702717,43.2993397],[5.3703355,43.2993407],[5.3703831,43.2993415],[5.3703806,43.2993917],[5.370321,43.2993927],[5.3703073,43.2993933],[5.3702865,43.2993933],[5.3702735,43.2993934],[5.3702717,43.2993397]]]}},{"type":"Feature","properties":{"osm_id":"way/67716340","name":null,"building":"apartments","highway":null,"tourism":null,"historic":null,"amenity":null,"height_m":25.6,"height_source":"osm","levels":"8","source":"OpenStreetMap"},"geometry":{"type":"Polygon","coordinates":[[[5.3699377,43.2991235],[5.3702241,43.2991357],[5.3702549,43.298756],[5.3704153,43.2987594],[5.370413,43.2988161],[5.3704123,43.2988353],[5.3705657,43.2988464],[5.3705611,43.298887],[5.3704339,43.2989742],[5.3704226,43.2991564],[5.3704069,43.2991567],[5.3704038,43.29921],[5.3704006,43.2992655],[5.3696709,43.2992411],[5.3696694,43.2991785],[5.3697902,43.2991804],[5.3697872,43.2991496],[5.3699368,43.2991529],[5.3699377,43.2991235]]]}},{"type":"Feature","properties":{"osm_id":"way/67716345","name":null,"building":"yes","highway":null,"tourism":null,"historic":null,"amenity":null,"height_m":10,"height_source":"default","levels":null,"source":"OpenStreetMap"},"geometry":{"type":"Polygon","coordinates":[[[5.3656132,43.2984179],[5.3655782,43.2984232],[5.3655821,43.2984478],[5.3655824,43.2984492],[5.3655495,43.2984529],[5.3655422,43.2984285],[5.365564,43.2984241],[5.3655644,43.2984227],[5.3655618,43.2984115],[5.3656101,43.2984068],[5.3656132,43.2984179]]]}},{"type":"Feature","properties":{"osm_id":"way/67716346","name":null,"building":"yes","highway":null,"tourism":null,"historic":null,"amenity":null,"height_m":10,"height_source":"default","levels":null,"source":"OpenStreetMap"},"geometry":{"type":"Polygon","coordinates":[[[5.3686651,43.297499],[5.3686595,43.2975003],[5.3685993,43.2975171],[5.3685839,43.2974806],[5.3685424,43.2974957],[5.368526,43.2974453],[5.3685284,43.2974452],[5.3685866,43.2974167],[5.3686297,43.2973956],[5.3686651,43.297499]]]}},{"type":"Feature","properties":{"osm_id":"way/67716350","name":null,"building":"yes","highway":null,"tourism":null,"historic":null,"amenity":null,"height_m":10,"height_source":"default","levels":null,"source":"OpenStreetMap"},"geometry":{"type":"Polygon","coordinates":[[[5.3688083,43.2986311],[5.3688111,43.2986291],[5.3688356,43.2986163],[5.3689093,43.2985801],[5.3689336,43.2986054],[5.3689458,43.2986181],[5.3689217,43.2986291],[5.3689209,43.2986274],[5.3688392,43.2986639],[5.3688083,43.2986311]]]}},{"type":"Feature","properties":{"osm_id":"way/67716354","name":null,"building":"yes","highway":null,"tourism":null,"historic":null,"amenity":null,"height_m":10,"height_source":"default","levels":null,"source":"OpenStreetMap"},"geometry":{"type":"Polygon","coordinates":[[[5.3681889,43.2991175],[5.3680829,43.2991408],[5.3680739,43.2991238],[5.3680608,43.2990957],[5.3681795,43.2990699],[5.3681854,43.2991],[5.3681889,43.2991175]]]}},{"type":"Feature","properties":{"osm_id":"way/67716361","name":null,"building":"yes","highway":null,"tourism":null,"historic":null,"amenity":null,"height_m":10,"height_source":"default","levels":null,"source":"OpenStreetMap"},"geometry":{"type":"Polygon","coordinates":[[[5.3672184,43.2982655],[5.3673087,43.2982392],[5.3673309,43.2982816],[5.3672354,43.298306],[5.3672184,43.2982655]]]}},{"type":"Feature","properties":{"osm_id":"way/67716365","name":null,"building":"yes","highway":null,"tourism":null,"historic":null,"amenity":null,"height_m":10,"height_source":"default","levels":null,"source":"OpenStreetMap"},"geometry":{"type":"Polygon","coordinates":[[[5.3663202,43.2991899],[5.3664969,43.2991727],[5.3665094,43.2992104],[5.3664356,43.299219],[5.3664399,43.2992404],[5.3663412,43.299251],[5.3663298,43.2992179],[5.3663202,43.2991899]]]}},{"type":"Feature","properties":{"osm_id":"way/67716368","name":null,"building":"yes","highway":null,"tourism":null,"historic":null,"amenity":null,"height_m":19.200000000000003,"height_source":"osm","levels":"6","source":"OpenStreetMap"},"geometry":{"type":"Polygon","coordinates":[[[5.3726705,43.2969257],[5.3726662,43.2968859],[5.3726588,43.2968161],[5.3727102,43.2968191],[5.3727601,43.296822],[5.3727674,43.2969071],[5.3727691,43.2969255],[5.3726705,43.2969257]]]}},{"type":"Feature","properties":{"osm_id":"way/67716371","name":null,"building":"yes","highway":null,"tourism":null,"historic":null,"amenity":null,"height_m":10,"height_source":"default","levels":null,"source":"OpenStreetMap"},"geometry":{"type":"Polygon","coordinates":[[[5.3653577,43.2979812],[5.3653558,43.2978956],[5.3654899,43.2978945],[5.3654902,43.2979377],[5.3654905,43.297978],[5.3653577,43.2979812]]]}},{"type":"Feature","properties":{"osm_id":"way/67716375","name":null,"building":"apartments","highway":null,"tourism":null,"historic":null,"amenity":null,"height_m":10,"height_source":"default","levels":null,"source":"OpenStreetMap"},"geometry":{"type":"Polygon","coordinates":[[[5.3698865,43.2994593],[5.3699283,43.2994572],[5.3699267,43.2994365],[5.3699434,43.2994358],[5.3700086,43.2994327],[5.3700114,43.2994474],[5.3700648,43.2994434],[5.3700776,43.2995508],[5.3699898,43.2995579],[5.3698978,43.2995653],[5.3698973,43.2995586],[5.3698997,43.299558],[5.369888,43.2994723],[5.3698869,43.2994632],[5.3698865,43.2994593]]]}},{"type":"Feature","properties":{"osm_id":"way/67716383","name":null,"building":"apartments","highway":null,"tourism":null,"historic":null,"amenity":null,"height_m":16,"height_source":"osm","levels":"5","source":"OpenStreetMap"},"geometry":{"type":"Polygon","coordinates":[[[5.3654897,43.2977529],[5.3653655,43.2977517],[5.3652924,43.297751],[5.3652933,43.2977252],[5.3652942,43.2976976],[5.3654968,43.2976968],[5.3654942,43.2977176],[5.3654897,43.2977529]]]}},{"type":"Feature","properties":{"osm_id":"way/67716387","name":null,"building":"apartments","highway":null,"tourism":null,"historic":null,"amenity":null,"height_m":9.600000000000001,"height_source":"osm","levels":"3","source":"OpenStreetMap"},"geometry":{"type":"Polygon","coordinates":[[[5.3687914,43.299266],[5.3687726,43.2991728],[5.3687687,43.2991505],[5.3687736,43.2991502],[5.3688433,43.2991482],[5.3688664,43.2992569],[5.3688203,43.2992625],[5.3687914,43.299266]]]}},{"type":"Feature","properties":{"osm_id":"way/67716393","name":"Bâtiment Georges Henri Rivière","building":"yes","highway":null,"tourism":null,"historic":null,"amenity":null,"height_m":10,"height_source":"osm","levels":null,"source":"OpenStreetMap"},"geometry":{"type":"Polygon","coordinates":[[[5.3615428,43.295339],[5.3615518,43.2953433],[5.3617164,43.2954212],[5.361725,43.2954253],[5.3615156,43.2956603],[5.3614527,43.2957308],[5.3612719,43.2956452],[5.3615428,43.295339]]]}},{"type":"Feature","properties":{"osm_id":"way/67716399","name":null,"building":"roof","highway":null,"tourism":null,"historic":null,"amenity":null,"height_m":10,"height_source":"default","levels":null,"source":"OpenStreetMap"},"geometry":{"type":"Polygon","coordinates":[[[5.3707541,43.2989932],[5.3707717,43.2990007],[5.3707108,43.2990766],[5.3706934,43.2990688],[5.3707541,43.2989932]]]}},{"type":"Feature","properties":{"osm_id":"way/67716410","name":null,"building":"office","highway":null,"tourism":null,"historic":null,"amenity":null,"height_m":10,"height_source":"default","levels":null,"source":"OpenStreetMap"},"geometry":{"type":"Polygon","coordinates":[[[5.3655526,43.2991166],[5.3656431,43.2991004],[5.3656484,43.2991114],[5.3658076,43.2990855],[5.3657471,43.2988652],[5.3655818,43.2988904],[5.365583,43.2989007],[5.3654918,43.298914],[5.3654625,43.2988216],[5.366039,43.2987455],[5.3660646,43.2988253],[5.3659524,43.2988401],[5.3660119,43.29906],[5.3661347,43.2990434],[5.3661638,43.2991342],[5.3661497,43.2991361],[5.3655957,43.2992177],[5.3655792,43.2992074],[5.3655526,43.2991166]]]}},{"type":"Feature","properties":{"osm_id":"way/67716411","name":null,"building":"apartments","highway":null,"tourism":null,"historic":null,"amenity":null,"height_m":22.400000000000002,"height_source":"osm","levels":"7","source":"OpenStreetMap"},"geometry":{"type":"Polygon","coordinates":[[[5.3653517,43.2962949],[5.3653285,43.2962669],[5.3654296,43.2962239],[5.3654505,43.296249],[5.3654959,43.2963037],[5.3656379,43.2963554],[5.3657412,43.2963929],[5.3658604,43.2964363],[5.3658876,43.2964462],[5.3658516,43.2965005],[5.365806,43.2964916],[5.365804,43.2964971],[5.3657677,43.2964896],[5.3657536,43.2965092],[5.3656833,43.2964831],[5.3656913,43.2964701],[5.3656221,43.2964443],[5.3656123,43.2964575],[5.365542,43.2964317],[5.3655513,43.2964183],[5.3654823,43.2963925],[5.3654716,43.2964068],[5.3653681,43.2963701],[5.3653878,43.2963421],[5.3653498,43.2962962],[5.3653517,43.2962949]]]}},{"type":"Feature","properties":{"osm_id":"way/67716413","name":null,"building":"yes","highway":null,"tourism":null,"historic":null,"amenity":null,"height_m":10,"height_source":"default","levels":null,"source":"OpenStreetMap"},"geometry":{"type":"Polygon","coordinates":[[[5.3726544,43.2967297],[5.3726642,43.2966679],[5.3726618,43.2966675],[5.3726673,43.29664],[5.3727204,43.296647],[5.3727063,43.2967364],[5.3726544,43.2967297]]]}},{"type":"Feature","properties":{"osm_id":"way/67716419","name":null,"building":"yes","highway":null,"tourism":null,"historic":null,"amenity":null,"height_m":10,"height_source":"default","levels":null,"source":"OpenStreetMap"},"geometry":{"type":"Polygon","coordinates":[[[5.365177,43.29806],[5.3651812,43.2980348],[5.3653139,43.2980314],[5.3653078,43.298057],[5.3653046,43.2980572],[5.3652771,43.2980594],[5.365177,43.29806]]]}},{"type":"Feature","properties":{"osm_id":"way/67716421","name":null,"building":"apartments","highway":null,"tourism":null,"historic":null,"amenity":null,"height_m":3.2,"height_source":"osm","levels":"1","source":"OpenStreetMap"},"geometry":{"type":"Polygon","coordinates":[[[5.3654058,43.2972253],[5.3654214,43.2971838],[5.365443,43.2971255],[5.3655546,43.297149],[5.3655528,43.2971552],[5.3656835,43.2971823],[5.3656738,43.2971998],[5.3655997,43.2972121],[5.3655484,43.2972188],[5.3654897,43.297224],[5.3654694,43.2972243],[5.3654058,43.2972253]]]}},{"type":"Feature","properties":{"osm_id":"way/67716433","name":null,"building":"yes","highway":null,"tourism":null,"historic":null,"amenity":null,"height_m":10,"height_source":"default","levels":null,"source":"OpenStreetMap"},"geometry":{"type":"Polygon","coordinates":[[[5.3676083,43.2980559],[5.3676221,43.2980505],[5.3676757,43.2980382],[5.3677024,43.298083],[5.3677032,43.2980843],[5.3676771,43.2980936],[5.3676328,43.2981059],[5.3676083,43.2980559]]]}},{"type":"Feature","properties":{"osm_id":"way/67716439","name":null,"building":"yes","highway":null,"tourism":null,"historic":null,"amenity":null,"height_m":10,"height_source":"default","levels":null,"source":"OpenStreetMap"},"geometry":{"type":"Polygon","coordinates":[[[5.3691479,43.2990346],[5.36913,43.2990036],[5.3691177,43.2990085],[5.369112,43.2989984],[5.3691051,43.2989844],[5.3691982,43.2989562],[5.3692151,43.2989809],[5.3692293,43.2990016],[5.3691479,43.2990346]]]}},{"type":"Feature","properties":{"osm_id":"way/67716441","name":null,"building":"yes","highway":null,"tourism":null,"historic":null,"amenity":null,"height_m":10,"height_source":"default","levels":null,"source":"OpenStreetMap"},"geometry":{"type":"Polygon","coordinates":[[[5.3687535,43.2982346],[5.368816,43.2982417],[5.3688077,43.2983301],[5.3688078,43.2983323],[5.3687888,43.2983305],[5.3687768,43.2983294],[5.3687643,43.2982839],[5.3687535,43.2982346]]]}},{"type":"Feature","properties":{"osm_id":"way/67716446","name":null,"building":"industrial","highway":null,"tourism":null,"historic":null,"amenity":null,"height_m":3,"height_source":"osm","levels":"1","source":"OpenStreetMap"},"geometry":{"type":"Polygon","coordinates":[[[5.3650301,43.2951963],[5.3650417,43.2951622],[5.3651013,43.2951731],[5.3650899,43.2952071],[5.3650301,43.2951963]]]}},{"type":"Feature","properties":{"osm_id":"way/67716448","name":null,"building":"yes","highway":null,"tourism":null,"historic":null,"amenity":null,"height_m":10,"height_source":"default","levels":null,"source":"OpenStreetMap"},"geometry":{"type":"Polygon","coordinates":[[[5.3690543,43.2981478],[5.3690643,43.2981093],[5.3690996,43.2981111],[5.369167,43.2980461],[5.3691605,43.2980416],[5.3691544,43.2980302],[5.3691581,43.2980182],[5.36917,43.2980098],[5.3691863,43.2980075],[5.3692077,43.2980171],[5.3692677,43.2979797],[5.3693666,43.2979887],[5.3693933,43.2979943],[5.3693987,43.298001],[5.3694,43.2980028],[5.3693516,43.2980242],[5.3692771,43.2980696],[5.3692665,43.298069],[5.3692374,43.2980925],[5.3692394,43.2980944],[5.3692389,43.2981011],[5.3691812,43.2981582],[5.3690543,43.2981478]]]}},{"type":"Feature","properties":{"osm_id":"way/67716451","name":null,"building":"yes","highway":null,"tourism":null,"historic":null,"amenity":null,"height_m":10,"height_source":"default","levels":null,"source":"OpenStreetMap"},"geometry":{"type":"Polygon","coordinates":[[[5.3686744,43.2994022],[5.3686702,43.2993582],[5.3686693,43.2993524],[5.3686673,43.2993525],[5.3686643,43.2993197],[5.3687076,43.299315],[5.368732,43.2993124],[5.3687348,43.2993957],[5.3686744,43.2994022]]]}},{"type":"Feature","properties":{"osm_id":"way/67716452","name":null,"building":"yes","highway":null,"tourism":null,"historic":null,"amenity":null,"height_m":22.400000000000002,"height_source":"osm","levels":"7","source":"OpenStreetMap"},"geometry":{"type":"Polygon","coordinates":[[[5.3710666,43.2992369],[5.3711301,43.2991575],[5.3711403,43.2991446],[5.3710264,43.2989514],[5.3710113,43.2989257],[5.3709699,43.2988556],[5.3709226,43.2987743],[5.3707499,43.2988265],[5.3707007,43.2987628],[5.3706523,43.2987695],[5.3706458,43.2987611],[5.3706216,43.2987292],[5.3709144,43.2986907],[5.3710569,43.298672],[5.3711153,43.2987723],[5.3712203,43.2989529],[5.3713332,43.2991469],[5.3712372,43.299266],[5.3711602,43.2993616],[5.3709672,43.2993731],[5.37095,43.2992457],[5.3710666,43.2992369]]]}},{"type":"Feature","properties":{"osm_id":"way/67716458","name":null,"building":"yes","highway":null,"tourism":null,"historic":null,"amenity":null,"height_m":10,"height_source":"default","levels":null,"source":"OpenStreetMap"},"geometry":{"type":"Polygon","coordinates":[[[5.3666704,43.2993165],[5.3667673,43.2993037],[5.3667763,43.2993447],[5.3666821,43.2993518],[5.3666748,43.2993297],[5.3666704,43.2993165]]]}},{"type":"Feature","properties":{"osm_id":"way/67716459","name":null,"building":"apartments","highway":null,"tourism":null,"historic":null,"amenity":null,"height_m":10,"height_source":"default","levels":null,"source":"OpenStreetMap"},"geometry":{"type":"Polygon","coordinates":[[[5.3668627,43.2969041],[5.3668388,43.297026],[5.3667829,43.2970273],[5.3667613,43.2970277],[5.3667411,43.2970284],[5.3667316,43.2969302],[5.3668027,43.296916],[5.3668627,43.2969041]]]}},{"type":"Feature","properties":{"osm_id":"way/67716464","name":null,"building":"yes","highway":null,"tourism":null,"historic":null,"amenity":null,"height_m":10,"height_source":"default","levels":null,"source":"OpenStreetMap"},"geometry":{"type":"Polygon","coordinates":[[[5.3728277,43.2965868],[5.3728413,43.2965345],[5.3729102,43.2965272],[5.3729741,43.2965204],[5.3729847,43.2965833],[5.3728277,43.2965868]]]}},{"type":"Feature","properties":{"osm_id":"way/67716471","name":null,"building":"yes","highway":null,"tourism":null,"historic":null,"amenity":null,"height_m":10,"height_source":"default","levels":null,"source":"OpenStreetMap"},"geometry":{"type":"Polygon","coordinates":[[[5.3655494,43.2980092],[5.365584,43.2980078],[5.3656633,43.2980045],[5.3656631,43.2980509],[5.365531,43.2980568],[5.3655388,43.2980366],[5.3655494,43.2980092]]]}},{"type":"Feature","properties":{"osm_id":"way/67716497","name":null,"building":"apartments","highway":null,"tourism":null,"historic":null,"amenity":null,"height_m":10,"height_source":"default","levels":null,"source":"OpenStreetMap"},"geometry":{"type":"Polygon","coordinates":[[[5.3660149,43.2982843],[5.3661495,43.2982648],[5.3661582,43.2982868],[5.3661728,43.2983343],[5.3660385,43.2983542],[5.3660243,43.2983121],[5.3660149,43.2982843]]]}},{"type":"Feature","properties":{"osm_id":"way/67716503","name":null,"building":"yes","highway":null,"tourism":null,"historic":null,"amenity":null,"height_m":10,"height_source":"default","levels":null,"source":"OpenStreetMap"},"geometry":{"type":"Polygon","coordinates":[[[5.3672738,43.2978191],[5.3673767,43.2978105],[5.3673946,43.2978473],[5.3672952,43.2978606],[5.3672811,43.2978333],[5.3672738,43.2978191]]]}},{"type":"Feature","properties":{"osm_id":"way/67716520","name":null,"building":"yes","highway":null,"tourism":null,"historic":null,"amenity":null,"height_m":10,"height_source":"default","levels":null,"source":"OpenStreetMap"},"geometry":{"type":"Polygon","coordinates":[[[5.3686932,43.297036],[5.3686607,43.2970328],[5.3686786,43.2969392],[5.3687105,43.2969418],[5.3687092,43.2969453],[5.3686932,43.297036]]]}},{"type":"Feature","properties":{"osm_id":"way/67716537","name":null,"building":"yes","highway":null,"tourism":null,"historic":null,"amenity":null,"height_m":10,"height_source":"default","levels":null,"source":"OpenStreetMap"},"geometry":{"type":"Polygon","coordinates":[[[5.3706141,43.2973953],[5.3706437,43.2973984],[5.370697,43.2974039],[5.3707442,43.2974088],[5.3707943,43.297414],[5.3708416,43.297419],[5.3708975,43.2974248],[5.3709539,43.2974307],[5.371005,43.297436],[5.3710452,43.2974402],[5.3710919,43.297445],[5.3711335,43.2974494],[5.3711755,43.2974537],[5.3712192,43.2974583],[5.3712653,43.2974631],[5.3713028,43.297467],[5.3713348,43.2974703],[5.3713242,43.2975252],[5.3712372,43.2975162],[5.3706895,43.29746],[5.370603,43.2974511],[5.3706093,43.2974196],[5.3706141,43.2973953]]]}},{"type":"Feature","properties":{"osm_id":"way/67716546","name":null,"building":"apartments","highway":null,"tourism":null,"historic":null,"amenity":null,"height_m":9.600000000000001,"height_source":"osm","levels":"3","source":"OpenStreetMap"},"geometry":{"type":"Polygon","coordinates":[[[5.3689342,43.2988288],[5.3689572,43.2988715],[5.368953,43.2988714],[5.3689431,43.2988725],[5.3689339,43.2988754],[5.368926,43.2988802],[5.3688675,43.2988934],[5.3688421,43.2988494],[5.3688992,43.298835],[5.3689342,43.2988288]]]}},{"type":"Feature","properties":{"osm_id":"way/67716558","name":null,"building":"yes","highway":null,"tourism":null,"historic":null,"amenity":null,"height_m":12.8,"height_source":"osm","levels":"4","source":"OpenStreetMap"},"geometry":{"type":"Polygon","coordinates":[[[5.3676814,43.299267],[5.3676154,43.2992743],[5.3676138,43.2992726],[5.3676096,43.2992512],[5.3676768,43.2992438],[5.3676814,43.299267]]]}},{"type":"Feature","properties":{"osm_id":"way/67716563","name":null,"building":"yes","highway":null,"tourism":null,"historic":null,"amenity":null,"height_m":10,"height_source":"default","levels":null,"source":"OpenStreetMap"},"geometry":{"type":"Polygon","coordinates":[[[5.3672703,43.2964725],[5.367282,43.2964095],[5.3674267,43.2964241],[5.3674189,43.2964637],[5.3674073,43.2965226],[5.3673986,43.2965668],[5.3673892,43.2966148],[5.3673847,43.2966376],[5.3671549,43.2966132],[5.3671745,43.2965203],[5.367186,43.2965215],[5.3672593,43.2965292],[5.3672703,43.2964725]]]}},{"type":"Feature","properties":{"osm_id":"way/67716574","name":null,"building":"apartments","highway":null,"tourism":null,"historic":null,"amenity":null,"height_m":10,"height_source":"default","levels":null,"source":"OpenStreetMap"},"geometry":{"type":"Polygon","coordinates":[[[5.3682576,43.2992632],[5.3683226,43.2992548],[5.3683353,43.2993104],[5.3682699,43.2993167],[5.3682615,43.29928],[5.3682576,43.2992632]]]}},{"type":"Feature","properties":{"osm_id":"way/67716576","name":null,"building":"yes","highway":null,"tourism":null,"historic":null,"amenity":null,"height_m":10,"height_source":"default","levels":null,"source":"OpenStreetMap"},"geometry":{"type":"Polygon","coordinates":[[[5.3649316,43.2983176],[5.3650438,43.2983134],[5.3650439,43.2983161],[5.365049,43.2983388],[5.3650578,43.2983712],[5.3649495,43.2983797],[5.3649369,43.2983362],[5.3649316,43.2983176]]]}},{"type":"Feature","properties":{"osm_id":"way/67716581","name":null,"building":"yes","highway":null,"tourism":null,"historic":null,"amenity":null,"height_m":12.8,"height_source":"osm","levels":"4","source":"OpenStreetMap"},"geometry":{"type":"Polygon","coordinates":[[[5.3683945,43.297276],[5.3684256,43.297209],[5.3685308,43.2972455],[5.3685131,43.2972852],[5.3685018,43.2973105],[5.3683945,43.297276]]]}},{"type":"Feature","properties":{"osm_id":"way/67716595","name":null,"building":"apartments","highway":null,"tourism":null,"historic":null,"amenity":null,"height_m":12.8,"height_source":"osm","levels":"4","source":"OpenStreetMap"},"geometry":{"type":"Polygon","coordinates":[[[5.3653547,43.2956609],[5.3652403,43.2956404],[5.3652798,43.2955368],[5.3653117,43.2955427],[5.3653549,43.2955506],[5.3654006,43.295559],[5.3654348,43.2955653],[5.3654815,43.2955739],[5.3655108,43.2955793],[5.3655534,43.2955872],[5.3655871,43.2955934],[5.3656269,43.2956007],[5.3656626,43.2956073],[5.3657031,43.2956147],[5.3657413,43.2956218],[5.3657814,43.2956292],[5.365816,43.2956355],[5.3658536,43.2956425],[5.3658888,43.295649],[5.3659254,43.2956557],[5.3659637,43.2956627],[5.3660015,43.2956697],[5.3660306,43.2956751],[5.3660707,43.2956825],[5.3661103,43.2956897],[5.3661451,43.2956962],[5.366185,43.2957035],[5.3662179,43.2957096],[5.3662377,43.2957132],[5.3661678,43.2958962],[5.3660912,43.2958808],[5.3659058,43.2958435],[5.3657413,43.2958104],[5.3654453,43.2957508],[5.3654533,43.2957294],[5.3653379,43.295708],[5.3653547,43.2956609]]]}},{"type":"Feature","properties":{"osm_id":"way/67716608","name":null,"building":"apartments","highway":null,"tourism":null,"historic":null,"amenity":null,"height_m":10,"height_source":"default","levels":null,"source":"OpenStreetMap"},"geometry":{"type":"Polygon","coordinates":[[[5.3657442,43.2982279],[5.3657498,43.2982506],[5.3656832,43.2982627],[5.3656858,43.2982157],[5.3657073,43.2982103],[5.3657304,43.2982066],[5.3657336,43.2982055],[5.3657496,43.2982009],[5.3657666,43.2981976],[5.3659073,43.2981686],[5.3659188,43.2982057],[5.3659231,43.2982196],[5.3657824,43.298245],[5.3657748,43.2982219],[5.3657442,43.2982279]]]}},{"type":"Feature","properties":{"osm_id":"way/67716613","name":null,"building":"yes","highway":null,"tourism":null,"historic":null,"amenity":null,"height_m":10,"height_source":"default","levels":null,"source":"OpenStreetMap"},"geometry":{"type":"Polygon","coordinates":[[[5.3650802,43.2981622],[5.3650821,43.2981788],[5.3650679,43.2981792],[5.365066,43.298163],[5.3650802,43.2981622]]]}},{"type":"Feature","properties":{"osm_id":"way/67716626","name":null,"building":"yes","highway":null,"tourism":null,"historic":null,"amenity":null,"height_m":10,"height_source":"default","levels":null,"source":"OpenStreetMap"},"geometry":{"type":"Polygon","coordinates":[[[5.3688308,43.298006],[5.3687879,43.2978203],[5.3688326,43.2978141],[5.3688425,43.2978475],[5.368882,43.2978604],[5.3688856,43.2978609],[5.3689571,43.2978553],[5.3689706,43.2979306],[5.3689889,43.2979287],[5.3689939,43.2979553],[5.3689737,43.2979538],[5.3688932,43.2979476],[5.36889,43.2979477],[5.368895,43.2979994],[5.3688308,43.298006]]]}},{"type":"Feature","properties":{"osm_id":"way/67716630","name":"Centre social Baussenque","building":"yes","highway":null,"tourism":null,"historic":null,"amenity":"community_centre","height_m":10,"height_source":"default","levels":null,"source":"OpenStreetMap"},"geometry":{"type":"Polygon","coordinates":[[[5.3671726,43.2991037],[5.3671829,43.2991016],[5.3672051,43.2990972],[5.3672172,43.2991439],[5.3672317,43.2991999],[5.3670822,43.2992207],[5.3670803,43.2992214],[5.3670772,43.2992103],[5.3669424,43.2992303],[5.366932,43.2991978],[5.3669142,43.2991426],[5.3671726,43.2991037]]]}},{"type":"Feature","properties":{"osm_id":"way/67716644","name":null,"building":"yes","highway":null,"tourism":null,"historic":null,"amenity":null,"height_m":22.400000000000002,"height_source":"osm","levels":"7","source":"OpenStreetMap"},"geometry":{"type":"Polygon","coordinates":[[[5.3717093,43.2987622],[5.3717894,43.2986628],[5.37196,43.2987372],[5.3719121,43.2987959],[5.371878,43.2988377],[5.3717093,43.2987622]]]}},{"type":"Feature","properties":{"osm_id":"way/67716650","name":null,"building":"yes","highway":null,"tourism":null,"historic":"manor","amenity":null,"height_m":10,"height_source":"default","levels":null,"source":"OpenStreetMap"},"geometry":{"type":"Polygon","coordinates":[[[5.3674181,43.2992751],[5.3674861,43.2992731],[5.3675114,43.29937],[5.3674623,43.2993711],[5.3674413,43.2993716],[5.3674181,43.2992751]]]}},{"type":"Feature","properties":{"osm_id":"way/67716660","name":null,"building":"yes","highway":null,"tourism":null,"historic":null,"amenity":null,"height_m":10,"height_source":"default","levels":null,"source":"OpenStreetMap"},"geometry":{"type":"Polygon","coordinates":[[[5.368347,43.2991485],[5.3683653,43.2991456],[5.3683823,43.2991437],[5.3684091,43.2991402],[5.3684185,43.2991857],[5.3683859,43.2991909],[5.3683559,43.2991936],[5.368347,43.2991485]]]}},{"type":"Feature","properties":{"osm_id":"way/67716665","name":null,"building":"yes","highway":null,"tourism":null,"historic":null,"amenity":null,"height_m":10,"height_source":"default","levels":null,"source":"OpenStreetMap"},"geometry":{"type":"Polygon","coordinates":[[[5.3681347,43.2975209],[5.3681625,43.2975183],[5.3682016,43.2975155],[5.3682124,43.2974573],[5.3682926,43.2974792],[5.3682691,43.2976088],[5.3681901,43.2976146],[5.3681515,43.2976174],[5.368135,43.2975231],[5.3681347,43.2975209]]]}},{"type":"Feature","properties":{"osm_id":"way/67716683","name":null,"building":"yes","highway":null,"tourism":null,"historic":null,"amenity":null,"height_m":10,"height_source":"default","levels":null,"source":"OpenStreetMap"},"geometry":{"type":"Polygon","coordinates":[[[5.3676536,43.2985782],[5.3677912,43.2985432],[5.3677896,43.2985396],[5.3677933,43.2985394],[5.367814,43.2985868],[5.367796,43.2985907],[5.3676843,43.2986193],[5.3676851,43.2986219],[5.3676762,43.2986234],[5.3676614,43.2985939],[5.3676536,43.2985782]]]}},{"type":"Feature","properties":{"osm_id":"way/67716688","name":null,"building":"yes","highway":null,"tourism":null,"historic":null,"amenity":null,"height_m":10,"height_source":"default","levels":null,"source":"OpenStreetMap"},"geometry":{"type":"Polygon","coordinates":[[[5.3665151,43.2979241],[5.3666027,43.2979125],[5.3666094,43.2979391],[5.3666227,43.2979922],[5.3665351,43.2980038],[5.3665222,43.2979526],[5.3665151,43.2979241]]]}},{"type":"Feature","properties":{"osm_id":"way/67716694","name":null,"building":"apartments","highway":null,"tourism":null,"historic":null,"amenity":null,"height_m":10,"height_source":"default","levels":null,"source":"OpenStreetMap"},"geometry":{"type":"Polygon","coordinates":[[[5.3658694,43.2986351],[5.3658592,43.2986366],[5.3658336,43.29864],[5.3657816,43.29865],[5.3657641,43.298591],[5.3657868,43.2985878],[5.3658155,43.2985842],[5.365851,43.2985779],[5.3658544,43.298589],[5.3660353,43.2985603],[5.3660451,43.2985894],[5.3660503,43.298605],[5.3658694,43.2986351]]]}},{"type":"Feature","properties":{"osm_id":"way/67716699","name":null,"building":"yes","highway":null,"tourism":null,"historic":null,"amenity":null,"height_m":10,"height_source":"default","levels":null,"source":"OpenStreetMap"},"geometry":{"type":"Polygon","coordinates":[[[5.3684778,43.2980817],[5.3683452,43.2981327],[5.3683368,43.2981356],[5.368319,43.2981092],[5.3683105,43.2980965],[5.3683137,43.2980958],[5.3684511,43.2980441],[5.3684738,43.2980761],[5.3684778,43.2980817]]]}},{"type":"Feature","properties":{"osm_id":"way/67716704","name":null,"building":"yes","highway":null,"tourism":null,"historic":null,"amenity":null,"height_m":10,"height_source":"default","levels":null,"source":"OpenStreetMap"},"geometry":{"type":"Polygon","coordinates":[[[5.367163,43.2989718],[5.367231,43.2989592],[5.367233,43.2989716],[5.3672653,43.2990596],[5.3672311,43.299065],[5.3671948,43.2990707],[5.367163,43.2989718]]]}},{"type":"Feature","properties":{"osm_id":"way/67716726","name":null,"building":"yes","highway":null,"tourism":null,"historic":null,"amenity":null,"height_m":10,"height_source":"default","levels":null,"source":"OpenStreetMap"},"geometry":{"type":"Polygon","coordinates":[[[5.368008,43.2987662],[5.3680249,43.2988175],[5.368014,43.2988191],[5.3680294,43.2988624],[5.3679602,43.298878],[5.3679432,43.2988813],[5.3679265,43.2988485],[5.3679452,43.298845],[5.3679353,43.2988231],[5.367937,43.2988221],[5.3679722,43.2988158],[5.3679561,43.298773],[5.3679826,43.2987695],[5.368008,43.2987662]]]}},{"type":"Feature","properties":{"osm_id":"way/67716736","name":null,"building":"yes","highway":null,"tourism":null,"historic":null,"amenity":null,"height_m":10,"height_source":"default","levels":null,"source":"OpenStreetMap"},"geometry":{"type":"Polygon","coordinates":[[[5.3677046,43.2992286],[5.3678011,43.2992195],[5.3678117,43.2992568],[5.3677763,43.2992598],[5.3677138,43.2992641],[5.3677046,43.2992286]]]}},{"type":"Feature","properties":{"osm_id":"way/67716738","name":null,"building":"yes","highway":null,"tourism":null,"historic":null,"amenity":null,"height_m":10,"height_source":"default","levels":null,"source":"OpenStreetMap"},"geometry":{"type":"Polygon","coordinates":[[[5.3667834,43.2980426],[5.3668329,43.2981456],[5.3667809,43.2981546],[5.3667297,43.2980481],[5.3667643,43.2980446],[5.3667834,43.2980426]]]}},{"type":"Feature","properties":{"osm_id":"way/67716739","name":null,"building":"yes","highway":null,"tourism":null,"historic":null,"amenity":null,"height_m":10,"height_source":"default","levels":null,"source":"OpenStreetMap"},"geometry":{"type":"Polygon","coordinates":[[[5.3674872,43.2974534],[5.3674465,43.297524],[5.3674031,43.2975109],[5.3673907,43.2975059],[5.3674364,43.2974357],[5.3674711,43.2974478],[5.3674872,43.2974534]]]}},{"type":"Feature","properties":{"osm_id":"way/67716748","name":null,"building":"roof","highway":null,"tourism":null,"historic":null,"amenity":null,"height_m":10,"height_source":"default","levels":null,"source":"OpenStreetMap"},"geometry":{"type":"Polygon","coordinates":[[[5.3667613,43.2970277],[5.3667829,43.2970273],[5.3667831,43.2970345],[5.3667827,43.2970368],[5.3667625,43.2970375],[5.3667613,43.2970277]]]}},{"type":"Feature","properties":{"osm_id":"way/67716760","name":null,"building":"yes","highway":null,"tourism":null,"historic":null,"amenity":null,"height_m":10,"height_source":"default","levels":null,"source":"OpenStreetMap"},"geometry":{"type":"Polygon","coordinates":[[[5.3663791,43.2977435],[5.3663917,43.2978463],[5.3663377,43.2978496],[5.366337,43.2978442],[5.3663219,43.2977462],[5.36636,43.2977444],[5.3663791,43.2977435]]]}},{"type":"Feature","properties":{"osm_id":"way/67716768","name":null,"building":"yes","highway":null,"tourism":null,"historic":null,"amenity":null,"height_m":10,"height_source":"default","levels":null,"source":"OpenStreetMap"},"geometry":{"type":"Polygon","coordinates":[[[5.362287,43.2948379],[5.3622949,43.2948665],[5.362268,43.2948705],[5.3622814,43.2949308],[5.3622213,43.2949384],[5.3622015,43.2949562],[5.3621933,43.2949509],[5.3621878,43.2948926],[5.3621482,43.2947711],[5.3624368,43.2947369],[5.3624382,43.2947431],[5.3624416,43.2947582],[5.3624482,43.294787],[5.3624557,43.2948203],[5.3624138,43.2948256],[5.3623645,43.2948319],[5.362309,43.2948391],[5.3623069,43.2948348],[5.362287,43.2948379]]]}},{"type":"Feature","properties":{"osm_id":"way/67716780","name":null,"building":"yes","highway":null,"tourism":null,"historic":null,"amenity":null,"height_m":10,"height_source":"default","levels":null,"source":"OpenStreetMap"},"geometry":{"type":"Polygon","coordinates":[[[5.3684098,43.2983753],[5.3684872,43.2983395],[5.3684985,43.2983514],[5.3685333,43.2983912],[5.3684607,43.2984304],[5.3684276,43.2983946],[5.3684098,43.2983753]]]}},{"type":"Feature","properties":{"osm_id":"way/67716788","name":null,"building":"yes","highway":null,"tourism":null,"historic":null,"amenity":null,"height_m":10,"height_source":"default","levels":null,"source":"OpenStreetMap"},"geometry":{"type":"Polygon","coordinates":[[[5.3683115,43.2981452],[5.3683368,43.2981356],[5.3683452,43.2981327],[5.3683556,43.2981534],[5.3683218,43.2981663],[5.3683115,43.2981452]]]}},{"type":"Feature","properties":{"osm_id":"way/67716800","name":null,"building":"apartments","highway":null,"tourism":null,"historic":null,"amenity":null,"height_m":10,"height_source":"default","levels":null,"source":"OpenStreetMap"},"geometry":{"type":"Polygon","coordinates":[[[5.3680488,43.2994735],[5.3680397,43.2993738],[5.3680958,43.2993692],[5.3681009,43.2994681],[5.3680488,43.2994735]]]}},{"type":"Feature","properties":{"osm_id":"way/67716802","name":null,"building":"yes","highway":null,"tourism":null,"historic":null,"amenity":null,"height_m":10,"height_source":"default","levels":null,"source":"OpenStreetMap"},"geometry":{"type":"Polygon","coordinates":[[[5.3669517,43.2990259],[5.3670184,43.2990165],[5.3670413,43.2990959],[5.3670082,43.2991015],[5.3669757,43.2991071],[5.3669517,43.2990259]]]}},{"type":"Feature","properties":{"osm_id":"way/67716807","name":null,"building":"yes","highway":null,"tourism":null,"historic":null,"amenity":null,"height_m":3.2,"height_source":"osm","levels":"1","source":"OpenStreetMap"},"geometry":{"type":"Polygon","coordinates":[[[5.3733766,43.2966565],[5.3733725,43.2966332],[5.3734686,43.2966244],[5.3734735,43.2966487],[5.3733766,43.2966565]]]}},{"type":"Feature","properties":{"osm_id":"way/67716812","name":null,"building":"apartments","highway":null,"tourism":null,"historic":null,"amenity":null,"height_m":10,"height_source":"default","levels":null,"source":"OpenStreetMap"},"geometry":{"type":"Polygon","coordinates":[[[5.3663309,43.2982682],[5.3664474,43.2982479],[5.366464,43.2982901],[5.366464,43.2982924],[5.3663947,43.2983031],[5.3663456,43.2983106],[5.3663309,43.2982682]]]}},{"type":"Feature","properties":{"osm_id":"way/67716813","name":null,"building":"yes","highway":null,"tourism":null,"historic":null,"amenity":null,"height_m":10,"height_source":"default","levels":null,"source":"OpenStreetMap"},"geometry":{"type":"Polygon","coordinates":[[[5.3673714,43.2974135],[5.3673164,43.2975158],[5.3673011,43.2975109],[5.3672551,43.2974983],[5.3673225,43.2973967],[5.3673714,43.2974135]]]}},{"type":"Feature","properties":{"osm_id":"way/67716833","name":null,"building":"yes","highway":null,"tourism":null,"historic":null,"amenity":null,"height_m":10,"height_source":"default","levels":null,"source":"OpenStreetMap"},"geometry":{"type":"Polygon","coordinates":[[[5.3674574,43.2982991],[5.3673532,43.29832],[5.3673309,43.2982816],[5.3674367,43.2982601],[5.3674492,43.2982836],[5.3674574,43.2982991]]]}},{"type":"Feature","properties":{"osm_id":"way/67716835","name":null,"building":"yes","highway":null,"tourism":null,"historic":null,"amenity":null,"height_m":10,"height_source":"default","levels":null,"source":"OpenStreetMap"},"geometry":{"type":"Polygon","coordinates":[[[5.3663706,43.2976891],[5.3663684,43.2976833],[5.3664222,43.2976813],[5.3664232,43.2977075],[5.3663716,43.2977088],[5.3663706,43.2976891]]]}},{"type":"Feature","properties":{"osm_id":"way/67716852","name":null,"building":"yes","highway":null,"tourism":null,"historic":null,"amenity":null,"height_m":10,"height_source":"default","levels":null,"source":"OpenStreetMap"},"geometry":{"type":"Polygon","coordinates":[[[5.3681342,43.2980673],[5.368194,43.2980455],[5.3682259,43.2980855],[5.368169,43.2981066],[5.368145,43.2980795],[5.3681342,43.2980673]]]}},{"type":"Feature","properties":{"osm_id":"way/67716853","name":null,"building":"yes","highway":null,"tourism":null,"historic":null,"amenity":null,"height_m":10,"height_source":"default","levels":null,"source":"OpenStreetMap"},"geometry":{"type":"Polygon","coordinates":[[[5.3694,43.2980028],[5.3693987,43.298001],[5.3694054,43.2979968],[5.3694102,43.2980021],[5.3694031,43.2980063],[5.3694,43.2980028]]]}},{"type":"Feature","properties":{"osm_id":"way/67716856","name":null,"building":"apartments","highway":null,"tourism":null,"historic":null,"amenity":null,"height_m":12.8,"height_source":"osm","levels":"4","source":"OpenStreetMap"},"geometry":{"type":"Polygon","coordinates":[[[5.3690207,43.2994043],[5.3690137,43.2992873],[5.3690435,43.2992859],[5.3690753,43.2992844],[5.3690854,43.2994002],[5.3690207,43.2994043]]]}},{"type":"Feature","properties":{"osm_id":"way/67716858","name":null,"building":"apartments","highway":null,"tourism":null,"historic":null,"amenity":null,"height_m":19.200000000000003,"height_source":"osm","levels":"6","source":"OpenStreetMap"},"geometry":{"type":"Polygon","coordinates":[[[5.3681326,43.2960159],[5.3681641,43.2960193],[5.3682032,43.2960234],[5.3682421,43.2960276],[5.3682783,43.2960314],[5.3683212,43.296036],[5.3683595,43.2960401],[5.3683993,43.2960443],[5.3684119,43.2960456],[5.36845,43.2960497],[5.3685018,43.2960552],[5.3685345,43.2960587],[5.3685764,43.2960632],[5.3686086,43.2960666],[5.3686467,43.2960706],[5.3686824,43.2960744],[5.3687178,43.2960782],[5.3687463,43.2960812],[5.3687675,43.2960835],[5.3687363,43.2962467],[5.3686516,43.2962377],[5.3684264,43.296214],[5.3682007,43.2961901],[5.3680993,43.2961794],[5.3681326,43.2960159]]]}},{"type":"Feature","properties":{"osm_id":"way/67716873","name":null,"building":"yes","highway":null,"tourism":null,"historic":null,"amenity":null,"height_m":10,"height_source":"default","levels":null,"source":"OpenStreetMap"},"geometry":{"type":"Polygon","coordinates":[[[5.3634873,43.2955722],[5.3634728,43.2955701],[5.363422,43.2955677],[5.3633696,43.2955728],[5.3633137,43.2955878],[5.3632621,43.2956091],[5.3632113,43.295636],[5.3631777,43.2955954],[5.3630948,43.2954989],[5.3631053,43.2954854],[5.3631471,43.2954414],[5.3631965,43.2954018],[5.3632531,43.2953672],[5.3633481,43.2953244],[5.3634959,43.2955054],[5.36349,43.2955417],[5.3634878,43.2955603],[5.3634873,43.2955722]]]}},{"type":"Feature","properties":{"osm_id":"way/67716875","name":null,"building":"yes","highway":null,"tourism":null,"historic":null,"amenity":null,"height_m":10,"height_source":"default","levels":null,"source":"OpenStreetMap"},"geometry":{"type":"Polygon","coordinates":[[[5.3720932,43.2974174],[5.3721033,43.2974173],[5.3721046,43.2974438],[5.3722139,43.2974911],[5.3721865,43.2975246],[5.3721574,43.2975602],[5.3720262,43.2975037],[5.3720189,43.2974179],[5.3720932,43.2974174]]]}},{"type":"Feature","properties":{"osm_id":"way/67716878","name":null,"building":"apartments","highway":null,"tourism":null,"historic":null,"amenity":null,"height_m":10,"height_source":"default","levels":null,"source":"OpenStreetMap"},"geometry":{"type":"Polygon","coordinates":[[[5.366382,43.2984276],[5.3665073,43.2984095],[5.3665341,43.2984065],[5.3665453,43.2984491],[5.366528,43.2984512],[5.3663957,43.298471],[5.3663882,43.2984473],[5.366382,43.2984276]]]}},{"type":"Feature","properties":{"osm_id":"way/67716879","name":null,"building":"yes","highway":null,"tourism":null,"historic":null,"amenity":null,"height_m":10,"height_source":"default","levels":null,"source":"OpenStreetMap"},"geometry":{"type":"Polygon","coordinates":[[[5.367071,43.2972487],[5.3671029,43.297245],[5.3671037,43.2972594],[5.3670723,43.2972635],[5.367071,43.2972487]]]}},{"type":"Feature","properties":{"osm_id":"way/67716891","name":null,"building":"yes","highway":null,"tourism":null,"historic":null,"amenity":null,"height_m":10,"height_source":"default","levels":null,"source":"OpenStreetMap"},"geometry":{"type":"Polygon","coordinates":[[[5.3657297,43.2981944],[5.3657448,43.2981913],[5.3657496,43.2982009],[5.3657336,43.2982055],[5.3657297,43.2981944]]]}},{"type":"Feature","properties":{"osm_id":"way/67716893","name":null,"building":"yes","highway":null,"tourism":null,"historic":null,"amenity":null,"height_m":10,"height_source":"default","levels":null,"source":"OpenStreetMap"},"geometry":{"type":"Polygon","coordinates":[[[5.3683553,43.297492],[5.3683816,43.29742],[5.3684515,43.2974318],[5.3684231,43.2975108],[5.3684204,43.2975101],[5.36839,43.2975029],[5.3683909,43.2975006],[5.3683553,43.297492]]]}},{"type":"Feature","properties":{"osm_id":"way/67716894","name":null,"building":"yes","highway":null,"tourism":null,"historic":null,"amenity":null,"height_m":6.4,"height_source":"osm","levels":"2","source":"OpenStreetMap"},"geometry":{"type":"Polygon","coordinates":[[[5.3705672,43.2980436],[5.3705512,43.2980175],[5.3706297,43.2979932],[5.3706375,43.2980075],[5.3706437,43.2980191],[5.3705672,43.2980436]]]}},{"type":"Feature","properties":{"osm_id":"way/67716907","name":null,"building":"apartments","highway":null,"tourism":null,"historic":null,"amenity":null,"height_m":19.200000000000003,"height_source":"osm","levels":"6","source":"OpenStreetMap"},"geometry":{"type":"Polygon","coordinates":[[[5.3705822,43.2969767],[5.3705738,43.2970193],[5.3705651,43.2970637],[5.370564,43.2970692],[5.3704238,43.297055],[5.3704333,43.2970052],[5.3704414,43.296963],[5.370449,43.2969255],[5.3704555,43.2968935],[5.3704635,43.2968541],[5.370469,43.2968266],[5.3704779,43.2967825],[5.3704837,43.2967539],[5.3704881,43.2967323],[5.3704923,43.2967115],[5.3704967,43.2966897],[5.3705023,43.2966622],[5.370508,43.2966628],[5.3705919,43.2966716],[5.3706418,43.2966768],[5.370635,43.296711],[5.3706295,43.2967388],[5.3706225,43.2967738],[5.3706168,43.2968027],[5.370611,43.2968318],[5.3706051,43.2968613],[5.3705985,43.2968948],[5.3705919,43.2969281],[5.3705863,43.2969559],[5.3705822,43.2969767]]]}},{"type":"Feature","properties":{"osm_id":"way/67716910","name":null,"building":"yes","highway":null,"tourism":null,"historic":null,"amenity":null,"height_m":10,"height_source":"default","levels":null,"source":"OpenStreetMap"},"geometry":{"type":"Polygon","coordinates":[[[5.3655511,43.2978469],[5.3656084,43.297846],[5.3656756,43.2978455],[5.3656838,43.2979051],[5.365549,43.2979102],[5.3655502,43.2978735],[5.3655511,43.2978469]]]}},{"type":"Feature","properties":{"osm_id":"way/67716918","name":null,"building":"yes","highway":null,"tourism":null,"historic":null,"amenity":null,"height_m":10,"height_source":"default","levels":null,"source":"OpenStreetMap"},"geometry":{"type":"Polygon","coordinates":[[[5.3661382,43.2973426],[5.3661485,43.2974372],[5.3661518,43.297464],[5.3660776,43.29747],[5.3660691,43.2974705],[5.3660547,43.2973847],[5.3660506,43.2973864],[5.3660485,43.2973693],[5.3661072,43.2973518],[5.3661382,43.2973426]]]}},{"type":"Feature","properties":{"osm_id":"way/67716922","name":null,"building":"yes","highway":null,"tourism":null,"historic":null,"amenity":null,"height_m":22.400000000000002,"height_source":"osm","levels":"7","source":"OpenStreetMap"},"geometry":{"type":"Polygon","coordinates":[[[5.3730208,43.2971465],[5.373198,43.2972229],[5.3731141,43.2973251],[5.3730402,43.2974151],[5.3728649,43.2973392],[5.3729056,43.2972889],[5.372916,43.297276],[5.3729918,43.2971823],[5.3730013,43.2971707],[5.3730208,43.2971465]]]}},{"type":"Feature","properties":{"osm_id":"way/67716927","name":null,"building":"apartments","highway":null,"tourism":null,"historic":null,"amenity":null,"height_m":10,"height_source":"default","levels":null,"source":"OpenStreetMap"},"geometry":{"type":"Polygon","coordinates":[[[5.3668446,43.2982749],[5.366888,43.2982695],[5.3669099,43.2982668],[5.3669505,43.298361],[5.3668756,43.2983718],[5.3668446,43.2982749]]]}},{"type":"Feature","properties":{"osm_id":"way/67716932","name":null,"building":"apartments","highway":null,"tourism":null,"historic":null,"amenity":null,"height_m":10,"height_source":"default","levels":null,"source":"OpenStreetMap"},"geometry":{"type":"Polygon","coordinates":[[[5.3700776,43.2995508],[5.3700648,43.2994434],[5.3700637,43.2994277],[5.3700633,43.2994245],[5.3700081,43.2994278],[5.3700013,43.2993725],[5.3700856,43.2993691],[5.3700998,43.2993685],[5.3701019,43.2993842],[5.3701036,43.299385],[5.3701178,43.2993858],[5.3701328,43.299387],[5.3701581,43.2993882],[5.3701762,43.2993893],[5.370178,43.2994212],[5.3702375,43.2994229],[5.3702396,43.2994449],[5.3702505,43.2995363],[5.3701526,43.2995445],[5.3700776,43.2995508]]]}},{"type":"Feature","properties":{"osm_id":"way/67716939","name":null,"building":"yes","highway":null,"tourism":null,"historic":null,"amenity":null,"height_m":10,"height_source":"default","levels":null,"source":"OpenStreetMap"},"geometry":{"type":"Polygon","coordinates":[[[5.3652149,43.2977964],[5.3652192,43.2978936],[5.3651641,43.2978992],[5.3651554,43.2978019],[5.3651933,43.2977984],[5.3652149,43.2977964]]]}},{"type":"Feature","properties":{"osm_id":"way/67716945","name":null,"building":"yes","highway":null,"tourism":null,"historic":null,"amenity":null,"height_m":10,"height_source":"default","levels":null,"source":"OpenStreetMap"},"geometry":{"type":"Polygon","coordinates":[[[5.3690539,43.2985171],[5.3690446,43.2985406],[5.3690401,43.2985521],[5.3689795,43.2985364],[5.3689558,43.2984874],[5.3690539,43.2985171]]]}},{"type":"Feature","properties":{"osm_id":"way/67716949","name":null,"building":"apartments","highway":null,"tourism":null,"historic":null,"amenity":null,"height_m":10,"height_source":"default","levels":null,"source":"OpenStreetMap"},"geometry":{"type":"Polygon","coordinates":[[[5.3676846,43.2990118],[5.3678107,43.2989906],[5.3678271,43.2990239],[5.3678382,43.2990466],[5.3677175,43.2990703],[5.3676846,43.2990118]]]}},{"type":"Feature","properties":{"osm_id":"way/67716956","name":null,"building":"yes","highway":null,"tourism":null,"historic":null,"amenity":null,"height_m":10,"height_source":"default","levels":null,"source":"OpenStreetMap"},"geometry":{"type":"Polygon","coordinates":[[[5.3671491,43.297997],[5.3671917,43.2980775],[5.3671331,43.2980878],[5.3670927,43.2980063],[5.3671165,43.2980024],[5.3671491,43.297997]]]}},{"type":"Feature","properties":{"osm_id":"way/67716963","name":null,"building":"apartments","highway":null,"tourism":null,"historic":null,"amenity":null,"height_m":10,"height_source":"default","levels":null,"source":"OpenStreetMap"},"geometry":{"type":"Polygon","coordinates":[[[5.3716598,43.2977869],[5.3716735,43.2977868],[5.3717091,43.2977865],[5.3717523,43.2977861],[5.3717708,43.297786],[5.3717723,43.297849],[5.3717711,43.2978482],[5.3717479,43.2978492],[5.3717477,43.2978632],[5.3717631,43.2978632],[5.3717309,43.2979162],[5.3716769,43.2978932],[5.3716598,43.2977869]]]}},{"type":"Feature","properties":{"osm_id":"way/67716966","name":null,"building":"yes","highway":null,"tourism":null,"historic":null,"amenity":null,"height_m":10,"height_source":"default","levels":null,"source":"OpenStreetMap"},"geometry":{"type":"Polygon","coordinates":[[[5.3653139,43.2980314],[5.3653498,43.2980305],[5.3653912,43.2980294],[5.3653843,43.2980596],[5.3653637,43.2980581],[5.3653523,43.2981116],[5.3652943,43.2981107],[5.3652663,43.2981096],[5.3652714,43.2980895],[5.3652771,43.2980594],[5.3653046,43.2980572],[5.3653078,43.298057],[5.3653139,43.2980314]]]}},{"type":"Feature","properties":{"osm_id":"way/67716976","name":null,"building":"yes","highway":null,"tourism":null,"historic":null,"amenity":null,"height_m":10,"height_source":"default","levels":null,"source":"OpenStreetMap"},"geometry":{"type":"Polygon","coordinates":[[[5.3672513,43.298343],[5.3673532,43.29832],[5.3673717,43.2983617],[5.3673489,43.2983667],[5.3672666,43.2983831],[5.3672513,43.298343]]]}},{"type":"Feature","properties":{"osm_id":"way/67716977","name":null,"building":"yes","highway":null,"tourism":null,"historic":null,"amenity":null,"height_m":10,"height_source":"default","levels":null,"source":"OpenStreetMap"},"geometry":{"type":"Polygon","coordinates":[[[5.3650642,43.2976914],[5.3650379,43.2976953],[5.365039,43.2976983],[5.3650045,43.297705],[5.3650036,43.2977073],[5.3649537,43.2977208],[5.3649434,43.2976934],[5.3649332,43.2976656],[5.3650402,43.2976428],[5.3650558,43.2976743],[5.3650642,43.2976914]]]}},{"type":"Feature","properties":{"osm_id":"way/67716981","name":null,"building":"apartments","highway":null,"tourism":null,"historic":null,"amenity":null,"height_m":10,"height_source":"default","levels":null,"source":"OpenStreetMap"},"geometry":{"type":"Polygon","coordinates":[[[5.3691223,43.2991183],[5.3691819,43.2991083],[5.3691928,43.2991235],[5.3692083,43.2991465],[5.3691824,43.299153],[5.3691674,43.2991562],[5.3691744,43.2991788],[5.3691286,43.2991844],[5.3690997,43.2991225],[5.3690144,43.2991362],[5.3690052,43.2991155],[5.368995,43.2990923],[5.3690787,43.2990786],[5.3691062,43.2990751],[5.3691223,43.2991183]]]}},{"type":"Feature","properties":{"osm_id":"way/67716983","name":null,"building":"yes","highway":null,"tourism":null,"historic":null,"amenity":null,"height_m":10,"height_source":"default","levels":null,"source":"OpenStreetMap"},"geometry":{"type":"Polygon","coordinates":[[[5.3689894,43.2983091],[5.3691185,43.2983318],[5.3691114,43.2983541],[5.3691037,43.2983781],[5.3690421,43.2983671],[5.3689766,43.2983554],[5.3689894,43.2983091]]]}},{"type":"Feature","properties":{"osm_id":"way/67716987","name":"Gare maritime du Fort Saint-Jean","building":"yes","highway":null,"tourism":null,"historic":null,"amenity":null,"height_m":10,"height_source":"default","levels":null,"source":"OpenStreetMap"},"geometry":{"type":"Polygon","coordinates":[[[5.3607571,43.2979499],[5.3607919,43.2979085],[5.3610425,43.2980215],[5.3610217,43.2980459],[5.3609928,43.2980328],[5.3609788,43.2980498],[5.3608797,43.2980052],[5.3608832,43.2980009],[5.3608538,43.2979877],[5.3608503,43.2979919],[5.3607571,43.2979499]]]}},{"type":"Feature","properties":{"osm_id":"way/67716989","name":null,"building":"yes","highway":null,"tourism":null,"historic":null,"amenity":null,"height_m":10,"height_source":"default","levels":null,"source":"OpenStreetMap"},"geometry":{"type":"Polygon","coordinates":[[[5.3697402,43.297861],[5.3697395,43.2978549],[5.3697403,43.297852],[5.3697521,43.2978525],[5.3697507,43.2978616],[5.3697402,43.297861]]]}},{"type":"Feature","properties":{"osm_id":"way/67716991","name":null,"building":"yes","highway":null,"tourism":null,"historic":null,"amenity":null,"height_m":10,"height_source":"default","levels":null,"source":"OpenStreetMap"},"geometry":{"type":"Polygon","coordinates":[[[5.3684448,43.2994385],[5.3684527,43.299485],[5.3684208,43.2994876],[5.3684211,43.2994885],[5.3684033,43.2994902],[5.3683977,43.2994905],[5.3683991,43.2995084],[5.3683793,43.2995101],[5.3683611,43.2995118],[5.3682806,43.2995187],[5.3682809,43.29952],[5.3682784,43.2995202],[5.3682737,43.2994825],[5.3682698,43.299451],[5.3682737,43.2994504],[5.3682738,43.2994517],[5.3683338,43.2994475],[5.3683928,43.2994424],[5.3683958,43.2994567],[5.3684202,43.2994548],[5.3684184,43.2994404],[5.3684448,43.2994385]]]}},{"type":"Feature","properties":{"osm_id":"way/67717001","name":null,"building":"apartments","highway":null,"tourism":null,"historic":null,"amenity":null,"height_m":10,"height_source":"default","levels":null,"source":"OpenStreetMap"},"geometry":{"type":"Polygon","coordinates":[[[5.3666391,43.2969485],[5.3666347,43.29703],[5.3665672,43.2970383],[5.3665694,43.2970126],[5.3665738,43.296962],[5.3665939,43.2969578],[5.3666391,43.2969485]]]}},{"type":"Feature","properties":{"osm_id":"way/67717004","name":null,"building":"yes","highway":null,"tourism":null,"historic":null,"amenity":null,"height_m":10,"height_source":"default","levels":null,"source":"OpenStreetMap"},"geometry":{"type":"Polygon","coordinates":[[[5.3722289,43.2966798],[5.3721905,43.296675],[5.3721691,43.2966723],[5.3721777,43.2966411],[5.3721585,43.2966377],[5.3721769,43.2965777],[5.3721936,43.2965798],[5.3722529,43.2965886],[5.3722289,43.2966798]]]}},{"type":"Feature","properties":{"osm_id":"way/67717008","name":null,"building":"yes","highway":null,"tourism":null,"historic":null,"amenity":null,"height_m":10,"height_source":"default","levels":null,"source":"OpenStreetMap"},"geometry":{"type":"Polygon","coordinates":[[[5.3651403,43.2981102],[5.3651395,43.2981085],[5.3652336,43.2981108],[5.3652663,43.2981096],[5.3652943,43.2981107],[5.3653523,43.2981116],[5.3654153,43.298115],[5.3654433,43.2981169],[5.3654317,43.2981411],[5.365418,43.2981699],[5.3652851,43.2981628],[5.3652971,43.2981391],[5.3652558,43.2981354],[5.3651393,43.2981287],[5.3651403,43.2981102]]]}},{"type":"Feature","properties":{"osm_id":"way/67717009","name":null,"building":"yes","highway":null,"tourism":null,"historic":null,"amenity":null,"height_m":10,"height_source":"default","levels":null,"source":"OpenStreetMap"},"geometry":{"type":"Polygon","coordinates":[[[5.3652057,43.2974385],[5.3653671,43.2974286],[5.3653741,43.2974778],[5.3652207,43.2974827],[5.3652138,43.2974623],[5.3652057,43.2974385]]]}},{"type":"Feature","properties":{"osm_id":"way/67717020","name":null,"building":"apartments","highway":null,"tourism":null,"historic":null,"amenity":null,"height_m":10,"height_source":"default","levels":null,"source":"OpenStreetMap"},"geometry":{"type":"Polygon","coordinates":[[[5.3663219,43.2984005],[5.3662334,43.298414],[5.3661685,43.2984244],[5.3661528,43.2983734],[5.3662382,43.2983593],[5.3663057,43.2983482],[5.3663219,43.2984005]]]}},{"type":"Feature","properties":{"osm_id":"way/67717021","name":null,"building":"apartments","highway":null,"tourism":null,"historic":null,"amenity":null,"height_m":10,"height_source":"default","levels":null,"source":"OpenStreetMap"},"geometry":{"type":"Polygon","coordinates":[[[5.3677371,43.2979708],[5.3677424,43.2979674],[5.3677341,43.297957],[5.3677351,43.2979449],[5.3677453,43.2979353],[5.3677586,43.2979314],[5.3677689,43.2979316],[5.3677843,43.2979374],[5.3677933,43.2979484],[5.3677964,43.2979481],[5.367796,43.2979613],[5.3677861,43.2979724],[5.36777,43.2979785],[5.3677553,43.2979783],[5.3677523,43.2979777],[5.3677504,43.2979769],[5.3677371,43.2979708]]]}},{"type":"Feature","properties":{"osm_id":"way/67717036","name":null,"building":"apartments","highway":null,"tourism":null,"historic":null,"amenity":null,"height_m":10,"height_source":"default","levels":null,"source":"OpenStreetMap"},"geometry":{"type":"Polygon","coordinates":[[[5.3647155,43.2958108],[5.3645038,43.2959037],[5.3644625,43.295854],[5.3644723,43.2958499],[5.364459,43.2958343],[5.3644686,43.2958302],[5.3644388,43.2957929],[5.3645399,43.295749],[5.364632,43.2957089],[5.3647155,43.2958108]]]}},{"type":"Feature","properties":{"osm_id":"way/67717047","name":null,"building":"yes","highway":null,"tourism":null,"historic":null,"amenity":null,"height_m":10,"height_source":"default","levels":null,"source":"OpenStreetMap"},"geometry":{"type":"Polygon","coordinates":[[[5.3665538,43.2989625],[5.3668047,43.2989205],[5.3668216,43.2989773],[5.3665711,43.2990169],[5.3665605,43.2989836],[5.3665538,43.2989625]]]}},{"type":"Feature","properties":{"osm_id":"way/67717048","name":null,"building":"apartments","highway":null,"tourism":null,"historic":null,"amenity":null,"height_m":28.8,"height_source":"osm","levels":"9","source":"OpenStreetMap"},"geometry":{"type":"Polygon","coordinates":[[[5.3666573,43.2967284],[5.3666239,43.2968128],[5.3665608,43.2968004],[5.3665449,43.2967971],[5.3663146,43.2967497],[5.3662689,43.2967403],[5.3662347,43.2967333],[5.3662217,43.2967674],[5.3661601,43.2969284],[5.366135,43.2969939],[5.3660191,43.2969711],[5.3660288,43.2969457],[5.3660432,43.2969079],[5.3660564,43.2968734],[5.366067,43.2968457],[5.3660761,43.2968217],[5.3660866,43.2967943],[5.3660989,43.2967621],[5.3661115,43.296729],[5.3661242,43.2966959],[5.3661376,43.2966606],[5.3661478,43.296634],[5.366159,43.2966047],[5.3661698,43.2965763],[5.3661742,43.2965649],[5.3662272,43.2965751],[5.3662913,43.2965874],[5.3662683,43.2966484],[5.3663023,43.2966555],[5.3663325,43.2966617],[5.3663844,43.2966724],[5.3664204,43.2966798],[5.3664635,43.2966886],[5.3665113,43.2966984],[5.3665655,43.2967096],[5.3666172,43.2967202],[5.3666573,43.2967284]]]}},{"type":"Feature","properties":{"osm_id":"way/67717050","name":null,"building":"yes","highway":null,"tourism":null,"historic":null,"amenity":null,"height_m":10,"height_source":"default","levels":null,"source":"OpenStreetMap"},"geometry":{"type":"Polygon","coordinates":[[[5.372328,43.2964999],[5.3722859,43.2966862],[5.372265,43.2966838],[5.3722289,43.2966798],[5.3722529,43.2965886],[5.3722782,43.2964956],[5.3723111,43.2964984],[5.372328,43.2964999]]]}},{"type":"Feature","properties":{"osm_id":"way/67717055","name":null,"building":"yes","highway":null,"tourism":null,"historic":null,"amenity":null,"height_m":10,"height_source":"default","levels":null,"source":"OpenStreetMap"},"geometry":{"type":"Polygon","coordinates":[[[5.3649759,43.2979975],[5.3649711,43.2979192],[5.3649869,43.2979173],[5.3650391,43.2979128],[5.3650409,43.2979402],[5.3650435,43.2979943],[5.3650073,43.297996],[5.3649759,43.2979975]]]}},{"type":"Feature","properties":{"osm_id":"way/67717056","name":null,"building":"yes","highway":null,"tourism":null,"historic":null,"amenity":null,"height_m":10,"height_source":"default","levels":null,"source":"OpenStreetMap"},"geometry":{"type":"Polygon","coordinates":[[[5.3679049,43.2973392],[5.3680043,43.2973596],[5.368029,43.297365],[5.3680227,43.2973847],[5.3679973,43.2973813],[5.3679297,43.2973665],[5.3679035,43.2973591],[5.3678978,43.2973576],[5.3679049,43.2973392]]]}},{"type":"Feature","properties":{"osm_id":"way/67717066","name":null,"building":"apartments","highway":null,"tourism":null,"historic":null,"amenity":null,"height_m":10,"height_source":"default","levels":null,"source":"OpenStreetMap"},"geometry":{"type":"Polygon","coordinates":[[[5.3660196,43.2985107],[5.3658431,43.2985446],[5.3658428,43.2985428],[5.3658327,43.2984996],[5.3658395,43.2984983],[5.3658813,43.2984961],[5.3658704,43.2984553],[5.3659357,43.2984431],[5.3659448,43.2984679],[5.3660032,43.2984603],[5.3660142,43.298494],[5.3660196,43.2985107]]]}},{"type":"Feature","properties":{"osm_id":"way/67717067","name":null,"building":"yes","highway":null,"tourism":null,"historic":null,"amenity":null,"height_m":10,"height_source":"default","levels":null,"source":"OpenStreetMap"},"geometry":{"type":"Polygon","coordinates":[[[5.3674279,43.2977613],[5.3674196,43.2977624],[5.3674079,43.2977693],[5.3674034,43.2977798],[5.3674066,43.2977929],[5.3674185,43.297803],[5.3674189,43.2978075],[5.3673767,43.2978105],[5.3672738,43.2978191],[5.367273,43.2978172],[5.3672696,43.2978189],[5.367231,43.297721],[5.3673158,43.2977205],[5.3673781,43.2977202],[5.3674382,43.2977313],[5.3674288,43.2977586],[5.3674279,43.2977613]]]}},{"type":"Feature","properties":{"osm_id":"way/67717072","name":"Église de la Vieille Major","building":"church","highway":null,"tourism":null,"historic":"church","amenity":null,"height_m":10,"height_source":"default","levels":null,"source":"OpenStreetMap"},"geometry":{"type":"Polygon","coordinates":[[[5.3651258,43.2993288],[5.3651398,43.2993254],[5.3651505,43.2993235],[5.3651558,43.2993387],[5.3652102,43.2993291],[5.3652074,43.2993208],[5.365223,43.299318],[5.3652258,43.2993264],[5.3652953,43.2993144],[5.3652923,43.2993056],[5.3653027,43.2993043],[5.3653055,43.2993125],[5.3653456,43.2993054],[5.3653426,43.2992967],[5.3653528,43.2992948],[5.3653558,43.2993035],[5.3654214,43.2992919],[5.3654241,43.2992919],[5.3654411,43.2993453],[5.3654451,43.2993478],[5.3654507,43.299364],[5.3654419,43.2993702],[5.3654669,43.2993912],[5.3654783,43.2994206],[5.3654733,43.2994471],[5.3654846,43.2994501],[5.3654883,43.2994632],[5.3654855,43.2994656],[5.3655281,43.2995901],[5.365515,43.2995924],[5.3655105,43.2995788],[5.3654619,43.299587],[5.3654664,43.2996029],[5.3654543,43.2996046],[5.3654492,43.2995893],[5.3654001,43.2995975],[5.3654052,43.2996134],[5.3653928,43.2996156],[5.365388,43.2995998],[5.3653564,43.2996054],[5.3653617,43.2996211],[5.3653495,43.2996232],[5.3653487,43.2996202],[5.3653205,43.2996251],[5.3653245,43.2996277],[5.3653183,43.2996321],[5.3653059,43.2996231],[5.3652455,43.2996344],[5.365246,43.2996357],[5.3652365,43.2996374],[5.3652143,43.2995691],[5.3651761,43.2995759],[5.3651722,43.2995646],[5.3651873,43.2995624],[5.3651715,43.2995151],[5.3651564,43.2995174],[5.3651523,43.2995047],[5.3651678,43.2995023],[5.365139,43.2994159],[5.3651242,43.2994185],[5.3651197,43.2994058],[5.3651348,43.2994032],[5.3651195,43.2993554],[5.3651039,43.2993583],[5.3650998,43.2993459],[5.3651289,43.2993403],[5.3651258,43.2993288]]]}},{"type":"Feature","properties":{"osm_id":"way/67717100","name":null,"building":"yes","highway":null,"tourism":null,"historic":null,"amenity":null,"height_m":22.400000000000002,"height_source":"osm","levels":"7","source":"OpenStreetMap"},"geometry":{"type":"Polygon","coordinates":[[[5.3722021,43.2984404],[5.3721564,43.2984962],[5.3721201,43.2985405],[5.3719507,43.2984671],[5.3720322,43.2983659],[5.3722021,43.2984404]]]}},{"type":"Feature","properties":{"osm_id":"way/67717122","name":null,"building":"apartments","highway":null,"tourism":null,"historic":null,"amenity":null,"height_m":10,"height_source":"default","levels":null,"source":"OpenStreetMap"},"geometry":{"type":"Polygon","coordinates":[[[5.3686199,43.2991619],[5.3686571,43.2992806],[5.3686215,43.2992841],[5.3685942,43.2992868],[5.3685575,43.2991689],[5.3686199,43.2991619]]]}},{"type":"Feature","properties":{"osm_id":"way/67717123","name":null,"building":"yes","highway":null,"tourism":null,"historic":null,"amenity":null,"height_m":10,"height_source":"default","levels":null,"source":"OpenStreetMap"},"geometry":{"type":"Polygon","coordinates":[[[5.3649129,43.2978267],[5.3649337,43.297922],[5.3648964,43.2979256],[5.3648733,43.297928],[5.3648505,43.2978341],[5.364893,43.2978291],[5.3649129,43.2978267]]]}},{"type":"Feature","properties":{"osm_id":"way/67717124","name":null,"building":"yes","highway":null,"tourism":null,"historic":null,"amenity":null,"height_m":10,"height_source":"default","levels":null,"source":"OpenStreetMap"},"geometry":{"type":"Polygon","coordinates":[[[5.3677787,43.2976472],[5.3677649,43.2975514],[5.3677649,43.2975501],[5.3677783,43.2975488],[5.3678039,43.2975467],[5.3678037,43.297549],[5.3678508,43.2975434],[5.3678722,43.29764],[5.3678214,43.2976439],[5.3677787,43.2976472]]]}},{"type":"Feature","properties":{"osm_id":"way/67717137","name":null,"building":"yes","highway":null,"tourism":null,"historic":null,"amenity":null,"height_m":10,"height_source":"default","levels":null,"source":"OpenStreetMap"},"geometry":{"type":"Polygon","coordinates":[[[5.3679011,43.2986114],[5.3679486,43.2985999],[5.3679605,43.2986348],[5.3679709,43.2986337],[5.3679977,43.2987174],[5.3679725,43.2987205],[5.3679461,43.2987237],[5.3679445,43.2987202],[5.3679457,43.2987197],[5.3679221,43.2986611],[5.3679011,43.2986114]]]}},{"type":"Feature","properties":{"osm_id":"way/67717149","name":null,"building":"yes","highway":null,"tourism":null,"historic":null,"amenity":null,"height_m":10,"height_source":"default","levels":null,"source":"OpenStreetMap"},"geometry":{"type":"Polygon","coordinates":[[[5.3684126,43.2976306],[5.3684826,43.2976204],[5.3685533,43.2976101],[5.3685595,43.297638],[5.3685566,43.297639],[5.3685671,43.2976819],[5.3685635,43.297683],[5.3684431,43.2977083],[5.3684126,43.2976306]]]}},{"type":"Feature","properties":{"osm_id":"way/67717151","name":null,"building":"yes","highway":null,"tourism":null,"historic":null,"amenity":null,"height_m":10,"height_source":"default","levels":null,"source":"OpenStreetMap"},"geometry":{"type":"Polygon","coordinates":[[[5.3676846,43.2990118],[5.3677175,43.2990703],[5.3676685,43.2990815],[5.3676688,43.2990837],[5.3675623,43.2991083],[5.3675363,43.2990386],[5.3676846,43.2990118]]]}},{"type":"Feature","properties":{"osm_id":"way/67717158","name":null,"building":"yes","highway":null,"tourism":null,"historic":null,"amenity":null,"height_m":3.2,"height_source":"osm","levels":"1","source":"OpenStreetMap"},"geometry":{"type":"Polygon","coordinates":[[[5.37162,43.298842],[5.3716758,43.298866],[5.3716583,43.2988884],[5.3716476,43.2988844],[5.3716189,43.2988711],[5.3715745,43.2988854],[5.3715622,43.2988889],[5.3715488,43.2988657],[5.37162,43.298842]]]}},{"type":"Feature","properties":{"osm_id":"way/67717163","name":null,"building":"yes","highway":null,"tourism":null,"historic":null,"amenity":null,"height_m":10,"height_source":"default","levels":null,"source":"OpenStreetMap"},"geometry":{"type":"Polygon","coordinates":[[[5.3681618,43.298969],[5.3680177,43.2990004],[5.3679974,43.2989588],[5.3680239,43.2989535],[5.368155,43.298926],[5.3681597,43.2989558],[5.3681618,43.298969]]]}},{"type":"Feature","properties":{"osm_id":"way/67717170","name":null,"building":"apartments","highway":null,"tourism":null,"historic":null,"amenity":null,"height_m":10,"height_source":"default","levels":null,"source":"OpenStreetMap"},"geometry":{"type":"Polygon","coordinates":[[[5.3665672,43.2970383],[5.3666347,43.29703],[5.3666954,43.2970186],[5.3666946,43.2970656],[5.3666909,43.2970663],[5.3666948,43.2971221],[5.3665584,43.2971391],[5.3665606,43.2971142],[5.3665654,43.2970592],[5.3665672,43.2970383]]]}},{"type":"Feature","properties":{"osm_id":"way/67717183","name":null,"building":"yes","highway":null,"tourism":null,"historic":null,"amenity":null,"height_m":10,"height_source":"default","levels":null,"source":"OpenStreetMap"},"geometry":{"type":"Polygon","coordinates":[[[5.3665812,43.2978873],[5.3665691,43.2978137],[5.3666318,43.2978112],[5.3666429,43.2978809],[5.3666097,43.2978843],[5.3665812,43.2978873]]]}},{"type":"Feature","properties":{"osm_id":"way/67717187","name":null,"building":"apartments","highway":null,"tourism":null,"historic":null,"amenity":null,"height_m":10,"height_source":"default","levels":null,"source":"OpenStreetMap"},"geometry":{"type":"Polygon","coordinates":[[[5.3666857,43.2985525],[5.3665924,43.2985696],[5.3665778,43.298528],[5.3666728,43.2985106],[5.3666812,43.298538],[5.3666857,43.2985525]]]}},{"type":"Feature","properties":{"osm_id":"way/67717189","name":null,"building":"yes","highway":null,"tourism":null,"historic":null,"amenity":null,"height_m":10,"height_source":"default","levels":null,"source":"OpenStreetMap"},"geometry":{"type":"Polygon","coordinates":[[[5.3689381,43.2984491],[5.369037,43.2984675],[5.3690717,43.2984735],[5.3690606,43.2985006],[5.3690539,43.2985171],[5.3689558,43.2984874],[5.3689381,43.2984491]]]}},{"type":"Feature","properties":{"osm_id":"way/67717191","name":null,"building":"yes","highway":null,"tourism":null,"historic":null,"amenity":null,"height_m":10,"height_source":"default","levels":null,"source":"OpenStreetMap"},"geometry":{"type":"Polygon","coordinates":[[[5.3674282,43.2987962],[5.367402,43.2988009],[5.3674136,43.2988359],[5.3674508,43.2989485],[5.3674749,43.2989444],[5.3674282,43.2987962]]]}},{"type":"Feature","properties":{"osm_id":"way/67717193","name":null,"building":"yes","highway":null,"tourism":null,"historic":null,"amenity":null,"height_m":10,"height_source":"default","levels":null,"source":"OpenStreetMap"},"geometry":{"type":"Polygon","coordinates":[[[5.3649122,43.2976172],[5.3649332,43.2976656],[5.3649434,43.2976934],[5.3648775,43.2977126],[5.3648464,43.2976349],[5.3648747,43.2976273],[5.3649122,43.2976172]]]}},{"type":"Feature","properties":{"osm_id":"way/67717194","name":null,"building":"yes","highway":null,"tourism":null,"historic":null,"amenity":null,"height_m":22.400000000000002,"height_source":"osm","levels":"7","source":"OpenStreetMap"},"geometry":{"type":"Polygon","coordinates":[[[5.3722758,43.2980685],[5.3724448,43.2981428],[5.3724013,43.2981962],[5.3723629,43.2982434],[5.3721938,43.2981686],[5.3722758,43.2980685]]]}},{"type":"Feature","properties":{"osm_id":"way/67717208","name":null,"building":"yes","highway":null,"tourism":null,"historic":null,"amenity":null,"height_m":10,"height_source":"default","levels":null,"source":"OpenStreetMap"},"geometry":{"type":"Polygon","coordinates":[[[5.3665707,43.2981174],[5.36669,43.2981011],[5.3667088,43.2981311],[5.3665824,43.2981529],[5.3665763,43.2981344],[5.3665707,43.2981174]]]}},{"type":"Feature","properties":{"osm_id":"way/67717209","name":null,"building":"yes","highway":null,"tourism":null,"historic":null,"amenity":null,"height_m":10,"height_source":"default","levels":null,"source":"OpenStreetMap"},"geometry":{"type":"Polygon","coordinates":[[[5.367332,43.2975433],[5.3673631,43.2975436],[5.3673797,43.2975494],[5.3673666,43.2975706],[5.3673426,43.2975657],[5.3673281,43.2975629],[5.367332,43.2975433]]]}},{"type":"Feature","properties":{"osm_id":"way/67717221","name":null,"building":"yes","highway":null,"tourism":null,"historic":null,"amenity":null,"height_m":10,"height_source":"default","levels":null,"source":"OpenStreetMap"},"geometry":{"type":"Polygon","coordinates":[[[5.3667493,43.2977307],[5.3667684,43.2978045],[5.366701,43.297815],[5.3666817,43.2977335],[5.3667181,43.297732],[5.3667493,43.2977307]]]}},{"type":"Feature","properties":{"osm_id":"way/67717225","name":null,"building":"yes","highway":null,"tourism":null,"historic":null,"amenity":null,"height_m":25.6,"height_source":"osm","levels":"8","source":"OpenStreetMap"},"geometry":{"type":"Polygon","coordinates":[[[5.3731704,43.2995017],[5.3731263,43.2996317],[5.3729476,43.2995992],[5.3729929,43.2994689],[5.3730963,43.299488],[5.3731704,43.2995017]]]}},{"type":"Feature","properties":{"osm_id":"way/67717229","name":null,"building":"yes","highway":null,"tourism":null,"historic":null,"amenity":null,"height_m":10,"height_source":"default","levels":null,"source":"OpenStreetMap"},"geometry":{"type":"Polygon","coordinates":[[[5.3672848,43.2993822],[5.3672531,43.2992721],[5.3672485,43.2992553],[5.3673405,43.2992415],[5.3673429,43.2992485],[5.3673736,43.2993749],[5.3673149,43.2993797],[5.3672848,43.2993822]]]}},{"type":"Feature","properties":{"osm_id":"way/67717231","name":null,"building":"yes","highway":null,"tourism":null,"historic":null,"amenity":null,"height_m":10,"height_source":"default","levels":null,"source":"OpenStreetMap"},"geometry":{"type":"Polygon","coordinates":[[[5.3682001,43.298139],[5.368293,43.298104],[5.3683013,43.2981156],[5.368319,43.2981092],[5.3683368,43.2981356],[5.3683115,43.2981452],[5.3682315,43.2981773],[5.3682098,43.2981509],[5.3682001,43.298139]]]}},{"type":"Feature","properties":{"osm_id":"way/67717232","name":null,"building":"apartments","highway":null,"tourism":null,"historic":null,"amenity":null,"height_m":10,"height_source":"default","levels":null,"source":"OpenStreetMap"},"geometry":{"type":"Polygon","coordinates":[[[5.3717708,43.297786],[5.3717911,43.2977858],[5.3718405,43.2977853],[5.3718853,43.2977849],[5.3718978,43.2977848],[5.3719111,43.2977876],[5.3719242,43.2977967],[5.3719291,43.2978094],[5.3719242,43.297822],[5.3718923,43.2978609],[5.371871,43.2978868],[5.3718,43.2978552],[5.3717965,43.2978593],[5.371792,43.297858],[5.3717723,43.297849],[5.3717708,43.297786]]]}},{"type":"Feature","properties":{"osm_id":"way/67717236","name":null,"building":"yes","highway":null,"tourism":null,"historic":null,"amenity":null,"height_m":10,"height_source":"default","levels":null,"source":"OpenStreetMap"},"geometry":{"type":"Polygon","coordinates":[[[5.3690646,43.2994917],[5.3690614,43.2994436],[5.3690671,43.2994429],[5.3691663,43.2994402],[5.3691761,43.2994674],[5.3691811,43.2994811],[5.3690646,43.2994917]]]}},{"type":"Feature","properties":{"osm_id":"way/67717241","name":null,"building":"yes","highway":null,"tourism":null,"historic":null,"amenity":null,"height_m":10,"height_source":"default","levels":null,"source":"OpenStreetMap"},"geometry":{"type":"Polygon","coordinates":[[[5.3679666,43.2992017],[5.368104,43.2991847],[5.3681239,43.2992304],[5.3681217,43.2992319],[5.3680574,43.2992385],[5.3679884,43.2992447],[5.3679749,43.2992181],[5.3679666,43.2992017]]]}},{"type":"Feature","properties":{"osm_id":"way/67717242","name":null,"building":"yes","highway":null,"tourism":null,"historic":null,"amenity":null,"height_m":10,"height_source":"default","levels":null,"source":"OpenStreetMap"},"geometry":{"type":"Polygon","coordinates":[[[5.3669041,43.2992412],[5.3668345,43.2992495],[5.3668206,43.299208],[5.3668814,43.2991988],[5.3668909,43.2991974],[5.3668974,43.2992188],[5.3669041,43.2992412]]]}},{"type":"Feature","properties":{"osm_id":"way/67717245","name":null,"building":"yes","highway":null,"tourism":null,"historic":null,"amenity":null,"height_m":25.6,"height_source":"osm","levels":"8","source":"OpenStreetMap"},"geometry":{"type":"Polygon","coordinates":[[[5.373499,43.2966332],[5.3734684,43.2966204],[5.3734615,43.2965859],[5.3735138,43.2965803],[5.3735098,43.2965574],[5.3735052,43.2965278],[5.3735408,43.2965436],[5.3735786,43.2964976],[5.3735839,43.2964919],[5.3737396,43.2965601],[5.3736859,43.2966256],[5.3736327,43.2966906],[5.373499,43.2966332]]]}},{"type":"Feature","properties":{"osm_id":"way/67717247","name":null,"building":"apartments","highway":null,"tourism":null,"historic":null,"amenity":null,"height_m":12.8,"height_source":"osm","levels":"4","source":"OpenStreetMap"},"geometry":{"type":"Polygon","coordinates":[[[5.3686174,43.2986014],[5.3687144,43.2985475],[5.3687456,43.2985817],[5.3686454,43.2986335],[5.3686264,43.2986117],[5.3686174,43.2986014]]]}},{"type":"Feature","properties":{"osm_id":"way/67717248","name":null,"building":"yes","highway":null,"tourism":null,"historic":null,"amenity":null,"height_m":10,"height_source":"default","levels":null,"source":"OpenStreetMap"},"geometry":{"type":"Polygon","coordinates":[[[5.3674669,43.2982113],[5.3676143,43.2981653],[5.3676403,43.2982093],[5.3674885,43.2982561],[5.3674749,43.2982279],[5.3674669,43.2982113]]]}},{"type":"Feature","properties":{"osm_id":"way/67717263","name":null,"building":"yes","highway":null,"tourism":null,"historic":null,"amenity":null,"height_m":10,"height_source":"default","levels":null,"source":"OpenStreetMap"},"geometry":{"type":"Polygon","coordinates":[[[5.3722429,43.2976623],[5.3722297,43.2976565],[5.3722932,43.2975801],[5.3723064,43.2975859],[5.3722429,43.2976623]]]}},{"type":"Feature","properties":{"osm_id":"way/67717266","name":null,"building":"apartments","highway":null,"tourism":null,"historic":null,"amenity":null,"height_m":10,"height_source":"default","levels":null,"source":"OpenStreetMap"},"geometry":{"type":"Polygon","coordinates":[[[5.3669406,43.2984993],[5.3670079,43.2984879],[5.3670281,43.29853],[5.3669575,43.2985447],[5.3669406,43.2984993]]]}},{"type":"Feature","properties":{"osm_id":"way/67717267","name":null,"building":"apartments","highway":null,"tourism":null,"historic":null,"amenity":null,"height_m":10,"height_source":"default","levels":null,"source":"OpenStreetMap"},"geometry":{"type":"Polygon","coordinates":[[[5.3663512,43.2970462],[5.3663474,43.2971792],[5.3663369,43.2971797],[5.3663377,43.297182],[5.3662938,43.2971982],[5.3662857,43.2970853],[5.3663252,43.2970617],[5.3663512,43.2970462]]]}},{"type":"Feature","properties":{"osm_id":"way/67717273","name":null,"building":"apartments","highway":null,"tourism":null,"historic":null,"amenity":null,"height_m":9.600000000000001,"height_source":"osm","levels":"3","source":"OpenStreetMap"},"geometry":{"type":"Polygon","coordinates":[[[5.3692664,43.2993783],[5.3692528,43.2992824],[5.3692826,43.2992838],[5.3693136,43.2992853],[5.369334,43.2993801],[5.3692664,43.2993783]]]}},{"type":"Feature","properties":{"osm_id":"way/67717281","name":null,"building":"yes","highway":null,"tourism":null,"historic":null,"amenity":null,"height_m":10,"height_source":"default","levels":null,"source":"OpenStreetMap"},"geometry":{"type":"Polygon","coordinates":[[[5.3680818,43.2978064],[5.3680225,43.2978222],[5.3680035,43.2977868],[5.3679843,43.2977903],[5.367996,43.2978387],[5.3679348,43.2978443],[5.3679118,43.2977143],[5.3679921,43.2977028],[5.3680595,43.2976931],[5.3680606,43.2977021],[5.3680709,43.2977003],[5.3680764,43.2976993],[5.3681043,43.2977815],[5.3681402,43.2978416],[5.3681193,43.2978509],[5.3681052,43.297829],[5.3680818,43.2978064]]]}},{"type":"Feature","properties":{"osm_id":"way/67717286","name":null,"building":"yes","highway":null,"tourism":null,"historic":null,"amenity":null,"height_m":10,"height_source":"default","levels":null,"source":"OpenStreetMap"},"geometry":{"type":"Polygon","coordinates":[[[5.3697816,43.2993979],[5.3697815,43.2993965],[5.3698165,43.2993965],[5.3698164,43.2994067],[5.3696823,43.2994073],[5.3697194,43.2994913],[5.3698869,43.2994632],[5.369888,43.2994723],[5.369712,43.2995026],[5.3696627,43.2993987],[5.3696756,43.2993987],[5.3697816,43.2993979]]]}},{"type":"Feature","properties":{"osm_id":"way/67717297","name":null,"building":"apartments","highway":null,"tourism":null,"historic":null,"amenity":null,"height_m":10,"height_source":"default","levels":null,"source":"OpenStreetMap"},"geometry":{"type":"Polygon","coordinates":[[[5.3660443,43.2979741],[5.3661702,43.2979579],[5.3661769,43.2979808],[5.3661824,43.2979995],[5.3660575,43.2980157],[5.3660443,43.2979741]]]}},{"type":"Feature","properties":{"osm_id":"way/67717302","name":null,"building":"apartments","highway":null,"tourism":null,"historic":null,"amenity":null,"height_m":9.600000000000001,"height_source":"osm","levels":"3","source":"OpenStreetMap"},"geometry":{"type":"Polygon","coordinates":[[[5.3670333,43.296338],[5.3669171,43.2963267],[5.3668991,43.2963249],[5.3667729,43.2962994],[5.366417,43.2962274],[5.3663716,43.2963522],[5.3662922,43.2963234],[5.3662666,43.2963134],[5.3662705,43.2963075],[5.3663489,43.2961022],[5.3664444,43.2961212],[5.3666609,43.2961645],[5.3668937,43.2962109],[5.3669257,43.2962173],[5.3670425,43.2962315],[5.3670268,43.2963171],[5.3670364,43.2963184],[5.3670333,43.296338]]]}},{"type":"Feature","properties":{"osm_id":"way/67717304","name":null,"building":"yes","highway":null,"tourism":null,"historic":null,"amenity":null,"height_m":10,"height_source":"default","levels":null,"source":"OpenStreetMap"},"geometry":{"type":"Polygon","coordinates":[[[5.3717376,43.2969243],[5.3717423,43.2969018],[5.3718053,43.2969086],[5.3718019,43.2969253],[5.3718005,43.296931],[5.3717376,43.2969243]]]}},{"type":"Feature","properties":{"osm_id":"way/67717307","name":null,"building":"apartments","highway":null,"tourism":null,"historic":null,"amenity":null,"height_m":10,"height_source":"default","levels":null,"source":"OpenStreetMap"},"geometry":{"type":"Polygon","coordinates":[[[5.366357,43.2983406],[5.3664304,43.2983309],[5.3664863,43.2983236],[5.3664976,43.2983681],[5.3663695,43.2983845],[5.366357,43.2983406]]]}},{"type":"Feature","properties":{"osm_id":"way/67717311","name":null,"building":"yes","highway":null,"tourism":null,"historic":null,"amenity":null,"height_m":10,"height_source":"default","levels":null,"source":"OpenStreetMap"},"geometry":{"type":"Polygon","coordinates":[[[5.3703806,43.2993917],[5.3704228,43.2993922],[5.3704634,43.2993919],[5.3704639,43.299405],[5.3704238,43.2994062],[5.3704251,43.2994132],[5.3703578,43.2994147],[5.3703569,43.2994098],[5.3703229,43.2994098],[5.370324,43.2994255],[5.370311,43.2994261],[5.3703092,43.2994176],[5.3703073,43.2993933],[5.370321,43.2993927],[5.3703806,43.2993917]]]}},{"type":"Feature","properties":{"osm_id":"way/67717318","name":null,"building":"yes","highway":null,"tourism":null,"historic":null,"amenity":null,"height_m":10,"height_source":"default","levels":null,"source":"OpenStreetMap"},"geometry":{"type":"Polygon","coordinates":[[[5.3686448,43.2973879],[5.3687011,43.2974043],[5.3687453,43.2974172],[5.368783,43.2974281],[5.368788,43.2974816],[5.3686651,43.297499],[5.3686297,43.2973956],[5.3686448,43.2973879]]]}},{"type":"Feature","properties":{"osm_id":"way/67717323","name":null,"building":"apartments","highway":null,"tourism":null,"historic":null,"amenity":null,"height_m":10,"height_source":"default","levels":null,"source":"OpenStreetMap"},"geometry":{"type":"Polygon","coordinates":[[[5.3690594,43.298756],[5.368929,43.2987831],[5.3689048,43.2987407],[5.3689942,43.2987223],[5.3690323,43.2987144],[5.3690594,43.298756]]]}},{"type":"Feature","properties":{"osm_id":"way/67717334","name":null,"building":"yes","highway":null,"tourism":null,"historic":null,"amenity":null,"height_m":10,"height_source":"default","levels":null,"source":"OpenStreetMap"},"geometry":{"type":"Polygon","coordinates":[[[5.3673158,43.2980174],[5.3672313,43.298038],[5.3672063,43.297989],[5.3672551,43.2979828],[5.3672964,43.2979776],[5.3673158,43.2980174]]]}},{"type":"Feature","properties":{"osm_id":"way/67717338","name":null,"building":"yes","highway":null,"tourism":null,"historic":null,"amenity":null,"height_m":10,"height_source":"default","levels":null,"source":"OpenStreetMap"},"geometry":{"type":"Polygon","coordinates":[[[5.3663771,43.2993558],[5.3664781,43.2993477],[5.3664937,43.2993968],[5.3664657,43.2993982],[5.3663931,43.2994017],[5.3663832,43.2993734],[5.3663771,43.2993558]]]}},{"type":"Feature","properties":{"osm_id":"way/67717341","name":null,"building":"yes","highway":null,"tourism":null,"historic":null,"amenity":null,"height_m":3.2,"height_source":"osm","levels":"1","source":"OpenStreetMap"},"geometry":{"type":"Polygon","coordinates":[[[5.3726634,43.2975148],[5.3727415,43.2974171],[5.3727863,43.297436],[5.3727077,43.2975337],[5.3726634,43.2975148]]]}},{"type":"Feature","properties":{"osm_id":"way/67717344","name":null,"building":"yes","highway":null,"tourism":null,"historic":null,"amenity":null,"height_m":10,"height_source":"default","levels":null,"source":"OpenStreetMap"},"geometry":{"type":"Polygon","coordinates":[[[5.3653912,43.2980294],[5.3654572,43.2980278],[5.3654768,43.298042],[5.3654721,43.2980562],[5.3654685,43.298067],[5.3654354,43.2980645],[5.3653843,43.2980596],[5.3653912,43.2980294]]]}},{"type":"Feature","properties":{"osm_id":"way/67717354","name":null,"building":"yes","highway":null,"tourism":null,"historic":null,"amenity":null,"height_m":10,"height_source":"default","levels":null,"source":"OpenStreetMap"},"geometry":{"type":"Polygon","coordinates":[[[5.3672666,43.2983831],[5.3673489,43.2983667],[5.3673652,43.2984018],[5.367284,43.2984214],[5.3672666,43.2983831]]]}},{"type":"Feature","properties":{"osm_id":"way/67717359","name":null,"building":"apartments","highway":null,"tourism":null,"historic":null,"amenity":null,"height_m":12.8,"height_source":"osm","levels":"4","source":"OpenStreetMap"},"geometry":{"type":"Polygon","coordinates":[[[5.3688664,43.2992569],[5.3688433,43.2991482],[5.3688716,43.2991469],[5.3689054,43.2991461],[5.3689351,43.2992487],[5.3688939,43.2992536],[5.3688664,43.2992569]]]}},{"type":"Feature","properties":{"osm_id":"way/67717365","name":null,"building":"yes","highway":null,"tourism":null,"historic":null,"amenity":null,"height_m":10,"height_source":"default","levels":null,"source":"OpenStreetMap"},"geometry":{"type":"Polygon","coordinates":[[[5.3612066,43.2956017],[5.3611765,43.295589],[5.3615101,43.2951915],[5.361682,43.2951134],[5.3616861,43.2951182],[5.3615554,43.2951753],[5.3612066,43.2956017]]]}},{"type":"Feature","properties":{"osm_id":"way/67717370","name":null,"building":"yes","highway":null,"tourism":null,"historic":null,"amenity":null,"height_m":10,"height_source":"default","levels":null,"source":"OpenStreetMap"},"geometry":{"type":"Polygon","coordinates":[[[5.3669524,43.2980226],[5.3669968,43.2981129],[5.3669383,43.2981251],[5.366892,43.2980295],[5.3669268,43.2980255],[5.3669524,43.2980226]]]}},{"type":"Feature","properties":{"osm_id":"way/67717376","name":null,"building":"apartments","highway":null,"tourism":null,"historic":null,"amenity":null,"height_m":32,"height_source":"osm","levels":"10","source":"OpenStreetMap"},"geometry":{"type":"Polygon","coordinates":[[[5.3656894,43.2967993],[5.3657229,43.2967136],[5.3658515,43.2967401],[5.365838,43.2967753],[5.3658196,43.2968234],[5.3658029,43.2968667],[5.3657874,43.2969073],[5.3657745,43.2969409],[5.3657676,43.2969588],[5.3656388,43.2969323],[5.3656719,43.2968464],[5.3656504,43.2968425],[5.3656679,43.2967954],[5.3656894,43.2967993]]]}},{"type":"Feature","properties":{"osm_id":"way/67717378","name":null,"building":"yes","highway":null,"tourism":null,"historic":null,"amenity":null,"height_m":10,"height_source":"default","levels":null,"source":"OpenStreetMap"},"geometry":{"type":"Polygon","coordinates":[[[5.3728937,43.296758],[5.3728864,43.2966478],[5.3729417,43.2966486],[5.3729534,43.2967649],[5.3729202,43.2967611],[5.3728937,43.296758]]]}},{"type":"Feature","properties":{"osm_id":"way/67717391","name":null,"building":"apartments","highway":null,"tourism":null,"historic":null,"amenity":null,"height_m":9.600000000000001,"height_source":"osm","levels":"3","source":"OpenStreetMap"},"geometry":{"type":"Polygon","coordinates":[[[5.3674198,43.2981153],[5.3675684,43.2980683],[5.3675745,43.2980662],[5.3675922,43.2981179],[5.3675905,43.2981198],[5.3674425,43.2981645],[5.3674264,43.2981296],[5.3674198,43.2981153]]]}},{"type":"Feature","properties":{"osm_id":"way/67717392","name":null,"building":"yes","highway":null,"tourism":null,"historic":null,"amenity":null,"height_m":10,"height_source":"default","levels":null,"source":"OpenStreetMap"},"geometry":{"type":"Polygon","coordinates":[[[5.367677,43.298035],[5.3676757,43.2980382],[5.3676221,43.2980505],[5.3675821,43.2979979],[5.3676272,43.2979829],[5.367677,43.298035]]]}},{"type":"Feature","properties":{"osm_id":"way/67717398","name":null,"building":"yes","highway":null,"tourism":null,"historic":null,"amenity":null,"height_m":10,"height_source":"default","levels":null,"source":"OpenStreetMap"},"geometry":{"type":"Polygon","coordinates":[[[5.368816,43.2982417],[5.3688471,43.2982446],[5.3688657,43.2982495],[5.3688369,43.2983336],[5.3688192,43.2983315],[5.3688077,43.2983301],[5.368816,43.2982417]]]}},{"type":"Feature","properties":{"osm_id":"way/67717404","name":null,"building":"yes","highway":null,"tourism":null,"historic":null,"amenity":null,"height_m":16,"height_source":"osm","levels":"5","source":"OpenStreetMap"},"geometry":{"type":"Polygon","coordinates":[[[5.3691574,43.2977653],[5.3691901,43.2977609],[5.3691914,43.2977885],[5.3691899,43.2978132],[5.3691889,43.2978735],[5.3691877,43.2979006],[5.3691549,43.2978995],[5.3691574,43.2977653]]]}},{"type":"Feature","properties":{"osm_id":"way/67717406","name":null,"building":"apartments","highway":null,"tourism":null,"historic":null,"amenity":null,"height_m":10,"height_source":"default","levels":null,"source":"OpenStreetMap"},"geometry":{"type":"Polygon","coordinates":[[[5.3683928,43.2994424],[5.3683837,43.2993471],[5.3683836,43.2993453],[5.3684255,43.2993416],[5.3684422,43.2993401],[5.3684516,43.2994373],[5.3684448,43.2994385],[5.3684184,43.2994404],[5.3683928,43.2994424]]]}},{"type":"Feature","properties":{"osm_id":"way/67717412","name":null,"building":"yes","highway":null,"tourism":null,"historic":null,"amenity":null,"height_m":10,"height_source":"default","levels":null,"source":"OpenStreetMap"},"geometry":{"type":"Polygon","coordinates":[[[5.3667872,43.299386],[5.3667763,43.2993447],[5.3667673,43.2993037],[5.3668129,43.2992982],[5.3669171,43.299286],[5.3669489,43.2993851],[5.3668647,43.2993853],[5.366854,43.2993853],[5.3667872,43.299386]]]}},{"type":"Feature","properties":{"osm_id":"way/67717413","name":null,"building":"apartments","highway":null,"tourism":null,"historic":null,"amenity":null,"height_m":10,"height_source":"default","levels":null,"source":"OpenStreetMap"},"geometry":{"type":"Polygon","coordinates":[[[5.3669166,43.2969007],[5.366904,43.2970266],[5.3668388,43.297026],[5.3668627,43.2969041],[5.366896,43.296902],[5.3669166,43.2969007]]]}},{"type":"Feature","properties":{"osm_id":"way/67717415","name":null,"building":"yes","highway":null,"tourism":null,"historic":null,"amenity":null,"height_m":10,"height_source":"default","levels":null,"source":"OpenStreetMap"},"geometry":{"type":"Polygon","coordinates":[[[5.3725076,43.2966612],[5.3725336,43.2965196],[5.3725866,43.2965244],[5.3726372,43.2965292],[5.372622,43.296614],[5.3725731,43.2966082],[5.372563,43.2966642],[5.3725076,43.2966612]]]}},{"type":"Feature","properties":{"osm_id":"way/67717418","name":null,"building":"apartments","highway":null,"tourism":null,"historic":null,"amenity":null,"height_m":10,"height_source":"default","levels":null,"source":"OpenStreetMap"},"geometry":{"type":"Polygon","coordinates":[[[5.3662146,43.2980923],[5.3661442,43.2981058],[5.3660888,43.2981154],[5.3660727,43.2980663],[5.3660703,43.2980565],[5.3661956,43.298038],[5.3662077,43.2980725],[5.3662146,43.2980923]]]}},{"type":"Feature","properties":{"osm_id":"way/67717428","name":null,"building":"apartments","highway":null,"tourism":null,"historic":null,"amenity":null,"height_m":10,"height_source":"default","levels":null,"source":"OpenStreetMap"},"geometry":{"type":"Polygon","coordinates":[[[5.365993,43.2982175],[5.3661104,43.2981909],[5.3661261,43.2981872],[5.3661442,43.298243],[5.3661413,43.2982436],[5.3661495,43.2982648],[5.3660149,43.2982843],[5.366,43.298239],[5.365993,43.2982175]]]}},{"type":"Feature","properties":{"osm_id":"way/67717429","name":null,"building":"yes","highway":null,"tourism":null,"historic":null,"amenity":null,"height_m":10,"height_source":"default","levels":null,"source":"OpenStreetMap"},"geometry":{"type":"Polygon","coordinates":[[[5.3678219,43.2978744],[5.3677753,43.2979152],[5.3677105,43.2978793],[5.3677559,43.2978396],[5.367792,43.2978587],[5.3678219,43.2978744]]]}},{"type":"Feature","properties":{"osm_id":"way/67717436","name":null,"building":"yes","highway":null,"tourism":null,"historic":null,"amenity":null,"height_m":10,"height_source":"default","levels":null,"source":"OpenStreetMap"},"geometry":{"type":"Polygon","coordinates":[[[5.3686372,43.2969372],[5.3686479,43.296881],[5.3686533,43.2968821],[5.368663,43.2968298],[5.3686581,43.2968285],[5.3686571,43.2968232],[5.3686634,43.2968204],[5.3686715,43.2968209],[5.3686496,43.2969355],[5.3686487,43.2969391],[5.3686372,43.2969372]]]}},{"type":"Feature","properties":{"osm_id":"way/67717444","name":null,"building":"apartments","highway":null,"tourism":null,"historic":null,"amenity":null,"height_m":9.600000000000001,"height_source":"osm","levels":"3","source":"OpenStreetMap"},"geometry":{"type":"Polygon","coordinates":[[[5.368926,43.2988802],[5.3689206,43.2988863],[5.3689174,43.2988933],[5.3689169,43.2988988],[5.3689187,43.298906],[5.3689231,43.2989127],[5.3689297,43.2989181],[5.3689384,43.298922],[5.3689483,43.298924],[5.368958,43.2989239],[5.368968,43.298922],[5.368974,43.2989194],[5.3689905,43.2989472],[5.3689719,43.2989515],[5.3689141,43.2989695],[5.3688825,43.2989179],[5.3688675,43.2988934],[5.368926,43.2988802]]]}},{"type":"Feature","properties":{"osm_id":"way/67717454","name":null,"building":"apartments","highway":null,"tourism":null,"historic":null,"amenity":null,"height_m":10,"height_source":"default","levels":null,"source":"OpenStreetMap"},"geometry":{"type":"Polygon","coordinates":[[[5.3668017,43.2966219],[5.3666645,43.2965719],[5.3666445,43.2965646],[5.3667093,43.2964742],[5.3667211,43.2964578],[5.3668796,43.2965197],[5.3668677,43.2965836],[5.3668652,43.2965938],[5.3668473,43.2966116],[5.3668432,43.2966142],[5.3668237,43.2966215],[5.3668017,43.2966219]]]}},{"type":"Feature","properties":{"osm_id":"way/67717460","name":null,"building":"apartments","highway":null,"tourism":null,"historic":null,"amenity":null,"height_m":10,"height_source":"default","levels":null,"source":"OpenStreetMap"},"geometry":{"type":"Polygon","coordinates":[[[5.3683262,43.2987507],[5.3681951,43.2987705],[5.3681947,43.2987728],[5.368176,43.2987757],[5.3681695,43.2987525],[5.3681612,43.2987229],[5.3682518,43.2987061],[5.3682557,43.2987063],[5.3682558,43.298708],[5.3683015,43.2987008],[5.3683133,43.2987246],[5.3683262,43.2987507]]]}},{"type":"Feature","properties":{"osm_id":"way/67717461","name":null,"building":"yes","highway":null,"tourism":null,"historic":null,"amenity":null,"height_m":10,"height_source":"default","levels":null,"source":"OpenStreetMap"},"geometry":{"type":"Polygon","coordinates":[[[5.3649139,43.298264],[5.36504,43.2982595],[5.3650536,43.2983132],[5.3650544,43.2983155],[5.3650439,43.2983161],[5.3650438,43.2983134],[5.3649316,43.2983176],[5.3649199,43.298282],[5.3649139,43.298264]]]}},{"type":"Feature","properties":{"osm_id":"way/67717476","name":null,"building":"yes","highway":null,"tourism":null,"historic":null,"amenity":null,"height_m":10,"height_source":"default","levels":null,"source":"OpenStreetMap"},"geometry":{"type":"Polygon","coordinates":[[[5.3658327,43.2984996],[5.3658428,43.2985428],[5.3658386,43.2985435],[5.3658037,43.2985511],[5.3657932,43.2985527],[5.3657782,43.2985553],[5.3657677,43.2985082],[5.3658327,43.2984996]]]}},{"type":"Feature","properties":{"osm_id":"way/67717486","name":null,"building":"yes","highway":null,"tourism":null,"historic":null,"amenity":null,"height_m":10,"height_source":"default","levels":null,"source":"OpenStreetMap"},"geometry":{"type":"Polygon","coordinates":[[[5.3687648,43.2981551],[5.3688193,43.2981592],[5.368816,43.2982417],[5.3687535,43.2982346],[5.3687474,43.2982347],[5.3687572,43.2981908],[5.3687648,43.2981551]]]}},{"type":"Feature","properties":{"osm_id":"way/67717488","name":null,"building":"yes","highway":null,"tourism":null,"historic":null,"amenity":null,"height_m":10,"height_source":"default","levels":null,"source":"OpenStreetMap"},"geometry":{"type":"Polygon","coordinates":[[[5.3675628,43.2991448],[5.367575,43.299181],[5.367534,43.2991899],[5.3675255,43.2991548],[5.3675503,43.2991497],[5.3675495,43.2991479],[5.3675628,43.2991448]]]}},{"type":"Feature","properties":{"osm_id":"way/67717513","name":null,"building":"yes","highway":null,"tourism":null,"historic":null,"amenity":null,"height_m":10,"height_source":"default","levels":null,"source":"OpenStreetMap"},"geometry":{"type":"Polygon","coordinates":[[[5.3684407,43.2991359],[5.368452,43.2991799],[5.3684521,43.2991817],[5.3684455,43.2991831],[5.3684185,43.2991857],[5.3684091,43.2991402],[5.3684407,43.2991359]]]}},{"type":"Feature","properties":{"osm_id":"way/67717529","name":null,"building":"yes","highway":null,"tourism":null,"historic":null,"amenity":null,"height_m":10,"height_source":"default","levels":null,"source":"OpenStreetMap"},"geometry":{"type":"Polygon","coordinates":[[[5.3678201,43.2985319],[5.3678262,43.2985298],[5.3678916,43.2985143],[5.3678989,43.2985131],[5.367915,43.2985613],[5.3679589,43.2985523],[5.3679633,43.298552],[5.3679632,43.2985552],[5.3679735,43.2985919],[5.3679486,43.2985999],[5.3679011,43.2986114],[5.3678613,43.2986214],[5.3678201,43.2985319]]]}},{"type":"Feature","properties":{"osm_id":"way/67717531","name":null,"building":"apartments","highway":null,"tourism":null,"historic":null,"amenity":null,"height_m":10,"height_source":"default","levels":null,"source":"OpenStreetMap"},"geometry":{"type":"Polygon","coordinates":[[[5.3663656,43.2979354],[5.3664521,43.2979256],[5.3664599,43.297951],[5.3664661,43.2979712],[5.3663817,43.2979846],[5.3663656,43.2979354]]]}},{"type":"Feature","properties":{"osm_id":"way/67717536","name":null,"building":"yes","highway":null,"tourism":null,"historic":null,"amenity":null,"height_m":10,"height_source":"default","levels":null,"source":"OpenStreetMap"},"geometry":{"type":"Polygon","coordinates":[[[5.3657782,43.2985553],[5.3657868,43.2985878],[5.3657641,43.298591],[5.3657604,43.2985822],[5.3657546,43.2985596],[5.3657782,43.2985553]]]}},{"type":"Feature","properties":{"osm_id":"way/67717540","name":null,"building":"yes","highway":null,"tourism":null,"historic":null,"amenity":null,"height_m":10,"height_source":"default","levels":null,"source":"OpenStreetMap"},"geometry":{"type":"Polygon","coordinates":[[[5.3683098,43.298265],[5.3683832,43.2982321],[5.3683892,43.2982303],[5.36842,43.2982668],[5.3683426,43.2983023],[5.3683098,43.298265]]]}},{"type":"Feature","properties":{"osm_id":"way/67717554","name":null,"building":"yes","highway":null,"tourism":null,"historic":null,"amenity":null,"height_m":10,"height_source":"default","levels":null,"source":"OpenStreetMap"},"geometry":{"type":"Polygon","coordinates":[[[5.367863,43.2988136],[5.3678818,43.2988566],[5.3678024,43.298871],[5.3677891,43.2988424],[5.367782,43.2988271],[5.367863,43.2988136]]]}},{"type":"Feature","properties":{"osm_id":"way/67717559","name":null,"building":"yes","highway":null,"tourism":null,"historic":null,"amenity":null,"height_m":10,"height_source":"default","levels":null,"source":"OpenStreetMap"},"geometry":{"type":"Polygon","coordinates":[[[5.3679251,43.2992102],[5.3678015,43.2992168],[5.3677985,43.299184],[5.3678997,43.2991616],[5.3679155,43.2991918],[5.3679251,43.2992102]]]}},{"type":"Feature","properties":{"osm_id":"way/67717560","name":null,"building":"yes","highway":null,"tourism":null,"historic":null,"amenity":null,"height_m":10,"height_source":"default","levels":null,"source":"OpenStreetMap"},"geometry":{"type":"Polygon","coordinates":[[[5.366773,43.2982513],[5.3667309,43.2981722],[5.3667263,43.2981648],[5.3667809,43.2981546],[5.366825,43.2982422],[5.366773,43.2982513]]]}},{"type":"Feature","properties":{"osm_id":"way/67717561","name":null,"building":"yes","highway":null,"tourism":null,"historic":null,"amenity":null,"height_m":10,"height_source":"default","levels":null,"source":"OpenStreetMap"},"geometry":{"type":"Polygon","coordinates":[[[5.3675386,43.2974701],[5.3675036,43.2975354],[5.3675,43.297542],[5.3674465,43.297524],[5.3674872,43.2974534],[5.3675386,43.2974701]]]}},{"type":"Feature","properties":{"osm_id":"way/67717574","name":null,"building":"yes","highway":null,"tourism":null,"historic":null,"amenity":null,"height_m":10,"height_source":"default","levels":null,"source":"OpenStreetMap"},"geometry":{"type":"Polygon","coordinates":[[[5.3660016,43.2986554],[5.3660624,43.2986458],[5.3660698,43.2986665],[5.366007,43.2986749],[5.3660016,43.2986554]]]}},{"type":"Feature","properties":{"osm_id":"way/67717575","name":null,"building":"yes","highway":null,"tourism":null,"historic":null,"amenity":null,"height_m":10,"height_source":"default","levels":null,"source":"OpenStreetMap"},"geometry":{"type":"Polygon","coordinates":[[[5.3664554,43.2978423],[5.3663917,43.2978463],[5.3663791,43.2977435],[5.3664207,43.2977422],[5.3664431,43.2977415],[5.3664554,43.2978423]]]}},{"type":"Feature","properties":{"osm_id":"way/67717582","name":null,"building":"yes","highway":null,"tourism":null,"historic":null,"amenity":null,"height_m":10,"height_source":"default","levels":null,"source":"OpenStreetMap"},"geometry":{"type":"Polygon","coordinates":[[[5.3684607,43.2984304],[5.3685333,43.2983912],[5.3685366,43.2983887],[5.3685903,43.2984455],[5.3685843,43.2984489],[5.3685124,43.2984877],[5.3684831,43.2984552],[5.3684607,43.2984304]]]}},{"type":"Feature","properties":{"osm_id":"way/67717586","name":null,"building":"apartments","highway":null,"tourism":null,"historic":null,"amenity":null,"height_m":16,"height_source":"osm","levels":"5","source":"OpenStreetMap"},"geometry":{"type":"Polygon","coordinates":[[[5.3655104,43.2975832],[5.3652577,43.2975901],[5.365248,43.2975614],[5.36524,43.2975379],[5.3653825,43.2975346],[5.3655232,43.2975291],[5.3655169,43.2975556],[5.3655104,43.2975832]]]}},{"type":"Feature","properties":{"osm_id":"way/67717587","name":null,"building":"yes","highway":null,"tourism":null,"historic":null,"amenity":null,"height_m":3.2,"height_source":"osm","levels":"1","source":"OpenStreetMap"},"geometry":{"type":"Polygon","coordinates":[[[5.372362,43.2979147],[5.3723618,43.2979102],[5.3724105,43.2979099],[5.3723748,43.2979544],[5.3723653,43.2979502],[5.3723647,43.2979461],[5.372362,43.2979147]]]}},{"type":"Feature","properties":{"osm_id":"way/67717599","name":null,"building":"yes","highway":null,"tourism":null,"historic":null,"amenity":null,"height_m":3.2,"height_source":"osm","levels":"1","source":"OpenStreetMap"},"geometry":{"type":"Polygon","coordinates":[[[5.3732156,43.2966378],[5.3732246,43.296598],[5.373286,43.2965919],[5.3733194,43.2965884],[5.3733311,43.2965873],[5.3733181,43.29665],[5.3732156,43.2966378]]]}},{"type":"Feature","properties":{"osm_id":"way/67717602","name":null,"building":"apartments","highway":null,"tourism":null,"historic":null,"amenity":null,"height_m":10,"height_source":"default","levels":null,"source":"OpenStreetMap"},"geometry":{"type":"Polygon","coordinates":[[[5.3663982,43.2981172],[5.3665142,43.2981001],[5.3665243,43.2981259],[5.3665308,43.2981424],[5.3664143,43.2981605],[5.3663982,43.2981172]]]}},{"type":"Feature","properties":{"osm_id":"way/67717613","name":null,"building":"apartments","highway":null,"tourism":null,"historic":null,"amenity":null,"height_m":10,"height_source":"default","levels":null,"source":"OpenStreetMap"},"geometry":{"type":"Polygon","coordinates":[[[5.3663908,43.2972697],[5.3664279,43.2972586],[5.3664523,43.2972514],[5.3664533,43.2972536],[5.3664497,43.2972548],[5.3664487,43.2973537],[5.3663932,43.2973616],[5.3663908,43.2972697]]]}},{"type":"Feature","properties":{"osm_id":"way/67717617","name":null,"building":"hotel","highway":null,"tourism":null,"historic":null,"amenity":null,"height_m":25.6,"height_source":"osm","levels":"8","source":"OpenStreetMap"},"geometry":{"type":"Polygon","coordinates":[[[5.3728115,43.2994361],[5.3727664,43.2995661],[5.3727343,43.2995604],[5.3726649,43.2995484],[5.3726647,43.2995462],[5.3726495,43.2994055],[5.3727341,43.2994215],[5.3728115,43.2994361]]]}},{"type":"Feature","properties":{"osm_id":"way/67717621","name":null,"building":"yes","highway":null,"tourism":null,"historic":null,"amenity":null,"height_m":10,"height_source":"default","levels":null,"source":"OpenStreetMap"},"geometry":{"type":"Polygon","coordinates":[[[5.3672066,43.2993838],[5.3671803,43.2993001],[5.3671772,43.2992836],[5.367238,43.2992816],[5.3672377,43.299273],[5.3672531,43.2992721],[5.3672848,43.2993822],[5.3672358,43.2993832],[5.3672066,43.2993838]]]}},{"type":"Feature","properties":{"osm_id":"way/67717624","name":null,"building":"yes","highway":null,"tourism":null,"historic":null,"amenity":null,"height_m":10,"height_source":"default","levels":null,"source":"OpenStreetMap"},"geometry":{"type":"Polygon","coordinates":[[[5.3681158,43.2978914],[5.3681553,43.29787],[5.3681857,43.2979286],[5.3681544,43.2979418],[5.3681158,43.2978914]]]}},{"type":"Feature","properties":{"osm_id":"way/67717628","name":null,"building":"apartments","highway":null,"tourism":null,"historic":null,"amenity":null,"height_m":10,"height_source":"default","levels":null,"source":"OpenStreetMap"},"geometry":{"type":"Polygon","coordinates":[[[5.368732,43.2993124],[5.3687758,43.2993082],[5.3687918,43.2993067],[5.3687972,43.2993882],[5.3687514,43.2993936],[5.3687348,43.2993957],[5.368732,43.2993124]]]}},{"type":"Feature","properties":{"osm_id":"way/67717636","name":null,"building":"apartments","highway":null,"tourism":null,"historic":null,"amenity":null,"height_m":22.400000000000002,"height_source":"osm","levels":"7","source":"OpenStreetMap"},"geometry":{"type":"Polygon","coordinates":[[[5.3735018,43.2965041],[5.3734758,43.2963837],[5.3735405,43.2963659],[5.3735871,43.2963531],[5.3736061,43.2964631],[5.3735839,43.2964919],[5.3735786,43.2964976],[5.3735018,43.2965041]]]}},{"type":"Feature","properties":{"osm_id":"way/67717639","name":null,"building":"yes","highway":null,"tourism":null,"historic":null,"amenity":null,"height_m":10,"height_source":"default","levels":null,"source":"OpenStreetMap"},"geometry":{"type":"Polygon","coordinates":[[[5.3677492,43.2980847],[5.3676829,43.2981051],[5.3676771,43.2980936],[5.3677032,43.2980843],[5.3677024,43.298083],[5.367745,43.2980718],[5.3677492,43.2980847]]]}},{"type":"Feature","properties":{"osm_id":"way/67717644","name":null,"building":"industrial","highway":null,"tourism":null,"historic":null,"amenity":null,"height_m":3,"height_source":"osm","levels":"1","source":"OpenStreetMap"},"geometry":{"type":"Polygon","coordinates":[[[5.3669263,43.2955781],[5.3669396,43.2955411],[5.3670103,43.2955545],[5.3669971,43.2955915],[5.3669263,43.2955781]]]}},{"type":"Feature","properties":{"osm_id":"way/67717646","name":null,"building":"yes","highway":null,"tourism":null,"historic":null,"amenity":null,"height_m":10,"height_source":"default","levels":null,"source":"OpenStreetMap"},"geometry":{"type":"Polygon","coordinates":[[[5.3719233,43.2975886],[5.3719948,43.2975833],[5.3721021,43.2976293],[5.3720739,43.2976634],[5.3720446,43.2976987],[5.3720115,43.297699],[5.3719605,43.2976993],[5.3719392,43.2976995],[5.371929,43.2976284],[5.3719233,43.2975886]]]}},{"type":"Feature","properties":{"osm_id":"way/67717649","name":null,"building":"apartments","highway":null,"tourism":null,"historic":null,"amenity":null,"height_m":10,"height_source":"default","levels":null,"source":"OpenStreetMap"},"geometry":{"type":"Polygon","coordinates":[[[5.366661,43.2984713],[5.3665409,43.298491],[5.366528,43.2984512],[5.3665453,43.2984491],[5.3666477,43.298432],[5.3666559,43.2984563],[5.366661,43.2984713]]]}},{"type":"Feature","properties":{"osm_id":"way/67717650","name":null,"building":"yes","highway":null,"tourism":null,"historic":null,"amenity":null,"height_m":10,"height_source":"default","levels":null,"source":"OpenStreetMap"},"geometry":{"type":"Polygon","coordinates":[[[5.3670625,43.2974302],[5.3670574,43.297413],[5.3670571,43.2974108],[5.3670847,43.2974091],[5.3670857,43.2974284],[5.3670857,43.2974292],[5.367081,43.2974295],[5.3670625,43.2974302]]]}},{"type":"Feature","properties":{"osm_id":"way/67717653","name":null,"building":"apartments","highway":null,"tourism":null,"historic":null,"amenity":null,"height_m":10,"height_source":"default","levels":null,"source":"OpenStreetMap"},"geometry":{"type":"Polygon","coordinates":[[[5.3703831,43.2993415],[5.3704476,43.2993427],[5.3704967,43.2993437],[5.3704896,43.2994111],[5.370483,43.2994114],[5.3704644,43.2994113],[5.3704639,43.299405],[5.3704634,43.2993919],[5.3704228,43.2993922],[5.3703806,43.2993917],[5.3703831,43.2993415]]]}},{"type":"Feature","properties":{"osm_id":"way/67717661","name":null,"building":"yes","highway":null,"tourism":null,"historic":null,"amenity":null,"height_m":10,"height_source":"default","levels":null,"source":"OpenStreetMap"},"geometry":{"type":"Polygon","coordinates":[[[5.3682691,43.2976088],[5.3682926,43.2974792],[5.3682938,43.2974773],[5.3683553,43.297492],[5.3683909,43.2975006],[5.36839,43.2975029],[5.3683591,43.2976019],[5.3682938,43.2976077],[5.3682691,43.2976088]]]}},{"type":"Feature","properties":{"osm_id":"way/67717676","name":null,"building":"yes","highway":null,"tourism":null,"historic":null,"amenity":null,"height_m":10,"height_source":"default","levels":null,"source":"OpenStreetMap"},"geometry":{"type":"Polygon","coordinates":[[[5.3663385,43.2978635],[5.3663438,43.2979097],[5.3662112,43.2979228],[5.3661946,43.2978814],[5.366197,43.2978811],[5.3663385,43.2978635]]]}},{"type":"Feature","properties":{"osm_id":"way/67717681","name":null,"building":"apartments","highway":null,"tourism":null,"historic":null,"amenity":null,"height_m":10,"height_source":"default","levels":null,"source":"OpenStreetMap"},"geometry":{"type":"Polygon","coordinates":[[[5.3662023,43.2973242],[5.3662019,43.2974325],[5.3661485,43.2974372],[5.3661382,43.2973426],[5.3661814,43.2973302],[5.3662023,43.2973242]]]}},{"type":"Feature","properties":{"osm_id":"way/67717683","name":null,"building":"yes","highway":null,"tourism":null,"historic":null,"amenity":null,"height_m":22.400000000000002,"height_source":"osm","levels":"7","source":"OpenStreetMap"},"geometry":{"type":"Polygon","coordinates":[[[5.3729446,43.2971012],[5.3729387,43.2970459],[5.3729337,43.2969982],[5.3730318,43.2969904],[5.3731035,43.2969847],[5.3731064,43.2970111],[5.3731146,43.2970862],[5.3731139,43.2970875],[5.3730653,43.2970914],[5.3729988,43.2970968],[5.372968,43.2970991],[5.3729446,43.2971012]]]}},{"type":"Feature","properties":{"osm_id":"way/67717686","name":null,"building":"yes","highway":null,"tourism":null,"historic":null,"amenity":null,"height_m":10,"height_source":"default","levels":null,"source":"OpenStreetMap"},"geometry":{"type":"Polygon","coordinates":[[[5.367717,43.2987039],[5.3678128,43.2986882],[5.3678291,43.2987169],[5.3677951,43.2987226],[5.3678034,43.298742],[5.3677424,43.2987516],[5.3677251,43.2987191],[5.367717,43.2987039]]]}},{"type":"Feature","properties":{"osm_id":"way/67717690","name":null,"building":"apartments","highway":null,"tourism":null,"historic":null,"amenity":null,"height_m":10,"height_source":"default","levels":null,"source":"OpenStreetMap"},"geometry":{"type":"Polygon","coordinates":[[[5.3702717,43.2993397],[5.3702735,43.2993934],[5.3702371,43.299394],[5.370218,43.2993934],[5.3702116,43.2993359],[5.3702491,43.2993383],[5.3702717,43.2993397]]]}},{"type":"Feature","properties":{"osm_id":"way/67717697","name":null,"building":"yes","highway":null,"tourism":null,"historic":null,"amenity":null,"height_m":10,"height_source":"default","levels":null,"source":"OpenStreetMap"},"geometry":{"type":"Polygon","coordinates":[[[5.3652722,43.2977915],[5.3652759,43.297887],[5.3652574,43.2978894],[5.3652192,43.2978936],[5.3652149,43.2977964],[5.3652416,43.2977941],[5.3652722,43.2977915]]]}},{"type":"Feature","properties":{"osm_id":"way/67717705","name":null,"building":"apartments","highway":null,"tourism":null,"historic":null,"amenity":null,"height_m":10,"height_source":"default","levels":null,"source":"OpenStreetMap"},"geometry":{"type":"Polygon","coordinates":[[[5.3678591,43.2990883],[5.367735,43.2991126],[5.3677175,43.2990703],[5.3678382,43.2990466],[5.3678529,43.2990759],[5.3678591,43.2990883]]]}},{"type":"Feature","properties":{"osm_id":"way/67717714","name":null,"building":"yes","highway":null,"tourism":null,"historic":null,"amenity":null,"height_m":10,"height_source":"default","levels":null,"source":"OpenStreetMap"},"geometry":{"type":"Polygon","coordinates":[[[5.3671331,43.2980878],[5.3671796,43.2981811],[5.3671484,43.2981872],[5.3671257,43.2981917],[5.367078,43.2980989],[5.3671331,43.2980878]]]}},{"type":"Feature","properties":{"osm_id":"way/67717718","name":null,"building":"apartments","highway":null,"tourism":null,"historic":null,"amenity":null,"height_m":16,"height_source":"osm","levels":"5","source":"OpenStreetMap"},"geometry":{"type":"Polygon","coordinates":[[[5.3662873,43.2990938],[5.3662718,43.2990487],[5.3662618,43.2990196],[5.3664376,43.2989837],[5.3664608,43.2990563],[5.3662873,43.2990938]]]}},{"type":"Feature","properties":{"osm_id":"way/67717719","name":null,"building":"apartments","highway":null,"tourism":null,"historic":null,"amenity":null,"height_m":10,"height_source":"default","levels":null,"source":"OpenStreetMap"},"geometry":{"type":"Polygon","coordinates":[[[5.3658642,43.2978236],[5.3658576,43.2978021],[5.3658485,43.2977726],[5.3659851,43.297762],[5.3659976,43.297813],[5.3658642,43.2978236]]]}},{"type":"Feature","properties":{"osm_id":"way/67717723","name":null,"building":"yes","highway":null,"tourism":null,"historic":null,"amenity":null,"height_m":10,"height_source":"default","levels":null,"source":"OpenStreetMap"},"geometry":{"type":"Polygon","coordinates":[[[5.3715465,43.2977873],[5.3715619,43.2977871],[5.371604,43.2977865],[5.3716442,43.2977866],[5.3716598,43.2977869],[5.3716769,43.2978932],[5.3716513,43.2978943],[5.3716507,43.2979123],[5.3715473,43.2979147],[5.3715465,43.2977873]]]}},{"type":"Feature","properties":{"osm_id":"way/67717728","name":null,"building":"yes","highway":null,"tourism":null,"historic":null,"amenity":null,"height_m":16,"height_source":"osm","levels":"5","source":"OpenStreetMap"},"geometry":{"type":"Polygon","coordinates":[[[5.3674739,43.2971454],[5.3675037,43.2970135],[5.3675159,43.2969627],[5.3675359,43.2969664],[5.3675632,43.2969715],[5.3675229,43.2971522],[5.3674739,43.2971454]]]}},{"type":"Feature","properties":{"osm_id":"way/67717743","name":null,"building":"yes","highway":null,"tourism":null,"historic":null,"amenity":null,"height_m":10,"height_source":"default","levels":null,"source":"OpenStreetMap"},"geometry":{"type":"Polygon","coordinates":[[[5.367677,43.2983096],[5.3676928,43.298305],[5.3676956,43.2983038],[5.3676965,43.298306],[5.3677013,43.2983048],[5.3677237,43.2983455],[5.3677126,43.2983497],[5.3677134,43.2983515],[5.3677101,43.2983535],[5.367704,43.2983548],[5.367677,43.2983096]]]}},{"type":"Feature","properties":{"osm_id":"way/67717744","name":null,"building":"yes","highway":null,"tourism":null,"historic":null,"amenity":null,"height_m":10,"height_source":"default","levels":null,"source":"OpenStreetMap"},"geometry":{"type":"Polygon","coordinates":[[[5.3650589,43.2977635],[5.365039,43.2976983],[5.3650379,43.2976953],[5.3650642,43.2976914],[5.3651036,43.2976859],[5.3651493,43.2976794],[5.3651656,43.2977574],[5.3651106,43.2977605],[5.3650589,43.2977635]]]}},{"type":"Feature","properties":{"osm_id":"way/67717748","name":null,"building":"apartments","highway":null,"tourism":null,"historic":null,"amenity":null,"height_m":10,"height_source":"default","levels":null,"source":"OpenStreetMap"},"geometry":{"type":"Polygon","coordinates":[[[5.3689726,43.2991438],[5.3689054,43.2991461],[5.3688716,43.2991469],[5.3688547,43.2991137],[5.3688356,43.2991148],[5.3688302,43.2990881],[5.3688291,43.2990854],[5.3689231,43.2990732],[5.3689428,43.2991013],[5.3689726,43.2991438]]]}},{"type":"Feature","properties":{"osm_id":"way/67717750","name":null,"building":"yes","highway":null,"tourism":null,"historic":null,"amenity":null,"height_m":10,"height_source":"default","levels":null,"source":"OpenStreetMap"},"geometry":{"type":"Polygon","coordinates":[[[5.3686879,43.2982843],[5.3687643,43.2982839],[5.3687768,43.2983294],[5.3687557,43.2983281],[5.3687145,43.2983256],[5.3687035,43.2983085],[5.3686879,43.2982843]]]}},{"type":"Feature","properties":{"osm_id":"way/67717756","name":null,"building":"yes","highway":null,"tourism":null,"historic":null,"amenity":null,"height_m":10,"height_source":"default","levels":null,"source":"OpenStreetMap"},"geometry":{"type":"Polygon","coordinates":[[[5.36958,43.2980193],[5.3695786,43.2980148],[5.3695842,43.2980142],[5.3695856,43.2980182],[5.36958,43.2980193]]]}},{"type":"Feature","properties":{"osm_id":"way/67717758","name":null,"building":"yes","highway":null,"tourism":null,"historic":null,"amenity":null,"height_m":10,"height_source":"default","levels":null,"source":"OpenStreetMap"},"geometry":{"type":"Polygon","coordinates":[[[5.3686274,43.2994331],[5.3687368,43.2994285],[5.3687387,43.299437],[5.3687437,43.2994774],[5.3687467,43.2994993],[5.3686346,43.2995044],[5.3686305,43.2994637],[5.3686274,43.2994331]]]}},{"type":"Feature","properties":{"osm_id":"way/67717759","name":null,"building":"apartments","highway":null,"tourism":null,"historic":null,"amenity":null,"height_m":10,"height_source":"default","levels":null,"source":"OpenStreetMap"},"geometry":{"type":"Polygon","coordinates":[[[5.3706781,43.2994201],[5.3706726,43.2993968],[5.3706702,43.2993802],[5.3706726,43.2993801],[5.3707878,43.2993723],[5.370793,43.299372],[5.3708054,43.2994135],[5.3706781,43.2994201]]]}},{"type":"Feature","properties":{"osm_id":"way/67717768","name":null,"building":"yes","highway":null,"tourism":null,"historic":null,"amenity":null,"height_m":10,"height_source":"default","levels":null,"source":"OpenStreetMap"},"geometry":{"type":"Polygon","coordinates":[[[5.3726136,43.2966613],[5.3726186,43.2966343],[5.3726673,43.29664],[5.3726618,43.2966675],[5.3726136,43.2966613]]]}},{"type":"Feature","properties":{"osm_id":"way/67717772","name":null,"building":"apartments","highway":null,"tourism":null,"historic":null,"amenity":null,"height_m":16,"height_source":"osm","levels":"5","source":"OpenStreetMap"},"geometry":{"type":"Polygon","coordinates":[[[5.365535,43.2974747],[5.3653741,43.2974778],[5.3653671,43.2974286],[5.3655474,43.297422],[5.365535,43.2974747]]]}},{"type":"Feature","properties":{"osm_id":"way/67717783","name":null,"building":"apartments","highway":null,"tourism":null,"historic":null,"amenity":null,"height_m":10,"height_source":"default","levels":null,"source":"OpenStreetMap"},"geometry":{"type":"Polygon","coordinates":[[[5.3662944,43.2983168],[5.3662242,43.2983269],[5.3661728,43.2983343],[5.3661582,43.2982868],[5.3662771,43.2982687],[5.3662944,43.2983168]]]}},{"type":"Feature","properties":{"osm_id":"way/67717784","name":null,"building":"yes","highway":null,"tourism":null,"historic":null,"amenity":null,"height_m":10,"height_source":"default","levels":null,"source":"OpenStreetMap"},"geometry":{"type":"Polygon","coordinates":[[[5.3673503,43.2979778],[5.3674863,43.2979343],[5.3675161,43.2979261],[5.3675382,43.2979663],[5.3673736,43.2980243],[5.3673581,43.2979933],[5.3673503,43.2979778]]]}},{"type":"Feature","properties":{"osm_id":"way/67717790","name":"Manufactory","building":"commercial","highway":null,"tourism":null,"historic":null,"amenity":"cafe","height_m":10,"height_source":"default","levels":null,"source":"OpenStreetMap"},"geometry":{"type":"Polygon","coordinates":[[[5.3690726,43.2969713],[5.3690591,43.2969701],[5.3690673,43.2969281],[5.3690803,43.2968613],[5.3691567,43.2968699],[5.3693295,43.2968895],[5.369279,43.2969867],[5.3692432,43.2969773],[5.3691988,43.2969694],[5.3692002,43.2969624],[5.3691784,43.29696],[5.3691776,43.2969654],[5.3691681,43.2970113],[5.3691128,43.2969987],[5.3690822,43.2969917],[5.3690749,43.2969872],[5.369071,43.2969798],[5.3690726,43.2969713]]]}},{"type":"Feature","properties":{"osm_id":"way/67717799","name":null,"building":"apartments","highway":null,"tourism":null,"historic":null,"amenity":null,"height_m":10,"height_source":"default","levels":null,"source":"OpenStreetMap"},"geometry":{"type":"Polygon","coordinates":[[[5.3704264,43.2994299],[5.3704251,43.2994132],[5.3704238,43.2994062],[5.3704639,43.299405],[5.3704644,43.2994113],[5.370483,43.2994114],[5.3704947,43.2995164],[5.3704492,43.2995202],[5.3703594,43.2995277],[5.3703218,43.2995308],[5.370312,43.2994387],[5.370311,43.2994261],[5.370324,43.2994255],[5.3703257,43.2994377],[5.3704264,43.2994299]]]}},{"type":"Feature","properties":{"osm_id":"way/67717804","name":null,"building":"yes","highway":null,"tourism":null,"historic":"manor","amenity":null,"height_m":10,"height_source":"default","levels":null,"source":"OpenStreetMap"},"geometry":{"type":"Polygon","coordinates":[[[5.3666226,43.2991632],[5.3667422,43.2991487],[5.3667604,43.2992027],[5.366641,43.2992157],[5.3666287,43.2991805],[5.3666226,43.2991632]]]}},{"type":"Feature","properties":{"osm_id":"way/67717807","name":null,"building":"yes","highway":null,"tourism":null,"historic":null,"amenity":null,"height_m":10,"height_source":"default","levels":null,"source":"OpenStreetMap"},"geometry":{"type":"Polygon","coordinates":[[[5.3722782,43.2964956],[5.3722529,43.2965886],[5.3721936,43.2965798],[5.3721987,43.2965595],[5.3722182,43.2964895],[5.3722494,43.2964927],[5.3722782,43.2964956]]]}},{"type":"Feature","properties":{"osm_id":"way/67717809","name":null,"building":"yes","highway":null,"tourism":null,"historic":null,"amenity":null,"height_m":10,"height_source":"default","levels":null,"source":"OpenStreetMap"},"geometry":{"type":"Polygon","coordinates":[[[5.3682235,43.2989147],[5.3683955,43.2988882],[5.3684066,43.2989097],[5.3684209,43.2989376],[5.3683613,43.2989463],[5.3682311,43.2989638],[5.3682273,43.2989373],[5.3682244,43.2989177],[5.3682235,43.2989147]]]}},{"type":"Feature","properties":{"osm_id":"way/67717810","name":null,"building":"yes","highway":null,"tourism":null,"historic":null,"amenity":null,"height_m":10,"height_source":"default","levels":null,"source":"OpenStreetMap"},"geometry":{"type":"Polygon","coordinates":[[[5.3650462,43.2981632],[5.3650448,43.2981383],[5.3650646,43.298138],[5.365066,43.298163],[5.3650504,43.2981631],[5.3650462,43.2981632]]]}},{"type":"Feature","properties":{"osm_id":"way/67717811","name":null,"building":"yes","highway":null,"tourism":null,"historic":null,"amenity":null,"height_m":10,"height_source":"default","levels":null,"source":"OpenStreetMap"},"geometry":{"type":"Polygon","coordinates":[[[5.3677789,43.2973334],[5.3678395,43.297345],[5.3678348,43.297375],[5.3678327,43.2973829],[5.3678077,43.2975257],[5.3677125,43.2975185],[5.3677433,43.2973684],[5.3677652,43.2973721],[5.3677789,43.2973334]]]}},{"type":"Feature","properties":{"osm_id":"way/67717821","name":null,"building":"yes","highway":null,"tourism":null,"historic":null,"amenity":null,"height_m":10,"height_source":"default","levels":null,"source":"OpenStreetMap"},"geometry":{"type":"Polygon","coordinates":[[[5.3677559,43.2978396],[5.3677105,43.2978793],[5.3676587,43.2979241],[5.3676609,43.2979254],[5.3676139,43.2979684],[5.3676128,43.2979703],[5.367609,43.2979671],[5.367589,43.2979505],[5.367553,43.2979134],[5.3674982,43.297845],[5.3675668,43.2977591],[5.367609,43.2977771],[5.3677172,43.2978231],[5.3677559,43.2978396]]]}},{"type":"Feature","properties":{"osm_id":"way/67717824","name":null,"building":"yes","highway":null,"tourism":null,"historic":null,"amenity":null,"height_m":10,"height_source":"default","levels":null,"source":"OpenStreetMap"},"geometry":{"type":"Polygon","coordinates":[[[5.3654846,43.2994501],[5.3654733,43.2994471],[5.3654783,43.2994206],[5.3654669,43.2993912],[5.3654419,43.2993702],[5.3654507,43.299364],[5.3654537,43.2993657],[5.3654747,43.2993831],[5.3654875,43.2994042],[5.3654908,43.2994273],[5.3654846,43.2994501]]]}},{"type":"Feature","properties":{"osm_id":"way/67717835","name":null,"building":"apartments","highway":null,"tourism":null,"historic":null,"amenity":null,"height_m":10,"height_source":"default","levels":null,"source":"OpenStreetMap"},"geometry":{"type":"Polygon","coordinates":[[[5.3687805,43.2987652],[5.3688434,43.2987526],[5.3688992,43.298835],[5.3688421,43.2988494],[5.3688098,43.2988052],[5.3687805,43.2987652]]]}},{"type":"Feature","properties":{"osm_id":"way/67717845","name":null,"building":"apartments","highway":null,"tourism":null,"historic":null,"amenity":null,"height_m":10,"height_source":"default","levels":null,"source":"OpenStreetMap"},"geometry":{"type":"Polygon","coordinates":[[[5.3684045,43.2993044],[5.3683859,43.2991909],[5.3684185,43.2991857],[5.3684455,43.2991831],[5.3684699,43.2992977],[5.3684314,43.2993016],[5.3684045,43.2993044]]]}},{"type":"Feature","properties":{"osm_id":"way/67717846","name":null,"building":"yes","highway":null,"tourism":null,"historic":null,"amenity":null,"height_m":10,"height_source":"default","levels":null,"source":"OpenStreetMap"},"geometry":{"type":"Polygon","coordinates":[[[5.3648596,43.2980719],[5.3649495,43.2980687],[5.3649621,43.2981134],[5.3648717,43.2981172],[5.3648649,43.2980917],[5.3648596,43.2980719]]]}},{"type":"Feature","properties":{"osm_id":"way/67717847","name":null,"building":"yes","highway":null,"tourism":null,"historic":null,"amenity":null,"height_m":10,"height_source":"default","levels":null,"source":"OpenStreetMap"},"geometry":{"type":"Polygon","coordinates":[[[5.3675468,43.2975684],[5.3675549,43.2975674],[5.3676193,43.2975626],[5.3676389,43.2976584],[5.3675981,43.2976614],[5.3675616,43.2976641],[5.3675468,43.2975684]]]}},{"type":"Feature","properties":{"osm_id":"way/67717856","name":null,"building":"yes","highway":null,"tourism":null,"historic":null,"amenity":null,"height_m":10,"height_source":"default","levels":null,"source":"OpenStreetMap"},"geometry":{"type":"Polygon","coordinates":[[[5.3676948,43.2986611],[5.3677054,43.2986582],[5.3677065,43.29866],[5.3678163,43.2986332],[5.3678613,43.2986214],[5.3679011,43.2986114],[5.3679221,43.2986611],[5.3678782,43.298671],[5.3678516,43.2986794],[5.3678128,43.2986882],[5.367717,43.2987039],[5.3677029,43.2986768],[5.3676948,43.2986611]]]}},{"type":"Feature","properties":{"osm_id":"way/67717863","name":null,"building":"yes","highway":null,"tourism":null,"historic":null,"amenity":null,"height_m":10,"height_source":"default","levels":null,"source":"OpenStreetMap"},"geometry":{"type":"Polygon","coordinates":[[[5.3686158,43.2977569],[5.3686452,43.2977517],[5.3686531,43.2977785],[5.3686239,43.2977833],[5.3686158,43.2977569]]]}},{"type":"Feature","properties":{"osm_id":"way/67717865","name":null,"building":"yes","highway":null,"tourism":null,"historic":null,"amenity":null,"height_m":10,"height_source":"default","levels":null,"source":"OpenStreetMap"},"geometry":{"type":"Polygon","coordinates":[[[5.3673935,43.299065],[5.3674239,43.2991403],[5.3673772,43.2991499],[5.3673682,43.2991512],[5.3673386,43.2990755],[5.3673675,43.29907],[5.3673935,43.299065]]]}},{"type":"Feature","properties":{"osm_id":"way/67717871","name":null,"building":"apartments","highway":null,"tourism":null,"historic":null,"amenity":null,"height_m":3,"height_source":"osm","levels":"0","source":"OpenStreetMap"},"geometry":{"type":"Polygon","coordinates":[[[5.3716801,43.2983483],[5.3718851,43.2984385],[5.3717285,43.2986313],[5.371522,43.2985408],[5.3716091,43.2984347],[5.3716801,43.2983483]]]}},{"type":"Feature","properties":{"osm_id":"way/67717875","name":null,"building":"yes","highway":null,"tourism":null,"historic":null,"amenity":null,"height_m":10,"height_source":"default","levels":null,"source":"OpenStreetMap"},"geometry":{"type":"Polygon","coordinates":[[[5.3679732,43.2989205],[5.3679763,43.2989195],[5.3680028,43.2989142],[5.3680112,43.2989295],[5.3680239,43.2989535],[5.3679974,43.2989588],[5.3678611,43.2989893],[5.3678448,43.2989566],[5.3678404,43.2989477],[5.3679732,43.2989205]]]}},{"type":"Feature","properties":{"osm_id":"way/67717888","name":null,"building":"yes","highway":null,"tourism":null,"historic":null,"amenity":null,"height_m":10,"height_source":"default","levels":null,"source":"OpenStreetMap"},"geometry":{"type":"Polygon","coordinates":[[[5.364193,43.2966311],[5.3641812,43.2966167],[5.3639498,43.2963347],[5.3639837,43.2963192],[5.3642479,43.296641],[5.3641801,43.2966714],[5.3641588,43.2966463],[5.364193,43.2966311]]]}},{"type":"Feature","properties":{"osm_id":"way/67717893","name":null,"building":"yes","highway":null,"tourism":null,"historic":null,"amenity":null,"height_m":10,"height_source":"default","levels":null,"source":"OpenStreetMap"},"geometry":{"type":"Polygon","coordinates":[[[5.3661807,43.2987851],[5.3662491,43.2987705],[5.3662455,43.29876],[5.3662374,43.2987356],[5.3662402,43.2987354],[5.366263,43.2987321],[5.3663533,43.2987185],[5.3663664,43.2987615],[5.3663854,43.2988199],[5.3662759,43.2988439],[5.3662051,43.2988585],[5.3661836,43.2987938],[5.3661807,43.2987851]]]}},{"type":"Feature","properties":{"osm_id":"way/67717894","name":null,"building":"yes","highway":null,"tourism":null,"historic":null,"amenity":null,"height_m":10,"height_source":"default","levels":null,"source":"OpenStreetMap"},"geometry":{"type":"Polygon","coordinates":[[[5.3671698,43.2978508],[5.3671962,43.2979056],[5.3671302,43.2979141],[5.3671101,43.2978576],[5.3671478,43.2978533],[5.3671698,43.2978508]]]}},{"type":"Feature","properties":{"osm_id":"way/67717898","name":null,"building":"apartments","highway":null,"tourism":null,"historic":null,"amenity":null,"height_m":10,"height_source":"default","levels":null,"source":"OpenStreetMap"},"geometry":{"type":"Polygon","coordinates":[[[5.3662005,43.2985357],[5.366352,43.2985106],[5.3663571,43.2985103],[5.3663652,43.2985422],[5.3663704,43.2985627],[5.366217,43.2985883],[5.3662042,43.2985422],[5.3662005,43.2985357]]]}},{"type":"Feature","properties":{"osm_id":"way/67717900","name":null,"building":"yes","highway":null,"tourism":null,"historic":null,"amenity":null,"height_m":10,"height_source":"default","levels":null,"source":"OpenStreetMap"},"geometry":{"type":"Polygon","coordinates":[[[5.368849,43.2984665],[5.3688726,43.2984633],[5.3688973,43.2984632],[5.3689027,43.2984432],[5.3689381,43.2984491],[5.3689558,43.2984874],[5.3688778,43.2984942],[5.368858,43.2984752],[5.368849,43.2984665]]]}},{"type":"Feature","properties":{"osm_id":"way/67717905","name":null,"building":"yes","highway":null,"tourism":null,"historic":null,"amenity":null,"height_m":10,"height_source":"default","levels":null,"source":"OpenStreetMap"},"geometry":{"type":"Polygon","coordinates":[[[5.3652092,43.2976459],[5.365097,43.2976619],[5.3650868,43.2976634],[5.3650632,43.2976233],[5.3651956,43.2975976],[5.3652028,43.2976233],[5.3652092,43.2976459]]]}},{"type":"Feature","properties":{"osm_id":"way/67717916","name":null,"building":"apartments","highway":null,"tourism":null,"historic":null,"amenity":null,"height_m":10,"height_source":"default","levels":null,"source":"OpenStreetMap"},"geometry":{"type":"Polygon","coordinates":[[[5.3682042,43.2992142],[5.368215,43.2992756],[5.3682228,43.2993201],[5.3681993,43.2993222],[5.3681621,43.2993256],[5.3681217,43.2992319],[5.3681239,43.2992304],[5.3682042,43.2992142]]]}},{"type":"Feature","properties":{"osm_id":"way/67717924","name":null,"building":"yes","highway":null,"tourism":null,"historic":null,"amenity":null,"height_m":10,"height_source":"default","levels":null,"source":"OpenStreetMap"},"geometry":{"type":"Polygon","coordinates":[[[5.3665517,43.2980703],[5.3666226,43.2980613],[5.3666766,43.2980545],[5.36669,43.2981011],[5.3665707,43.2981174],[5.3665517,43.2980703]]]}},{"type":"Feature","properties":{"osm_id":"way/67717925","name":null,"building":"yes","highway":null,"tourism":null,"historic":null,"amenity":null,"height_m":10,"height_source":"default","levels":null,"source":"OpenStreetMap"},"geometry":{"type":"Polygon","coordinates":[[[5.3673891,43.2975334],[5.3673813,43.2975475],[5.3673797,43.2975494],[5.3673631,43.2975436],[5.3673722,43.2975277],[5.3673891,43.2975334]]]}},{"type":"Feature","properties":{"osm_id":"way/67717940","name":null,"building":"apartments","highway":null,"tourism":null,"historic":null,"amenity":null,"height_m":10,"height_source":"default","levels":null,"source":"OpenStreetMap"},"geometry":{"type":"Polygon","coordinates":[[[5.3665885,43.2986262],[5.3665318,43.2986407],[5.3665254,43.2986424],[5.3664565,43.29866],[5.3664442,43.2986228],[5.3664354,43.2985964],[5.3665696,43.2985741],[5.3665885,43.2986262]]]}},{"type":"Feature","properties":{"osm_id":"way/67717942","name":null,"building":"yes","highway":null,"tourism":null,"historic":null,"amenity":null,"height_m":10,"height_source":"default","levels":null,"source":"OpenStreetMap"},"geometry":{"type":"Polygon","coordinates":[[[5.3668183,43.2977287],[5.3668493,43.297852],[5.3667832,43.2978633],[5.3667684,43.2978045],[5.3667493,43.2977307],[5.3667879,43.2977296],[5.3668183,43.2977287]]]}},{"type":"Feature","properties":{"osm_id":"way/67717961","name":null,"building":"yes","highway":null,"tourism":null,"historic":"manor","amenity":null,"height_m":10,"height_source":"default","levels":null,"source":"OpenStreetMap"},"geometry":{"type":"Polygon","coordinates":[[[5.3673736,43.2993749],[5.3673429,43.2992485],[5.3673745,43.2992475],[5.3673795,43.2992756],[5.3674181,43.2992751],[5.3674413,43.2993716],[5.3674,43.2993736],[5.3673736,43.2993749]]]}},{"type":"Feature","properties":{"osm_id":"way/67717963","name":null,"building":"yes","highway":null,"tourism":null,"historic":null,"amenity":null,"height_m":10,"height_source":"default","levels":null,"source":"OpenStreetMap"},"geometry":{"type":"Polygon","coordinates":[[[5.3682373,43.2977764],[5.3682829,43.297836],[5.3683136,43.297876],[5.3682748,43.297892],[5.3682312,43.2977777],[5.3682373,43.2977764]]]}},{"type":"Feature","properties":{"osm_id":"way/67717964","name":null,"building":"yes","highway":null,"tourism":null,"historic":null,"amenity":null,"height_m":22.400000000000002,"height_source":"osm","levels":"7","source":"OpenStreetMap"},"geometry":{"type":"Polygon","coordinates":[[[5.3726689,43.2977993],[5.3726832,43.2978023],[5.3726961,43.2978115],[5.3727007,43.2978243],[5.3726956,43.297837],[5.3725331,43.2980353],[5.372412,43.2979739],[5.3724582,43.2979177],[5.3724518,43.2979094],[5.3724105,43.2979099],[5.3723618,43.2979102],[5.3723519,43.2978027],[5.3723783,43.2978024],[5.3724493,43.2978017],[5.3725193,43.2978009],[5.3725914,43.2978001],[5.3726689,43.2977993]]]}},{"type":"Feature","properties":{"osm_id":"way/67717968","name":null,"building":"apartments","highway":null,"tourism":null,"historic":null,"amenity":null,"height_m":10,"height_source":"default","levels":null,"source":"OpenStreetMap"},"geometry":{"type":"Polygon","coordinates":[[[5.3687437,43.2994774],[5.3687387,43.299437],[5.3687533,43.299435],[5.3688636,43.2994224],[5.368865,43.2994405],[5.3688667,43.2994633],[5.3688643,43.2994638],[5.3687437,43.2994774]]]}},{"type":"Feature","properties":{"osm_id":"way/67717973","name":null,"building":"yes","highway":null,"tourism":null,"historic":null,"amenity":null,"height_m":10,"height_source":"default","levels":null,"source":"OpenStreetMap"},"geometry":{"type":"Polygon","coordinates":[[[5.3679455,43.2991575],[5.3680583,43.2991432],[5.3680829,43.2991408],[5.368104,43.2991847],[5.3679666,43.2992017],[5.3679534,43.2991741],[5.3679455,43.2991575]]]}},{"type":"Feature","properties":{"osm_id":"way/67717974","name":null,"building":"yes","highway":null,"tourism":null,"historic":"manor","amenity":null,"height_m":10,"height_source":"default","levels":null,"source":"OpenStreetMap"},"geometry":{"type":"Polygon","coordinates":[[[5.3669343,43.299554],[5.3669527,43.2994811],[5.3669539,43.2994735],[5.3669657,43.2994256],[5.3670103,43.2994248],[5.3670415,43.2994243],[5.3670448,43.2995071],[5.3670462,43.2995314],[5.3670153,43.2995232],[5.3670084,43.2995771],[5.3669343,43.299554]]]}},{"type":"Feature","properties":{"osm_id":"way/67717977","name":null,"building":"yes","highway":null,"tourism":null,"historic":null,"amenity":null,"height_m":3.2,"height_source":"osm","levels":"1","source":"OpenStreetMap"},"geometry":{"type":"Polygon","coordinates":[[[5.3735018,43.2965041],[5.3735786,43.2964976],[5.3735408,43.2965436],[5.3735052,43.2965278],[5.3735018,43.2965041]]]}},{"type":"Feature","properties":{"osm_id":"way/67717980","name":null,"building":"yes","highway":null,"tourism":null,"historic":null,"amenity":null,"height_m":12.8,"height_source":"osm","levels":"4","source":"OpenStreetMap"},"geometry":{"type":"Polygon","coordinates":[[[5.3685625,43.2985415],[5.3686343,43.2985019],[5.3686535,43.2984917],[5.368666,43.2984859],[5.368694,43.298514],[5.3687206,43.2985436],[5.3687144,43.2985475],[5.3686174,43.2986014],[5.3685902,43.2985717],[5.3685625,43.2985415]]]}},{"type":"Feature","properties":{"osm_id":"way/67717981","name":null,"building":"apartments","highway":null,"tourism":null,"historic":null,"amenity":null,"height_m":10,"height_source":"default","levels":null,"source":"OpenStreetMap"},"geometry":{"type":"Polygon","coordinates":[[[5.3662833,43.2981388],[5.3663982,43.2981172],[5.3664143,43.2981605],[5.3662986,43.2981811],[5.3662883,43.2981526],[5.3662833,43.2981388]]]}},{"type":"Feature","properties":{"osm_id":"way/67717982","name":null,"building":"yes","highway":null,"tourism":null,"historic":null,"amenity":null,"height_m":10,"height_source":"default","levels":null,"source":"OpenStreetMap"},"geometry":{"type":"Polygon","coordinates":[[[5.3671287,43.2974642],[5.3671578,43.2974204],[5.3671802,43.2973861],[5.3672003,43.2973554],[5.3672047,43.2973566],[5.3672632,43.2973764],[5.3671846,43.2974932],[5.3671287,43.2974642]]]}},{"type":"Feature","properties":{"osm_id":"way/67717992","name":null,"building":"apartments","highway":null,"tourism":null,"historic":null,"amenity":null,"height_m":10,"height_source":"default","levels":null,"source":"OpenStreetMap"},"geometry":{"type":"Polygon","coordinates":[[[5.3665409,43.298491],[5.3665554,43.2985312],[5.3664224,43.2985538],[5.3664111,43.2985186],[5.3664079,43.2985086],[5.3665409,43.298491]]]}},{"type":"Feature","properties":{"osm_id":"way/67717993","name":null,"building":"yes","highway":null,"tourism":null,"historic":null,"amenity":null,"height_m":10,"height_source":"default","levels":null,"source":"OpenStreetMap"},"geometry":{"type":"Polygon","coordinates":[[[5.3663908,43.2972697],[5.3663932,43.2973616],[5.3663343,43.2973707],[5.3663284,43.2972875],[5.3663549,43.2972799],[5.3663908,43.2972697]]]}},{"type":"Feature","properties":{"osm_id":"way/67718001","name":null,"building":"yes","highway":null,"tourism":null,"historic":null,"amenity":null,"height_m":10,"height_source":"default","levels":null,"source":"OpenStreetMap"},"geometry":{"type":"Polygon","coordinates":[[[5.3671051,43.2994239],[5.3671247,43.2995115],[5.3671191,43.2995112],[5.3670448,43.2995071],[5.3670415,43.2994243],[5.3670793,43.2994241],[5.3671051,43.2994239]]]}},{"type":"Feature","properties":{"osm_id":"way/67718003","name":null,"building":"yes","highway":null,"tourism":null,"historic":null,"amenity":null,"height_m":10,"height_source":"default","levels":null,"source":"OpenStreetMap"},"geometry":{"type":"Polygon","coordinates":[[[5.3680585,43.2979798],[5.3681544,43.2979418],[5.368194,43.2979652],[5.3681701,43.2979747],[5.3680837,43.2980089],[5.3680703,43.2979935],[5.3680585,43.2979798]]]}},{"type":"Feature","properties":{"osm_id":"way/67718019","name":null,"building":"apartments","highway":null,"tourism":null,"historic":null,"amenity":null,"height_m":10,"height_source":"default","levels":null,"source":"OpenStreetMap"},"geometry":{"type":"Polygon","coordinates":[[[5.3662216,43.2979524],[5.3663656,43.2979354],[5.3663817,43.2979846],[5.3663489,43.2979893],[5.3662409,43.2980068],[5.3662298,43.2979756],[5.3662216,43.2979524]]]}},{"type":"Feature","properties":{"osm_id":"way/67718024","name":null,"building":"roof","highway":null,"tourism":null,"historic":null,"amenity":null,"height_m":10,"height_source":"default","levels":null,"source":"OpenStreetMap"},"geometry":{"type":"Polygon","coordinates":[[[5.3660101,43.2961994],[5.3660273,43.2961558],[5.3660557,43.2960835],[5.3660695,43.2960484],[5.3661082,43.2960563],[5.366053,43.2962076],[5.3660101,43.2961994]]]}},{"type":"Feature","properties":{"osm_id":"way/67718026","name":null,"building":"yes","highway":null,"tourism":null,"historic":null,"amenity":null,"height_m":10,"height_source":"default","levels":null,"source":"OpenStreetMap"},"geometry":{"type":"Polygon","coordinates":[[[5.3717376,43.2969243],[5.3718005,43.296931],[5.3719008,43.2969418],[5.3718559,43.2971763],[5.3716923,43.2971593],[5.3717154,43.2970394],[5.3717376,43.2969243]]]}},{"type":"Feature","properties":{"osm_id":"way/67718029","name":null,"building":"apartments","highway":null,"tourism":null,"historic":null,"amenity":null,"height_m":10,"height_source":"default","levels":null,"source":"OpenStreetMap"},"geometry":{"type":"Polygon","coordinates":[[[5.3669679,43.298405],[5.3668333,43.2984232],[5.3668154,43.2983796],[5.3668756,43.2983718],[5.3669505,43.298361],[5.3669679,43.298405]]]}},{"type":"Feature","properties":{"osm_id":"way/67718039","name":null,"building":"yes","highway":null,"tourism":null,"historic":null,"amenity":null,"height_m":10,"height_source":"default","levels":null,"source":"OpenStreetMap"},"geometry":{"type":"Polygon","coordinates":[[[5.3657377,43.29813],[5.3657393,43.2981338],[5.3657524,43.298162],[5.3657507,43.2981625],[5.3657179,43.2981677],[5.3657297,43.2981944],[5.3657336,43.2982055],[5.3657304,43.2982066],[5.3657073,43.2982103],[5.3656858,43.2982157],[5.3654593,43.298244],[5.3654797,43.2981887],[5.3654965,43.2981433],[5.3657377,43.29813]]]}},{"type":"Feature","properties":{"osm_id":"way/67718044","name":null,"building":"apartments","highway":null,"tourism":null,"historic":null,"amenity":null,"height_m":10,"height_source":"default","levels":null,"source":"OpenStreetMap"},"geometry":{"type":"Polygon","coordinates":[[[5.3686875,43.2986787],[5.3686948,43.298676],[5.3687252,43.2986719],[5.3688083,43.2986311],[5.3688392,43.2986639],[5.3688672,43.2986916],[5.3687557,43.298714],[5.3687251,43.2987203],[5.3687061,43.2986992],[5.3686875,43.2986787]]]}},{"type":"Feature","properties":{"osm_id":"way/67718048","name":null,"building":"yes","highway":null,"tourism":null,"historic":null,"amenity":null,"height_m":10,"height_source":"default","levels":null,"source":"OpenStreetMap"},"geometry":{"type":"Polygon","coordinates":[[[5.3677239,43.2991155],[5.3677298,43.2991364],[5.3676884,43.299146],[5.3676809,43.2991241],[5.3677239,43.2991155]]]}},{"type":"Feature","properties":{"osm_id":"way/67718055","name":null,"building":"yes","highway":null,"tourism":null,"historic":null,"amenity":null,"height_m":10,"height_source":"default","levels":null,"source":"OpenStreetMap"},"geometry":{"type":"Polygon","coordinates":[[[5.3658642,43.2978236],[5.3659976,43.297813],[5.3660125,43.2978605],[5.3658791,43.2978732],[5.3658703,43.2978439],[5.3658642,43.2978236]]]}},{"type":"Feature","properties":{"osm_id":"way/67718059","name":null,"building":"yes","highway":null,"tourism":null,"historic":null,"amenity":null,"height_m":10,"height_source":"default","levels":null,"source":"OpenStreetMap"},"geometry":{"type":"Polygon","coordinates":[[[5.3663533,43.299286],[5.3664946,43.2992808],[5.3664997,43.2992944],[5.3664883,43.2992961],[5.3664934,43.2993142],[5.3664665,43.2993154],[5.3664781,43.2993477],[5.3663771,43.2993558],[5.3663621,43.2993117],[5.3663533,43.299286]]]}},{"type":"Feature","properties":{"osm_id":"way/67718062","name":null,"building":"yes","highway":null,"tourism":null,"historic":null,"amenity":null,"height_m":22.400000000000002,"height_source":"osm","levels":"7","source":"OpenStreetMap"},"geometry":{"type":"Polygon","coordinates":[[[5.3727077,43.2975337],[5.3727863,43.297436],[5.3728649,43.2973392],[5.3730402,43.2974151],[5.3730313,43.2974261],[5.3729689,43.297503],[5.3728829,43.2976091],[5.3727077,43.2975337]]]}},{"type":"Feature","properties":{"osm_id":"way/67718065","name":null,"building":"yes","highway":null,"tourism":null,"historic":null,"amenity":null,"height_m":10,"height_source":"default","levels":null,"source":"OpenStreetMap"},"geometry":{"type":"Polygon","coordinates":[[[5.3654179,43.2983428],[5.365622,43.2983176],[5.3656327,43.2983652],[5.3655556,43.2983772],[5.3653959,43.2983929],[5.365408,43.2983653],[5.3654179,43.2983428]]]}},{"type":"Feature","properties":{"osm_id":"way/67718069","name":null,"building":"yes","highway":null,"tourism":null,"historic":null,"amenity":null,"height_m":10,"height_source":"default","levels":null,"source":"OpenStreetMap"},"geometry":{"type":"Polygon","coordinates":[[[5.369919,43.2993389],[5.3699166,43.2993156],[5.3699429,43.2993186],[5.3699667,43.2993201],[5.369977,43.2993208],[5.3699756,43.2993339],[5.3699631,43.2993335],[5.3699619,43.2993408],[5.369919,43.2993389]]]}},{"type":"Feature","properties":{"osm_id":"way/67718077","name":null,"building":"yes","highway":null,"tourism":null,"historic":null,"amenity":null,"height_m":10,"height_source":"default","levels":null,"source":"OpenStreetMap"},"geometry":{"type":"Polygon","coordinates":[[[5.3675844,43.2984434],[5.3676933,43.2984128],[5.3677097,43.298443],[5.3677179,43.29846],[5.367607,43.29849],[5.3675904,43.2984558],[5.3675844,43.2984434]]]}},{"type":"Feature","properties":{"osm_id":"way/67718078","name":null,"building":"yes","highway":null,"tourism":null,"historic":null,"amenity":null,"height_m":10,"height_source":"default","levels":null,"source":"OpenStreetMap"},"geometry":{"type":"Polygon","coordinates":[[[5.3648775,43.2977126],[5.364906,43.2977838],[5.364868,43.2977898],[5.3648411,43.297794],[5.3648211,43.2977272],[5.3648775,43.2977126]]]}},{"type":"Feature","properties":{"osm_id":"way/67718085","name":null,"building":"apartments","highway":null,"tourism":null,"historic":null,"amenity":null,"height_m":12.8,"height_source":"osm","levels":"4","source":"OpenStreetMap"},"geometry":{"type":"Polygon","coordinates":[[[5.3691286,43.2991844],[5.3691744,43.2991788],[5.3691747,43.2991811],[5.3691886,43.2991797],[5.3691824,43.299153],[5.3692083,43.2991465],[5.3692287,43.2991732],[5.3692551,43.2992398],[5.3691987,43.2992409],[5.3691546,43.2992418],[5.3691286,43.2991844]]]}},{"type":"Feature","properties":{"osm_id":"way/67718095","name":null,"building":"yes","highway":null,"tourism":null,"historic":null,"amenity":null,"height_m":3.2,"height_source":"osm","levels":"1","source":"OpenStreetMap"},"geometry":{"type":"Polygon","coordinates":[[[5.3700524,43.2983135],[5.3701036,43.2983144],[5.370102,43.29835],[5.3700516,43.2983494],[5.3700524,43.2983135]]]}},{"type":"Feature","properties":{"osm_id":"way/67718099","name":null,"building":"yes","highway":null,"tourism":null,"historic":null,"amenity":null,"height_m":10,"height_source":"default","levels":null,"source":"OpenStreetMap"},"geometry":{"type":"Polygon","coordinates":[[[5.3669246,43.2982122],[5.3668849,43.2981347],[5.3669383,43.2981251],[5.3669764,43.2982036],[5.3669733,43.2982043],[5.3669419,43.2982093],[5.3669278,43.2982116],[5.3669246,43.2982122]]]}},{"type":"Feature","properties":{"osm_id":"way/67718110","name":null,"building":"apartments","highway":null,"tourism":null,"historic":null,"amenity":null,"height_m":19.200000000000003,"height_source":"osm","levels":"6","source":"OpenStreetMap"},"geometry":{"type":"Polygon","coordinates":[[[5.3656756,43.2978455],[5.3656674,43.2977842],[5.365667,43.2977824],[5.3656901,43.2977824],[5.3657123,43.2977824],[5.3657189,43.2978443],[5.3656756,43.2978455]]]}},{"type":"Feature","properties":{"osm_id":"way/67718113","name":null,"building":"yes","highway":null,"tourism":null,"historic":null,"amenity":null,"height_m":10,"height_source":"default","levels":null,"source":"OpenStreetMap"},"geometry":{"type":"Polygon","coordinates":[[[5.3728015,43.2967473],[5.3728136,43.2966586],[5.3728161,43.2966463],[5.3728864,43.2966478],[5.3728937,43.296758],[5.372839,43.2967516],[5.3728015,43.2967473]]]}},{"type":"Feature","properties":{"osm_id":"way/67718120","name":null,"building":"yes","highway":null,"tourism":null,"historic":null,"amenity":null,"height_m":10,"height_source":"default","levels":null,"source":"OpenStreetMap"},"geometry":{"type":"Polygon","coordinates":[[[5.3652204,43.2982548],[5.3652474,43.2982014],[5.365392,43.2982179],[5.3653806,43.2982431],[5.3653683,43.2982701],[5.3652204,43.2982548]]]}},{"type":"Feature","properties":{"osm_id":"way/67718139","name":null,"building":"yes","highway":null,"tourism":null,"historic":null,"amenity":null,"height_m":10,"height_source":"default","levels":null,"source":"OpenStreetMap"},"geometry":{"type":"Polygon","coordinates":[[[5.3678344,43.2981553],[5.3677434,43.2981813],[5.3676411,43.2982115],[5.3676403,43.2982093],[5.3676143,43.2981653],[5.3675978,43.2981364],[5.367783,43.2980849],[5.3677714,43.298064],[5.3678079,43.298054],[5.3678962,43.2981389],[5.3678943,43.2981395],[5.3679256,43.2981995],[5.3679737,43.2982917],[5.3679141,43.298308],[5.3679064,43.2982932],[5.3678416,43.2981707],[5.3678344,43.2981553]]]}},{"type":"Feature","properties":{"osm_id":"way/67718141","name":null,"building":"yes","highway":null,"tourism":null,"historic":null,"amenity":null,"height_m":10,"height_source":"default","levels":null,"source":"OpenStreetMap"},"geometry":{"type":"Polygon","coordinates":[[[5.3669583,43.2977251],[5.3669719,43.2977893],[5.3669042,43.297793],[5.3668867,43.2977273],[5.3669242,43.2977261],[5.3669583,43.2977251]]]}},{"type":"Feature","properties":{"osm_id":"way/67718149","name":null,"building":"apartments","highway":null,"tourism":null,"historic":null,"amenity":null,"height_m":10,"height_source":"default","levels":null,"source":"OpenStreetMap"},"geometry":{"type":"Polygon","coordinates":[[[5.3688887,43.2990275],[5.3687718,43.2990596],[5.3687572,43.2990628],[5.3687556,43.2990596],[5.368737,43.2990215],[5.3687394,43.2990209],[5.3687386,43.2990179],[5.36886,43.2989886],[5.3688715,43.2990042],[5.3688887,43.2990275]]]}},{"type":"Feature","properties":{"osm_id":"way/67718152","name":null,"building":"yes","highway":null,"tourism":null,"historic":null,"amenity":null,"height_m":10,"height_source":"default","levels":null,"source":"OpenStreetMap"},"geometry":{"type":"Polygon","coordinates":[[[5.3686244,43.2982817],[5.3685381,43.2983272],[5.3685276,43.2983207],[5.3684983,43.298284],[5.3685933,43.2982421],[5.368609,43.2982621],[5.3686244,43.2982817]]]}},{"type":"Feature","properties":{"osm_id":"way/67718160","name":null,"building":"yes","highway":null,"tourism":null,"historic":null,"amenity":null,"height_m":10,"height_source":"default","levels":null,"source":"OpenStreetMap"},"geometry":{"type":"Polygon","coordinates":[[[5.3690918,43.298186],[5.3691674,43.2981937],[5.3691595,43.2982167],[5.3691514,43.2982401],[5.3690802,43.2982337],[5.3690918,43.298186]]]}},{"type":"Feature","properties":{"osm_id":"way/67718166","name":null,"building":"apartments","highway":null,"tourism":null,"historic":null,"amenity":null,"height_m":10,"height_source":"default","levels":null,"source":"OpenStreetMap"},"geometry":{"type":"Polygon","coordinates":[[[5.3684516,43.2994373],[5.3684422,43.2993401],[5.3684757,43.2993372],[5.3685007,43.2993351],[5.3685099,43.299433],[5.3684516,43.2994373]]]}},{"type":"Feature","properties":{"osm_id":"way/67718167","name":null,"building":"roof","highway":null,"tourism":null,"historic":null,"amenity":null,"height_m":10,"height_source":"default","levels":null,"source":"OpenStreetMap"},"geometry":{"type":"Polygon","coordinates":[[[5.3705708,43.2990313],[5.3706378,43.2989918],[5.3706193,43.2991513],[5.3705547,43.2991559],[5.3705708,43.2990313]]]}},{"type":"Feature","properties":{"osm_id":"way/67718178","name":null,"building":"yes","highway":null,"tourism":null,"historic":null,"amenity":null,"height_m":10,"height_source":"default","levels":null,"source":"OpenStreetMap"},"geometry":{"type":"Polygon","coordinates":[[[5.3667422,43.2991487],[5.3668603,43.2991351],[5.3668616,43.2991364],[5.3668713,43.2991695],[5.3668768,43.2991883],[5.3667604,43.2992027],[5.3667422,43.2991487]]]}},{"type":"Feature","properties":{"osm_id":"way/67718180","name":null,"building":"yes","highway":null,"tourism":null,"historic":null,"amenity":null,"height_m":16,"height_source":"osm","levels":"5","source":"OpenStreetMap"},"geometry":{"type":"Polygon","coordinates":[[[5.367322,43.2969976],[5.3672361,43.2969849],[5.3672344,43.2969289],[5.367234,43.2969136],[5.3673014,43.2969241],[5.3673384,43.2969298],[5.367322,43.2969976]]]}},{"type":"Feature","properties":{"osm_id":"way/67718186","name":null,"building":"yes","highway":null,"tourism":null,"historic":null,"amenity":null,"height_m":10,"height_source":"default","levels":null,"source":"OpenStreetMap"},"geometry":{"type":"Polygon","coordinates":[[[5.3728864,43.2966478],[5.3728161,43.2966463],[5.3728136,43.2966586],[5.372762,43.2966515],[5.3727889,43.2965346],[5.3728164,43.2965345],[5.3728413,43.2965345],[5.3728277,43.2965868],[5.3729847,43.2965833],[5.3729966,43.2966497],[5.3729417,43.2966486],[5.3728864,43.2966478]]]}},{"type":"Feature","properties":{"osm_id":"way/67718190","name":null,"building":"apartments","highway":null,"tourism":null,"historic":null,"amenity":null,"height_m":10,"height_source":"default","levels":null,"source":"OpenStreetMap"},"geometry":{"type":"Polygon","coordinates":[[[5.3659328,43.2980379],[5.3660575,43.2980157],[5.3660703,43.2980565],[5.3660727,43.2980663],[5.3659485,43.2980835],[5.3659377,43.2980522],[5.3659328,43.2980379]]]}},{"type":"Feature","properties":{"osm_id":"way/67718192","name":null,"building":"yes","highway":null,"tourism":null,"historic":null,"amenity":null,"height_m":10,"height_source":"default","levels":null,"source":"OpenStreetMap"},"geometry":{"type":"Polygon","coordinates":[[[5.3651658,43.2975001],[5.365014,43.2975365],[5.3649873,43.2974908],[5.3651509,43.2974509],[5.3651602,43.2974816],[5.3651658,43.2975001]]]}},{"type":"Feature","properties":{"osm_id":"way/67718221","name":null,"building":"apartments","highway":null,"tourism":null,"historic":null,"amenity":null,"height_m":10,"height_source":"default","levels":null,"source":"OpenStreetMap"},"geometry":{"type":"Polygon","coordinates":[[[5.3660949,43.2985196],[5.3661912,43.2985042],[5.3662005,43.2985357],[5.3662042,43.2985422],[5.3661095,43.2985616],[5.3661004,43.2985354],[5.3660949,43.2985196]]]}},{"type":"Feature","properties":{"osm_id":"way/67718237","name":null,"building":"yes","highway":null,"tourism":null,"historic":null,"amenity":null,"height_m":10,"height_source":"default","levels":null,"source":"OpenStreetMap"},"geometry":{"type":"Polygon","coordinates":[[[5.3687105,43.2969418],[5.3687158,43.2969137],[5.3687324,43.2968276],[5.3687386,43.296828],[5.3687437,43.2968327],[5.3687432,43.2968344],[5.368737,43.2968374],[5.3687271,43.29689],[5.3687337,43.2968908],[5.3687227,43.2969461],[5.3687092,43.2969453],[5.3687105,43.2969418]]]}},{"type":"Feature","properties":{"osm_id":"way/67718244","name":null,"building":"yes","highway":null,"tourism":null,"historic":null,"amenity":null,"height_m":10,"height_source":"default","levels":null,"source":"OpenStreetMap"},"geometry":{"type":"Polygon","coordinates":[[[5.3688675,43.2981639],[5.3688471,43.2982446],[5.368816,43.2982417],[5.3688193,43.2981592],[5.3688675,43.2981639]]]}},{"type":"Feature","properties":{"osm_id":"way/67718251","name":null,"building":"apartments","highway":null,"tourism":null,"historic":null,"amenity":null,"height_m":12.8,"height_source":"osm","levels":"4","source":"OpenStreetMap"},"geometry":{"type":"Polygon","coordinates":[[[5.368926,43.2988802],[5.3689339,43.2988754],[5.3689431,43.2988725],[5.368953,43.2988714],[5.3689572,43.2988715],[5.3689653,43.2988727],[5.3689713,43.298875],[5.3689783,43.2988788],[5.3689844,43.2988846],[5.3689881,43.2988913],[5.3689891,43.2988987],[5.368989,43.2989022],[5.3689856,43.2989093],[5.36898,43.2989154],[5.368974,43.2989194],[5.368968,43.298922],[5.368958,43.2989239],[5.3689483,43.298924],[5.3689384,43.298922],[5.3689297,43.2989181],[5.3689231,43.2989127],[5.3689187,43.298906],[5.3689169,43.2988988],[5.3689174,43.2988933],[5.3689206,43.2988863],[5.368926,43.2988802]]]}},{"type":"Feature","properties":{"osm_id":"way/67718282","name":null,"building":"yes","highway":null,"tourism":null,"historic":null,"amenity":null,"height_m":10,"height_source":"default","levels":null,"source":"OpenStreetMap"},"geometry":{"type":"Polygon","coordinates":[[[5.3681991,43.298549],[5.3681516,43.2985605],[5.368146,43.2985414],[5.3681414,43.2985259],[5.368188,43.2985145],[5.3681991,43.298549]]]}},{"type":"Feature","properties":{"osm_id":"way/67718284","name":null,"building":"yes","highway":null,"tourism":null,"historic":null,"amenity":null,"height_m":10,"height_source":"default","levels":null,"source":"OpenStreetMap"},"geometry":{"type":"Polygon","coordinates":[[[5.3650578,43.2983712],[5.3650628,43.2983868],[5.3650705,43.2984085],[5.3650747,43.2984198],[5.3649648,43.2984378],[5.36495,43.2983992],[5.3649427,43.29838],[5.3649495,43.2983797],[5.3650578,43.2983712]]]}},{"type":"Feature","properties":{"osm_id":"way/67718305","name":null,"building":"apartments","highway":null,"tourism":null,"historic":null,"amenity":null,"height_m":10,"height_source":"default","levels":null,"source":"OpenStreetMap"},"geometry":{"type":"Polygon","coordinates":[[[5.3659073,43.2981686],[5.3657666,43.2981976],[5.3657507,43.2981625],[5.3657524,43.298162],[5.3657393,43.2981338],[5.3658875,43.2981108],[5.3658993,43.2981453],[5.3659073,43.2981686]]]}},{"type":"Feature","properties":{"osm_id":"way/67718306","name":null,"building":"yes","highway":null,"tourism":null,"historic":null,"amenity":null,"height_m":10,"height_source":"default","levels":null,"source":"OpenStreetMap"},"geometry":{"type":"Polygon","coordinates":[[[5.3651287,43.2982139],[5.3650898,43.2982135],[5.3650899,43.2982085],[5.3650874,43.2982087],[5.3650833,43.298185],[5.3651309,43.2981893],[5.3651287,43.2982139]]]}},{"type":"Feature","properties":{"osm_id":"way/67718322","name":null,"building":"yes","highway":null,"tourism":null,"historic":null,"amenity":null,"height_m":10,"height_source":"default","levels":null,"source":"OpenStreetMap"},"geometry":{"type":"Polygon","coordinates":[[[5.3687368,43.2981522],[5.3687648,43.2981551],[5.3687572,43.2981908],[5.3687298,43.2981865],[5.3687368,43.2981522]]]}},{"type":"Feature","properties":{"osm_id":"way/67718325","name":null,"building":"yes","highway":null,"tourism":null,"historic":null,"amenity":null,"height_m":10,"height_source":"default","levels":null,"source":"OpenStreetMap"},"geometry":{"type":"Polygon","coordinates":[[[5.367575,43.299181],[5.3675628,43.2991448],[5.3676465,43.2991257],[5.3676616,43.2991441],[5.3676647,43.2991652],[5.3676274,43.2991697],[5.3676282,43.2991714],[5.367575,43.299181]]]}},{"type":"Feature","properties":{"osm_id":"way/67718329","name":null,"building":"yes","highway":null,"tourism":null,"historic":null,"amenity":null,"height_m":10,"height_source":"default","levels":null,"source":"OpenStreetMap"},"geometry":{"type":"Polygon","coordinates":[[[5.3706521,43.2968018],[5.3706581,43.2967725],[5.3706856,43.2967753],[5.3708627,43.2967937],[5.3710876,43.2968171],[5.3713873,43.2968481],[5.3714429,43.2968539],[5.3714374,43.2968827],[5.3706521,43.2968018]]]}},{"type":"Feature","properties":{"osm_id":"way/67718336","name":"Normal","building":"yes","highway":null,"tourism":null,"historic":null,"amenity":null,"height_m":22.400000000000002,"height_source":"osm","levels":"7","source":"OpenStreetMap"},"geometry":{"type":"Polygon","coordinates":[[[5.3721201,43.2985405],[5.3720363,43.2986434],[5.37196,43.2987372],[5.3717894,43.2986628],[5.3719507,43.2984671],[5.3721201,43.2985405]]]}},{"type":"Feature","properties":{"osm_id":"way/67718340","name":null,"building":"yes","highway":null,"tourism":null,"historic":null,"amenity":null,"height_m":10,"height_source":"default","levels":null,"source":"OpenStreetMap"},"geometry":{"type":"Polygon","coordinates":[[[5.3674795,43.299509],[5.3674808,43.299481],[5.3674823,43.2994499],[5.3674706,43.2994504],[5.3674695,43.2994099],[5.3674996,43.2994086],[5.3675425,43.2994068],[5.3675459,43.2995063],[5.3674795,43.299509]]]}},{"type":"Feature","properties":{"osm_id":"way/67718343","name":null,"building":"apartments","highway":null,"tourism":null,"historic":null,"amenity":null,"height_m":10,"height_source":"default","levels":null,"source":"OpenStreetMap"},"geometry":{"type":"Polygon","coordinates":[[[5.3663231,43.2973971],[5.3663213,43.2974933],[5.3662576,43.2975027],[5.3662632,43.2974717],[5.3662699,43.2974063],[5.3662736,43.2974055],[5.3663047,43.2974002],[5.3663231,43.2973971]]]}},{"type":"Feature","properties":{"osm_id":"way/67718347","name":null,"building":"yes","highway":null,"tourism":null,"historic":null,"amenity":null,"height_m":10,"height_source":"default","levels":null,"source":"OpenStreetMap"},"geometry":{"type":"Polygon","coordinates":[[[5.3682384,43.299162],[5.368347,43.2991485],[5.3683559,43.2991936],[5.3683108,43.2991995],[5.3682475,43.299207],[5.3682421,43.2991803],[5.3682384,43.299162]]]}},{"type":"Feature","properties":{"osm_id":"way/67718349","name":null,"building":"yes","highway":null,"tourism":null,"historic":null,"amenity":null,"height_m":10,"height_source":"default","levels":null,"source":"OpenStreetMap"},"geometry":{"type":"Polygon","coordinates":[[[5.3679624,43.2976327],[5.3679469,43.2975375],[5.3679474,43.2975357],[5.368015,43.2975319],[5.3680414,43.2975302],[5.3680585,43.297625],[5.3680188,43.2976282],[5.3679624,43.2976327]]]}},{"type":"Feature","properties":{"osm_id":"way/67718353","name":null,"building":"yes","highway":null,"tourism":null,"historic":null,"amenity":null,"height_m":10,"height_source":"default","levels":null,"source":"OpenStreetMap"},"geometry":{"type":"Polygon","coordinates":[[[5.3643858,43.2964764],[5.3644241,43.2965214],[5.3643983,43.2965326],[5.3643601,43.2964876],[5.3643858,43.2964764]]]}},{"type":"Feature","properties":{"osm_id":"way/67718358","name":null,"building":"yes","highway":null,"tourism":null,"historic":null,"amenity":null,"height_m":10,"height_source":"default","levels":null,"source":"OpenStreetMap"},"geometry":{"type":"Polygon","coordinates":[[[5.3680808,43.2985768],[5.3680899,43.2986171],[5.368108,43.298697],[5.3680879,43.2987002],[5.3680557,43.2987052],[5.3680509,43.2987055],[5.3680205,43.2985819],[5.3680808,43.2985768]]]}},{"type":"Feature","properties":{"osm_id":"way/67718359","name":null,"building":"yes","highway":null,"tourism":null,"historic":null,"amenity":null,"height_m":10,"height_source":"default","levels":null,"source":"OpenStreetMap"},"geometry":{"type":"Polygon","coordinates":[[[5.3671483,43.2979686],[5.3671302,43.2979141],[5.3671962,43.2979056],[5.367199,43.2979095],[5.367224,43.2979599],[5.3671797,43.297965],[5.3671483,43.2979686]]]}},{"type":"Feature","properties":{"osm_id":"way/67718364","name":null,"building":"apartments","highway":null,"tourism":null,"historic":null,"amenity":null,"height_m":10,"height_source":"default","levels":null,"source":"OpenStreetMap"},"geometry":{"type":"Polygon","coordinates":[[[5.3665885,43.2986262],[5.3665696,43.2985741],[5.3665924,43.2985696],[5.3666857,43.2985525],[5.3666997,43.2985973],[5.3666489,43.2986105],[5.3665885,43.2986262]]]}},{"type":"Feature","properties":{"osm_id":"way/67718367","name":null,"building":"yes","highway":null,"tourism":null,"historic":null,"amenity":null,"height_m":10,"height_source":"default","levels":null,"source":"OpenStreetMap"},"geometry":{"type":"Polygon","coordinates":[[[5.3683458,43.2976426],[5.3683755,43.2976373],[5.3684126,43.2976306],[5.3684431,43.2977083],[5.3683795,43.297721],[5.3683458,43.2976426]]]}},{"type":"Feature","properties":{"osm_id":"way/67718371","name":null,"building":"yes","highway":null,"tourism":null,"historic":null,"amenity":null,"height_m":10,"height_source":"default","levels":null,"source":"OpenStreetMap"},"geometry":{"type":"Polygon","coordinates":[[[5.3670888,43.2990889],[5.3670607,43.2989899],[5.3671025,43.2989824],[5.3671127,43.2989809],[5.367142,43.2990797],[5.3671172,43.299084],[5.3670888,43.2990889]]]}},{"type":"Feature","properties":{"osm_id":"way/67718390","name":null,"building":"yes","highway":null,"tourism":null,"historic":null,"amenity":null,"height_m":10,"height_source":"default","levels":null,"source":"OpenStreetMap"},"geometry":{"type":"Polygon","coordinates":[[[5.368014,43.2988191],[5.3680249,43.2988175],[5.3680655,43.2988105],[5.3681297,43.2987993],[5.3681352,43.2988275],[5.3681376,43.29884],[5.3680294,43.2988624],[5.368014,43.2988191]]]}},{"type":"Feature","properties":{"osm_id":"way/67718400","name":null,"building":"yes","highway":null,"tourism":null,"historic":null,"amenity":null,"height_m":12.8,"height_source":"osm","levels":"4","source":"OpenStreetMap"},"geometry":{"type":"Polygon","coordinates":[[[5.3677763,43.2992598],[5.3678117,43.2992568],[5.3678356,43.2992553],[5.3678735,43.2993473],[5.367825,43.2993503],[5.3678034,43.2993516],[5.3677763,43.2992598]]]}},{"type":"Feature","properties":{"osm_id":"way/67718401","name":null,"building":"yes","highway":null,"tourism":null,"historic":null,"amenity":null,"height_m":10,"height_source":"default","levels":null,"source":"OpenStreetMap"},"geometry":{"type":"Polygon","coordinates":[[[5.3668345,43.2980362],[5.3668812,43.2981344],[5.3668329,43.2981456],[5.3667834,43.2980426],[5.3668054,43.2980398],[5.3668345,43.2980362]]]}},{"type":"Feature","properties":{"osm_id":"way/67718418","name":null,"building":"apartments","highway":null,"tourism":null,"historic":null,"amenity":null,"height_m":10,"height_source":"default","levels":null,"source":"OpenStreetMap"},"geometry":{"type":"Polygon","coordinates":[[[5.3667333,43.2986916],[5.3666488,43.2987102],[5.3666382,43.2986831],[5.3666267,43.2986458],[5.3667105,43.2986244],[5.3667183,43.2986473],[5.3667333,43.2986916]]]}},{"type":"Feature","properties":{"osm_id":"way/67718420","name":null,"building":"yes","highway":null,"tourism":null,"historic":null,"amenity":null,"height_m":10,"height_source":"default","levels":null,"source":"OpenStreetMap"},"geometry":{"type":"Polygon","coordinates":[[[5.3671165,43.2977841],[5.3671214,43.2978204],[5.3671243,43.2978197],[5.3671254,43.2978287],[5.3671021,43.2978315],[5.3670491,43.2978378],[5.3670459,43.2978304],[5.3670501,43.2978305],[5.3670419,43.2977909],[5.3671165,43.2977841]]]}},{"type":"Feature","properties":{"osm_id":"way/67718431","name":null,"building":"yes","highway":null,"tourism":null,"historic":null,"amenity":null,"height_m":10,"height_source":"default","levels":null,"source":"OpenStreetMap"},"geometry":{"type":"Polygon","coordinates":[[[5.3687703,43.2984316],[5.3686717,43.298482],[5.3686204,43.2984287],[5.3687163,43.2983759],[5.3687444,43.2984049],[5.3687703,43.2984316]]]}},{"type":"Feature","properties":{"osm_id":"way/67718441","name":null,"building":"yes","highway":null,"tourism":null,"historic":null,"amenity":null,"height_m":10,"height_source":"default","levels":null,"source":"OpenStreetMap"},"geometry":{"type":"Polygon","coordinates":[[[5.3651796,43.2975471],[5.3650414,43.2975841],[5.365014,43.2975365],[5.3651658,43.2975001],[5.3651746,43.2975302],[5.3651796,43.2975471]]]}},{"type":"Feature","properties":{"osm_id":"way/67718442","name":null,"building":"yes","highway":null,"tourism":null,"historic":null,"amenity":null,"height_m":3.2,"height_source":"osm","levels":"1","source":"OpenStreetMap"},"geometry":{"type":"Polygon","coordinates":[[[5.3723255,43.2979276],[5.3723647,43.2979461],[5.3723653,43.2979502],[5.3723748,43.2979544],[5.372407,43.2979716],[5.3723884,43.2979946],[5.3723253,43.2979669],[5.3723255,43.2979276]]]}},{"type":"Feature","properties":{"osm_id":"way/67718448","name":null,"building":"roof","highway":null,"tourism":null,"historic":null,"amenity":null,"height_m":10,"height_source":"default","levels":null,"source":"OpenStreetMap"},"geometry":{"type":"Polygon","coordinates":[[[5.3709699,43.2988556],[5.3710113,43.2989257],[5.3709061,43.2989575],[5.3708975,43.2989686],[5.3708231,43.2989374],[5.3709699,43.2988556]]]}},{"type":"Feature","properties":{"osm_id":"way/67718456","name":null,"building":"yes","highway":null,"tourism":null,"historic":null,"amenity":null,"height_m":10,"height_source":"default","levels":null,"source":"OpenStreetMap"},"geometry":{"type":"Polygon","coordinates":[[[5.3681961,43.2991641],[5.368104,43.2991847],[5.3680829,43.2991408],[5.3681889,43.2991175],[5.3681931,43.2991448],[5.3681961,43.2991641]]]}},{"type":"Feature","properties":{"osm_id":"way/67718464","name":null,"building":"yes","highway":null,"tourism":null,"historic":null,"amenity":null,"height_m":22.400000000000002,"height_source":"osm","levels":"7","source":"OpenStreetMap"},"geometry":{"type":"Polygon","coordinates":[[[5.3731832,43.2967915],[5.3732156,43.2966378],[5.3733181,43.29665],[5.3733166,43.29666],[5.3732858,43.2968043],[5.373225,43.2967967],[5.3731832,43.2967915]]]}},{"type":"Feature","properties":{"osm_id":"way/67718470","name":null,"building":"apartments","highway":null,"tourism":null,"historic":null,"amenity":null,"height_m":10,"height_source":"default","levels":null,"source":"OpenStreetMap"},"geometry":{"type":"Polygon","coordinates":[[[5.3665142,43.2981001],[5.3663982,43.2981172],[5.3663809,43.298075],[5.3664969,43.2980579],[5.3665055,43.2980789],[5.3665142,43.2981001]]]}},{"type":"Feature","properties":{"osm_id":"way/67718472","name":null,"building":"yes","highway":null,"tourism":null,"historic":null,"amenity":null,"height_m":10,"height_source":"default","levels":null,"source":"OpenStreetMap"},"geometry":{"type":"Polygon","coordinates":[[[5.3673195,43.2976809],[5.367322,43.2976437],[5.3673238,43.297616],[5.3673247,43.2976084],[5.3673412,43.2976109],[5.3673918,43.2976204],[5.3674047,43.2975934],[5.3674503,43.2976204],[5.3674151,43.2976786],[5.3673573,43.29768],[5.3673195,43.2976809]]]}},{"type":"Feature","properties":{"osm_id":"way/67718488","name":null,"building":"yes","highway":null,"tourism":null,"historic":null,"amenity":null,"height_m":10,"height_source":"default","levels":null,"source":"OpenStreetMap"},"geometry":{"type":"Polygon","coordinates":[[[5.3673532,43.29832],[5.3672513,43.298343],[5.3672354,43.298306],[5.3673309,43.2982816],[5.3673532,43.29832]]]}},{"type":"Feature","properties":{"osm_id":"way/67718509","name":null,"building":"yes","highway":null,"tourism":null,"historic":null,"amenity":null,"height_m":10,"height_source":"default","levels":null,"source":"OpenStreetMap"},"geometry":{"type":"Polygon","coordinates":[[[5.3683635,43.2979379],[5.3682533,43.29798],[5.3682252,43.2979917],[5.3682114,43.2979975],[5.3681944,43.298004],[5.3681701,43.2979747],[5.368194,43.2979652],[5.3682107,43.2979587],[5.3682334,43.2979514],[5.3683416,43.2979091],[5.3683539,43.2979253],[5.3683635,43.2979379]]]}},{"type":"Feature","properties":{"osm_id":"way/67718510","name":null,"building":"yes","highway":null,"tourism":null,"historic":null,"amenity":null,"height_m":10,"height_source":"default","levels":null,"source":"OpenStreetMap"},"geometry":{"type":"Polygon","coordinates":[[[5.3694104,43.2979688],[5.3694145,43.2979437],[5.3694378,43.2979458],[5.3694337,43.2979709],[5.3694104,43.2979688]]]}},{"type":"Feature","properties":{"osm_id":"way/67718516","name":null,"building":"apartments","highway":null,"tourism":null,"historic":null,"amenity":null,"height_m":10,"height_source":"default","levels":null,"source":"OpenStreetMap"},"geometry":{"type":"Polygon","coordinates":[[[5.3687972,43.2993882],[5.3687918,43.2993067],[5.3688537,43.2993006],[5.3688566,43.299335],[5.3688605,43.2993811],[5.3687972,43.2993882]]]}},{"type":"Feature","properties":{"osm_id":"way/67718521","name":null,"building":"office","highway":null,"tourism":null,"historic":null,"amenity":null,"height_m":3,"height_source":"osm","levels":"1","source":"OpenStreetMap"},"geometry":{"type":"Polygon","coordinates":[[[5.3692209,43.2958774],[5.3692288,43.2958359],[5.3693143,43.2958437],[5.3693064,43.2958851],[5.3692209,43.2958774]]]}},{"type":"Feature","properties":{"osm_id":"way/67718532","name":null,"building":"apartments","highway":null,"tourism":null,"historic":null,"amenity":null,"height_m":25.6,"height_source":"osm","levels":"8","source":"OpenStreetMap"},"geometry":{"type":"Polygon","coordinates":[[[5.3738076,43.2962912],[5.3738251,43.2962882],[5.3738518,43.2962896],[5.3738761,43.2962979],[5.3738946,43.296312],[5.3739048,43.2963301],[5.3739056,43.2963496],[5.3738968,43.296368],[5.373808,43.2964766],[5.3737396,43.2965601],[5.3735839,43.2964919],[5.3736061,43.2964631],[5.3735871,43.2963531],[5.3736376,43.2963389],[5.3738076,43.2962912]]]}},{"type":"Feature","properties":{"osm_id":"way/67718536","name":null,"building":"yes","highway":null,"tourism":null,"historic":null,"amenity":null,"height_m":10,"height_source":"default","levels":null,"source":"OpenStreetMap"},"geometry":{"type":"Polygon","coordinates":[[[5.3683494,43.2990089],[5.3683915,43.2990036],[5.3683935,43.2990477],[5.3683514,43.2990534],[5.3683494,43.2990089]]]}},{"type":"Feature","properties":{"osm_id":"way/70040774","name":null,"building":"yes","highway":null,"tourism":null,"historic":null,"amenity":null,"height_m":10,"height_source":"default","levels":null,"source":"OpenStreetMap"},"geometry":{"type":"Polygon","coordinates":[[[5.3685161,43.2925004],[5.3685171,43.2924944],[5.3685206,43.2924926],[5.3687198,43.2925251],[5.3687199,43.2925277],[5.3687177,43.2925329],[5.3686369,43.2925209],[5.3685946,43.2925141],[5.3685161,43.2925004]]]}},{"type":"Feature","properties":{"osm_id":"way/70041645","name":null,"building":"apartments","highway":null,"tourism":null,"historic":null,"amenity":null,"height_m":10,"height_source":"default","levels":null,"source":"OpenStreetMap"},"geometry":{"type":"Polygon","coordinates":[[[5.36853,43.29267],[5.3685059,43.2926671],[5.3684973,43.2926938],[5.3684129,43.2926802],[5.3683905,43.2926593],[5.3684655,43.2924929],[5.3685161,43.2925004],[5.3685946,43.2925141],[5.36853,43.29267]]]}},{"type":"Feature","properties":{"osm_id":"way/70042623","name":null,"building":"apartments","highway":null,"tourism":null,"historic":null,"amenity":null,"height_m":9.600000000000001,"height_source":"osm","levels":"3","source":"OpenStreetMap"},"geometry":{"type":"Polygon","coordinates":[[[5.3705819,43.2929938],[5.370268,43.2929783],[5.370274,43.292923],[5.3703314,43.2924008],[5.3703332,43.2923845],[5.3705363,43.2923973],[5.3707341,43.2924248],[5.3707215,43.2924703],[5.370595,43.2929435],[5.3705819,43.2929938]]]}},{"type":"Feature","properties":{"osm_id":"way/70043405","name":null,"building":"yes","highway":null,"tourism":null,"historic":null,"amenity":null,"height_m":10,"height_source":"default","levels":null,"source":"OpenStreetMap"},"geometry":{"type":"Polygon","coordinates":[[[5.3680929,43.2926254],[5.3681412,43.2925117],[5.3682017,43.2925258],[5.3682072,43.292512],[5.3682205,43.2925151],[5.3681632,43.2926436],[5.3680929,43.2926254]]]}},{"type":"Feature","properties":{"osm_id":"way/70043505","name":null,"building":"yes","highway":null,"tourism":null,"historic":null,"amenity":null,"height_m":10,"height_source":"default","levels":null,"source":"OpenStreetMap"},"geometry":{"type":"Polygon","coordinates":[[[5.3702203,43.2929754],[5.3702259,43.2929197],[5.3702379,43.2929194],[5.370274,43.292923],[5.370268,43.2929783],[5.3702203,43.2929754]]]}},{"type":"Feature","properties":{"osm_id":"way/70044763","name":null,"building":"apartments","highway":null,"tourism":null,"historic":null,"amenity":null,"height_m":10,"height_source":"default","levels":null,"source":"OpenStreetMap"},"geometry":{"type":"Polygon","coordinates":[[[5.3686756,43.2924688],[5.3687854,43.2924862],[5.3687693,43.2925335],[5.368766,43.2925413],[5.3687177,43.2925329],[5.3687199,43.2925277],[5.3687198,43.2925251],[5.3686756,43.2924688]]]}},{"type":"Feature","properties":{"osm_id":"way/70044895","name":null,"building":"yes","highway":null,"tourism":null,"historic":null,"amenity":null,"height_m":10,"height_source":"default","levels":null,"source":"OpenStreetMap"},"geometry":{"type":"Polygon","coordinates":[[[5.362082,43.2933466],[5.3620877,43.2933098],[5.3620984,43.2933078],[5.3621025,43.2933197],[5.3621151,43.2933348],[5.362082,43.2933466]]]}},{"type":"Feature","properties":{"osm_id":"way/70045783","name":null,"building":"yes","highway":null,"tourism":null,"historic":null,"amenity":null,"height_m":10,"height_source":"default","levels":null,"source":"OpenStreetMap"},"geometry":{"type":"Polygon","coordinates":[[[5.3622297,43.2935365],[5.3621943,43.2935518],[5.362121,43.2934244],[5.3621577,43.2934116],[5.3622297,43.2935365]]]}},{"type":"Feature","properties":{"osm_id":"way/70046819","name":"Badaboum Théâtre","building":"yes","highway":null,"tourism":null,"historic":null,"amenity":"theatre","height_m":10,"height_source":"default","levels":null,"source":"OpenStreetMap"},"geometry":{"type":"Polygon","coordinates":[[[5.3706445,43.2929519],[5.3706309,43.2930014],[5.3705819,43.2929938],[5.370595,43.2929435],[5.3706445,43.2929519]]]}},{"type":"Feature","properties":{"osm_id":"way/70046842","name":null,"building":"yes","highway":null,"tourism":null,"historic":null,"amenity":null,"height_m":10,"height_source":"default","levels":null,"source":"OpenStreetMap"},"geometry":{"type":"Polygon","coordinates":[[[5.3630774,43.2927057],[5.363088,43.2926705],[5.3631314,43.2926457],[5.363122,43.2926809],[5.3630774,43.2927057]]]}},{"type":"Feature","properties":{"osm_id":"way/70047249","name":null,"building":"yes","highway":null,"tourism":null,"historic":null,"amenity":null,"height_m":10,"height_source":"default","levels":null,"source":"OpenStreetMap"},"geometry":{"type":"Polygon","coordinates":[[[5.3696208,43.2926574],[5.3696424,43.2926595],[5.3696418,43.292674],[5.3696189,43.2926702],[5.3696208,43.2926574]]]}},{"type":"Feature","properties":{"osm_id":"way/70048190","name":null,"building":"apartments","highway":null,"tourism":null,"historic":null,"amenity":null,"height_m":10,"height_source":"default","levels":null,"source":"OpenStreetMap"},"geometry":{"type":"Polygon","coordinates":[[[5.3684909,43.2924386],[5.3685887,43.2924544],[5.3685253,43.2924908],[5.3685206,43.2924926],[5.3685171,43.2924944],[5.3685161,43.2925004],[5.3684655,43.2924929],[5.3684699,43.2924843],[5.3684909,43.2924386]]]}},{"type":"Feature","properties":{"osm_id":"way/70048898","name":null,"building":"yes","highway":null,"tourism":null,"historic":null,"amenity":null,"height_m":10,"height_source":"default","levels":null,"source":"OpenStreetMap"},"geometry":{"type":"Polygon","coordinates":[[[5.3696445,43.292621],[5.3697182,43.292634],[5.3697154,43.2926853],[5.3696418,43.292674],[5.3696424,43.2926595],[5.3696445,43.292621]]]}},{"type":"Feature","properties":{"osm_id":"way/70051225","name":null,"building":"apartments","highway":null,"tourism":null,"historic":null,"amenity":null,"height_m":16,"height_source":"osm","levels":"5","source":"OpenStreetMap"},"geometry":{"type":"Polygon","coordinates":[[[5.3675284,43.2924801],[5.3676006,43.2922745],[5.3678266,43.2923184],[5.3677391,43.2925338],[5.3675284,43.2924801]]]}},{"type":"Feature","properties":{"osm_id":"way/70051461","name":null,"building":"yes","highway":null,"tourism":null,"historic":null,"amenity":null,"height_m":10,"height_source":"default","levels":null,"source":"OpenStreetMap"},"geometry":{"type":"Polygon","coordinates":[[[5.3702259,43.2929197],[5.3702313,43.2928752],[5.3702422,43.2928758],[5.3702379,43.2929194],[5.3702259,43.2929197]]]}},{"type":"Feature","properties":{"osm_id":"way/70053918","name":null,"building":"apartments","highway":null,"tourism":null,"historic":null,"amenity":null,"height_m":9.600000000000001,"height_source":"osm","levels":"3","source":"OpenStreetMap"},"geometry":{"type":"Polygon","coordinates":[[[5.369054,43.2925771],[5.3689925,43.2927761],[5.3688202,43.2927444],[5.3688863,43.2925507],[5.3689767,43.2925642],[5.369054,43.2925771]]]}},{"type":"Feature","properties":{"osm_id":"way/70055514","name":"Marseille Côté Mer Plongée (MCMP)","building":"yes","highway":null,"tourism":null,"historic":null,"amenity":"dive_centre","height_m":10,"height_source":"default","levels":null,"source":"OpenStreetMap"},"geometry":{"type":"Polygon","coordinates":[[[5.3631165,43.2933967],[5.363155,43.293401],[5.3631625,43.2934085],[5.3631937,43.2934386],[5.3631551,43.2934335],[5.3631104,43.2934259],[5.3631165,43.2933967]]]}},{"type":"Feature","properties":{"osm_id":"way/70056275","name":null,"building":"yes","highway":null,"tourism":null,"historic":null,"amenity":null,"height_m":12.8,"height_source":"osm","levels":"4","source":"OpenStreetMap"},"geometry":{"type":"Polygon","coordinates":[[[5.3700464,43.2929522],[5.3697029,43.2928956],[5.3697154,43.2926853],[5.3698542,43.2927072],[5.3698456,43.2927338],[5.3700638,43.2927699],[5.3700518,43.2929528],[5.3700464,43.2929522]]]}},{"type":"Feature","properties":{"osm_id":"way/70056746","name":null,"building":"yes","highway":null,"tourism":null,"historic":null,"amenity":null,"height_m":10,"height_source":"default","levels":null,"source":"OpenStreetMap"},"geometry":{"type":"Polygon","coordinates":[[[5.3681632,43.2926436],[5.3682205,43.2925151],[5.3682834,43.2923754],[5.3683753,43.2923957],[5.3683604,43.2924439],[5.368357,43.2924491],[5.3682601,43.2926689],[5.3681632,43.2926436]]]}},{"type":"Feature","properties":{"osm_id":"way/70057115","name":null,"building":"yes","highway":null,"tourism":null,"historic":null,"amenity":null,"height_m":10,"height_source":"default","levels":null,"source":"OpenStreetMap"},"geometry":{"type":"Polygon","coordinates":[[[5.3697029,43.2928956],[5.3693169,43.2928307],[5.3693546,43.2926271],[5.3696189,43.2926702],[5.3696418,43.292674],[5.3697154,43.2926853],[5.3697029,43.2928956]]]}},{"type":"Feature","properties":{"osm_id":"way/70057694","name":null,"building":"yes","highway":null,"tourism":null,"historic":null,"amenity":null,"height_m":10,"height_source":"default","levels":null,"source":"OpenStreetMap"},"geometry":{"type":"Polygon","coordinates":[[[5.3606429,43.292521],[5.3606306,43.2925118],[5.3606192,43.2924984],[5.3606162,43.2924831],[5.3606242,43.2924718],[5.3606422,43.2924732],[5.3606557,43.2924797],[5.360676,43.2925075],[5.3606763,43.2925151],[5.3606741,43.2925212],[5.3606683,43.2925256],[5.3606563,43.292525],[5.3606429,43.292521]]]}},{"type":"Feature","properties":{"osm_id":"way/70058140","name":"La Criée","building":"yes","highway":null,"tourism":null,"historic":null,"amenity":"theatre","height_m":10,"height_source":"default","levels":null,"source":"OpenStreetMap"},"geometry":{"type":"Polygon","coordinates":[[[5.3677391,43.2925338],[5.3678266,43.2923184],[5.3678299,43.2923098],[5.3678068,43.2923035],[5.3678298,43.2922475],[5.3680405,43.2922977],[5.3681106,43.2923116],[5.368385,43.2923682],[5.3683753,43.2923957],[5.3682834,43.2923754],[5.3682205,43.2925151],[5.3682072,43.292512],[5.3682017,43.2925258],[5.3681412,43.2925117],[5.3680673,43.2924936],[5.3680203,43.2926073],[5.3677391,43.2925338]]]}},{"type":"Feature","properties":{"osm_id":"way/70058260","name":null,"building":"yes","highway":null,"tourism":null,"historic":null,"amenity":null,"height_m":12.8,"height_source":"osm","levels":"4","source":"OpenStreetMap"},"geometry":{"type":"Polygon","coordinates":[[[5.3702203,43.2929754],[5.3700452,43.2929682],[5.3700464,43.2929522],[5.3700518,43.2929528],[5.3700638,43.2927699],[5.370084,43.2925221],[5.3700963,43.2923698],[5.3702839,43.2923813],[5.3702313,43.2928752],[5.3702259,43.2929197],[5.3702203,43.2929754]]]}},{"type":"Feature","properties":{"osm_id":"way/70058273","name":null,"building":"yes","highway":null,"tourism":null,"historic":null,"amenity":null,"height_m":10,"height_source":"default","levels":null,"source":"OpenStreetMap"},"geometry":{"type":"Polygon","coordinates":[[[5.3623816,43.2923334],[5.3624559,43.2923327],[5.3625396,43.2923322],[5.3625872,43.292906],[5.3625208,43.2933207],[5.362539,43.2933586],[5.3628563,43.2933987],[5.3628984,43.2933714],[5.3629164,43.2933719],[5.3628887,43.2934894],[5.3629489,43.2934976],[5.3630578,43.2930333],[5.3629976,43.293026],[5.3630264,43.2929032],[5.3630191,43.2929025],[5.3630356,43.2928339],[5.362997,43.2927971],[5.3630128,43.2927413],[5.3630774,43.2927057],[5.363122,43.2926809],[5.3631314,43.2926457],[5.363088,43.2926705],[5.3631163,43.2925683],[5.3631561,43.2925743],[5.3631977,43.2924103],[5.3631969,43.2923898],[5.3632796,43.2923889],[5.3632795,43.2923266],[5.3637195,43.2923225],[5.3637438,43.2923613],[5.3635904,43.2925464],[5.3635868,43.2925465],[5.3634951,43.2926543],[5.3636245,43.2927122],[5.3635051,43.2930324],[5.3631374,43.2930435],[5.3629659,43.2936967],[5.3625742,43.2936651],[5.362438,43.2935877],[5.3623067,43.2935127],[5.3622305,43.2933717],[5.3621942,43.2933041],[5.3622726,43.2932538],[5.3624562,43.2931338],[5.3623896,43.2924152],[5.3623816,43.2923334]]]}},{"type":"Feature","properties":{"osm_id":"way/70059474","name":null,"building":"yes","highway":null,"tourism":null,"historic":null,"amenity":null,"height_m":10,"height_source":"default","levels":null,"source":"OpenStreetMap"},"geometry":{"type":"Polygon","coordinates":[[[5.36853,43.29267],[5.3685946,43.2925141],[5.3686369,43.2925209],[5.3685747,43.2926776],[5.36853,43.29267]]]}},{"type":"Feature","properties":{"osm_id":"way/70060277","name":null,"building":"yes","highway":null,"tourism":null,"historic":null,"amenity":null,"height_m":10,"height_source":"default","levels":null,"source":"OpenStreetMap"},"geometry":{"type":"Polygon","coordinates":[[[5.3602449,43.293596],[5.3604737,43.2934042],[5.3604626,43.2933967],[5.3605602,43.293317],[5.3606649,43.2933865],[5.360547,43.293484],[5.3603408,43.2936546],[5.3602449,43.293596]]]}},{"type":"Feature","properties":{"osm_id":"way/70061545","name":null,"building":"yes","highway":null,"tourism":null,"historic":null,"amenity":null,"height_m":10,"height_source":"default","levels":null,"source":"OpenStreetMap"},"geometry":{"type":"Polygon","coordinates":[[[5.3683639,43.2926846],[5.3684542,43.292482],[5.3684699,43.2924843],[5.3684655,43.2924929],[5.3683905,43.2926593],[5.3684129,43.2926802],[5.3684973,43.2926938],[5.3685059,43.2926671],[5.36853,43.29267],[5.3685747,43.2926776],[5.3685964,43.2926823],[5.3685879,43.2927098],[5.368676,43.2927242],[5.3687079,43.2927124],[5.368766,43.2925413],[5.3687693,43.2925335],[5.3687862,43.2925366],[5.3687128,43.2927456],[5.3686347,43.2927319],[5.3683639,43.2926846]]]}},{"type":"Feature","properties":{"osm_id":"way/70061932","name":null,"building":"yes","highway":null,"tourism":null,"historic":null,"amenity":null,"height_m":10,"height_source":"default","levels":null,"source":"OpenStreetMap"},"geometry":{"type":"Polygon","coordinates":[[[5.3697359,43.2923526],[5.3700963,43.2923698],[5.370084,43.2925221],[5.3699967,43.2925188],[5.3699961,43.2925342],[5.369811,43.2925253],[5.3698127,43.2925056],[5.369727,43.292501],[5.3697359,43.2923526]]]}},{"type":"Feature","properties":{"osm_id":"way/70063006","name":null,"building":"yes","highway":null,"tourism":null,"historic":null,"amenity":null,"height_m":10,"height_source":"default","levels":null,"source":"OpenStreetMap"},"geometry":{"type":"Polygon","coordinates":[[[5.3689767,43.2925642],[5.3688863,43.2925507],[5.3689057,43.2924965],[5.3689938,43.2925108],[5.3689767,43.2925642]]]}},{"type":"Feature","properties":{"osm_id":"way/70063043","name":null,"building":"yes","highway":null,"tourism":null,"historic":null,"amenity":null,"height_m":10,"height_source":"default","levels":null,"source":"OpenStreetMap"},"geometry":{"type":"Polygon","coordinates":[[[5.3622567,43.2935829],[5.3622803,43.2935722],[5.3622988,43.2935846],[5.3623057,43.2936084],[5.3623276,43.2936156],[5.3623461,43.2936297],[5.3623751,43.293636],[5.3623885,43.29364],[5.3624191,43.2936564],[5.3624098,43.2936634],[5.3623852,43.2936785],[5.3622513,43.2935967],[5.3622567,43.2935829]]]}},{"type":"Feature","properties":{"osm_id":"way/70063121","name":null,"building":"yes","highway":null,"tourism":null,"historic":null,"amenity":null,"height_m":10,"height_source":"default","levels":null,"source":"OpenStreetMap"},"geometry":{"type":"Polygon","coordinates":[[[5.3622277,43.2925664],[5.36235,43.2926287],[5.3622743,43.2927166],[5.3621961,43.2926798],[5.3622283,43.2926441],[5.3621831,43.2926228],[5.3622277,43.2925664]]]}},{"type":"Feature","properties":{"osm_id":"way/70064141","name":null,"building":"apartments","highway":null,"tourism":null,"historic":null,"amenity":null,"height_m":10,"height_source":"default","levels":null,"source":"OpenStreetMap"},"geometry":{"type":"Polygon","coordinates":[[[5.3686369,43.2925209],[5.3687177,43.2925329],[5.368766,43.2925413],[5.3687079,43.2927124],[5.368676,43.2927242],[5.3685879,43.2927098],[5.3685964,43.2926823],[5.3685747,43.2926776],[5.3686369,43.2925209]]]}},{"type":"Feature","properties":{"osm_id":"way/70064249","name":null,"building":"apartments","highway":null,"tourism":null,"historic":null,"amenity":null,"height_m":9.600000000000001,"height_source":"osm","levels":"3","source":"OpenStreetMap"},"geometry":{"type":"Polygon","coordinates":[[[5.3708447,43.2930539],[5.3708641,43.2929857],[5.3709665,43.2926317],[5.3709182,43.2926242],[5.3708181,43.2929756],[5.3707979,43.2930418],[5.3706309,43.2930014],[5.3706445,43.2929519],[5.3707709,43.292477],[5.3707824,43.2924323],[5.371406,43.2925243],[5.3711474,43.2931277],[5.3708447,43.2930539]]]}},{"type":"Feature","properties":{"osm_id":"way/70064505","name":null,"building":"hotel","highway":null,"tourism":null,"historic":null,"amenity":null,"height_m":10,"height_source":"default","levels":null,"source":"OpenStreetMap"},"geometry":{"type":"Polygon","coordinates":[[[5.3603415,43.2933668],[5.3601462,43.2932795],[5.3601943,43.2932213],[5.3599854,43.2931249],[5.3600071,43.2930962],[5.3600324,43.2930684],[5.3601374,43.2931157],[5.3602832,43.2929512],[5.3602369,43.2929309],[5.36023,43.2929395],[5.3598454,43.2927648],[5.3599075,43.2926978],[5.3598294,43.2926627],[5.3598514,43.2926417],[5.3598926,43.29259],[5.3599616,43.2926156],[5.3599792,43.2925997],[5.3600162,43.2925952],[5.3600963,43.2925956],[5.3601079,43.2925847],[5.3600727,43.2925355],[5.3601333,43.2924599],[5.3602316,43.2924595],[5.3602167,43.292447],[5.36025,43.2924096],[5.360451,43.2924235],[5.3604745,43.2924625],[5.3605203,43.2925306],[5.3605384,43.2925172],[5.3605569,43.2924989],[5.3607595,43.2925894],[5.3607,43.2926615],[5.3607164,43.2926873],[5.3607294,43.2927079],[5.3607145,43.2927261],[5.3607449,43.2927674],[5.3605511,43.2929935],[5.3606329,43.2930293],[5.3603415,43.2933668]]]}},{"type":"Feature","properties":{"osm_id":"way/70064890","name":null,"building":"yes","highway":null,"tourism":null,"historic":null,"amenity":null,"height_m":10,"height_source":"default","levels":null,"source":"OpenStreetMap"},"geometry":{"type":"Polygon","coordinates":[[[5.3631256,43.2933547],[5.3631702,43.2933614],[5.363155,43.293401],[5.3631165,43.2933967],[5.3631256,43.2933547]]]}},{"type":"Feature","properties":{"osm_id":"way/70064975","name":null,"building":"yes","highway":null,"tourism":null,"historic":null,"amenity":null,"height_m":10,"height_source":"default","levels":null,"source":"OpenStreetMap"},"geometry":{"type":"Polygon","coordinates":[[[5.3609253,43.2930856],[5.3609323,43.2930798],[5.3609636,43.293054],[5.360955,43.2930491],[5.3611202,43.2929175],[5.3612864,43.2930276],[5.3611748,43.2931182],[5.3610888,43.293188],[5.3609829,43.2931185],[5.3610178,43.2930905],[5.3609932,43.2930739],[5.3609571,43.2931011],[5.3609536,43.2931038],[5.3609417,43.2931074],[5.3609284,43.2931034],[5.3609221,43.293095],[5.3609253,43.2930856]]]}},{"type":"Feature","properties":{"osm_id":"way/70066185","name":null,"building":"yes","highway":null,"tourism":null,"historic":null,"amenity":null,"height_m":10,"height_source":"default","levels":null,"source":"OpenStreetMap"},"geometry":{"type":"Polygon","coordinates":[[[5.3680203,43.2926073],[5.3680673,43.2924936],[5.3681412,43.2925117],[5.3680929,43.2926254],[5.3680203,43.2926073]]]}},{"type":"Feature","properties":{"osm_id":"way/70066298","name":null,"building":"yes","highway":null,"tourism":null,"historic":null,"amenity":null,"height_m":10,"height_source":"default","levels":null,"source":"OpenStreetMap"},"geometry":{"type":"Polygon","coordinates":[[[5.3628887,43.2934894],[5.3629164,43.2933719],[5.3629976,43.293026],[5.3630578,43.2930333],[5.3629489,43.2934976],[5.3628887,43.2934894]]]}},{"type":"Feature","properties":{"osm_id":"way/70066460","name":null,"building":"yes","highway":null,"tourism":null,"historic":null,"amenity":null,"height_m":10,"height_source":"default","levels":null,"source":"OpenStreetMap"},"geometry":{"type":"Polygon","coordinates":[[[5.3695842,43.2926112],[5.3696445,43.292621],[5.3696424,43.2926595],[5.3696208,43.2926574],[5.3695725,43.292649],[5.3695842,43.2926112]]]}},{"type":"Feature","properties":{"osm_id":"way/70066724","name":null,"building":"apartments","highway":null,"tourism":null,"historic":null,"amenity":null,"height_m":10,"height_source":"default","levels":null,"source":"OpenStreetMap"},"geometry":{"type":"Polygon","coordinates":[[[5.3708641,43.2929857],[5.3708447,43.2930539],[5.3707979,43.2930418],[5.3708181,43.2929756],[5.3708641,43.2929857]]]}},{"type":"Feature","properties":{"osm_id":"way/70067417","name":null,"building":"apartments","highway":null,"tourism":null,"historic":null,"amenity":null,"height_m":16,"height_source":"osm","levels":"5","source":"OpenStreetMap"},"geometry":{"type":"Polygon","coordinates":[[[5.3693546,43.2926271],[5.3693169,43.2928307],[5.3693057,43.2928871],[5.3689748,43.2928339],[5.3689925,43.2927761],[5.369054,43.2925771],[5.3693546,43.2926271]]]}},{"type":"Feature","properties":{"osm_id":"way/70067526","name":null,"building":"yes","highway":null,"tourism":null,"historic":null,"amenity":null,"height_m":10,"height_source":"default","levels":null,"source":"OpenStreetMap"},"geometry":{"type":"Polygon","coordinates":[[[5.3621385,43.2933804],[5.3621089,43.2933913],[5.362082,43.2933466],[5.3621151,43.2933348],[5.3621385,43.2933804]]]}},{"type":"Feature","properties":{"osm_id":"way/121497239","name":"Capitainerie","building":"office","highway":null,"tourism":null,"historic":null,"amenity":null,"height_m":10,"height_source":"default","levels":null,"source":"OpenStreetMap"},"geometry":{"type":"Polygon","coordinates":[[[5.3636409,43.2936203],[5.3637778,43.2936261],[5.363787,43.2935108],[5.3637086,43.2935076],[5.36365,43.293505],[5.3636409,43.2936203]]]}},{"type":"Feature","properties":{"osm_id":"way/121633562","name":"Société nautique de Marseille","building":"yes","highway":null,"tourism":null,"historic":null,"amenity":null,"height_m":10,"height_source":"default","levels":null,"source":"OpenStreetMap"},"geometry":{"type":"Polygon","coordinates":[[[5.3697171,43.2935041],[5.369837,43.2935369],[5.3700007,43.2932226],[5.369938,43.2932106],[5.3698755,43.2931937],[5.3698313,43.2932804],[5.3697171,43.2935041]]]}},{"type":"Feature","properties":{"osm_id":"way/168685669","name":"Les Voûtes","building":"yes","highway":null,"tourism":null,"historic":null,"amenity":null,"height_m":10,"height_source":"default","levels":null,"source":"OpenStreetMap"},"geometry":{"type":"Polygon","coordinates":[[[5.3637948,43.2990037],[5.364022,43.2997648],[5.3641339,43.2997471],[5.3642937,43.2997217],[5.3643073,43.2997138],[5.3643135,43.2997005],[5.3643103,43.2996923],[5.3641587,43.2991781],[5.3641685,43.2991676],[5.3642535,43.2991554],[5.3642875,43.2991505],[5.3642985,43.2991475],[5.364308,43.2991404],[5.3643116,43.2991328],[5.3643112,43.2991231],[5.3642647,43.2989624],[5.3642879,43.2989536],[5.3642953,43.2989466],[5.3642983,43.2989367],[5.3642947,43.2989234],[5.3642606,43.2989289],[5.3641893,43.2989404],[5.3640049,43.29897],[5.3637948,43.2990037]]]}},{"type":"Feature","properties":{"osm_id":"way/168685672","name":"Villa Méditerranée","building":"yes","highway":null,"tourism":null,"historic":null,"amenity":null,"height_m":10,"height_source":"default","levels":null,"source":"OpenStreetMap"},"geometry":{"type":"Polygon","coordinates":[[[5.3616123,43.2972638],[5.3620418,43.2974549],[5.3623043,43.2971495],[5.3624344,43.2969906],[5.362006,43.2967961],[5.3618503,43.2969798],[5.3616123,43.2972638]]]}},{"type":"Feature","properties":{"osm_id":"way/168685674","name":"Musée des Civilisations de l'Europe et de la Méditerranée","building":"yes","highway":null,"tourism":"museum","historic":null,"amenity":null,"height_m":19,"height_source":"osm","levels":null,"source":"OpenStreetMap"},"geometry":{"type":"Polygon","coordinates":[[[5.3604469,43.2968254],[5.3604781,43.2968394],[5.3611321,43.2971337],[5.3611389,43.2971354],[5.3611458,43.2971362],[5.3611525,43.2971364],[5.3611577,43.2971362],[5.3611623,43.2971355],[5.3611692,43.2971339],[5.3611754,43.2971318],[5.3611814,43.2971289],[5.3611855,43.2971261],[5.3611898,43.2971227],[5.3616041,43.2966321],[5.3612191,43.296459],[5.3608838,43.2963077],[5.3604469,43.2968254]]]}},{"type":"Feature","properties":{"osm_id":"way/178605521","name":null,"building":"yes","highway":null,"tourism":null,"historic":null,"amenity":null,"height_m":10,"height_source":"default","levels":null,"source":"OpenStreetMap"},"geometry":{"type":"Polygon","coordinates":[[[5.3650242,43.2969512],[5.3653057,43.297067],[5.3654122,43.2969298],[5.3653208,43.2968922],[5.3651307,43.296814],[5.3650242,43.2969512]]]}},{"type":"Feature","properties":{"osm_id":"way/200273945","name":"Ombrière du Vieux Port","building":"roof","highway":null,"tourism":"attraction","historic":null,"amenity":null,"height_m":10,"height_source":"osm","levels":null,"source":"OpenStreetMap"},"geometry":{"type":"Polygon","coordinates":[[[5.3740675,43.2944195],[5.373944,43.294825],[5.3742049,43.2948699],[5.3743295,43.2944638],[5.3740675,43.2944195]]]}},{"type":"Feature","properties":{"osm_id":"way/201335258","name":null,"building":"yes","highway":null,"tourism":null,"historic":null,"amenity":null,"height_m":9.600000000000001,"height_source":"osm","levels":"3","source":"OpenStreetMap"},"geometry":{"type":"Polygon","coordinates":[[[5.3743806,43.2988366],[5.3743764,43.2988636],[5.3743633,43.2989369],[5.3746253,43.2989626],[5.3746253,43.2989663],[5.3746131,43.2990353],[5.3745457,43.2990282],[5.3743967,43.2990123],[5.3743946,43.299023],[5.3743919,43.299037],[5.3742841,43.2990251],[5.3742909,43.2988277],[5.3743806,43.2988366]]]}},{"type":"Feature","properties":{"osm_id":"way/201335263","name":null,"building":"apartments","highway":null,"tourism":null,"historic":null,"amenity":null,"height_m":22.400000000000002,"height_source":"osm","levels":"7","source":"OpenStreetMap"},"geometry":{"type":"Polygon","coordinates":[[[5.372626,43.2985965],[5.3725873,43.2986448],[5.3726396,43.2986671],[5.3726775,43.2986189],[5.3728216,43.2986815],[5.3727813,43.2987312],[5.3727442,43.2987769],[5.3724045,43.2986291],[5.3724456,43.2985792],[5.3724822,43.2985347],[5.372626,43.2985965]]]}},{"type":"Feature","properties":{"osm_id":"way/201336862","name":null,"building":"yes","highway":null,"tourism":null,"historic":null,"amenity":null,"height_m":10,"height_source":"default","levels":null,"source":"OpenStreetMap"},"geometry":{"type":"Polygon","coordinates":[[[5.3733602,43.298579],[5.3733844,43.2985809],[5.3733935,43.2985791],[5.3733996,43.2985737],[5.3734021,43.2985668],[5.3734011,43.2985604],[5.3733956,43.2985553],[5.3733867,43.2985525],[5.3733653,43.2985501],[5.3733602,43.298579]]]}},{"type":"Feature","properties":{"osm_id":"way/202009348","name":null,"building":"yes","highway":null,"tourism":null,"historic":null,"amenity":null,"height_m":10,"height_source":"default","levels":null,"source":"OpenStreetMap"},"geometry":{"type":"Polygon","coordinates":[[[5.36889,43.2979477],[5.368895,43.2979994],[5.3688996,43.2980348],[5.3689225,43.2980379],[5.3689224,43.2980365],[5.3690785,43.2980536],[5.3690849,43.2979985],[5.3689727,43.2979905],[5.3689737,43.2979538],[5.3688932,43.2979476],[5.36889,43.2979477]]]}},{"type":"Feature","properties":{"osm_id":"way/202009349","name":null,"building":"yes","highway":null,"tourism":null,"historic":null,"amenity":null,"height_m":10,"height_source":"default","levels":null,"source":"OpenStreetMap"},"geometry":{"type":"Polygon","coordinates":[[[5.3711629,43.2984448],[5.3711628,43.2984291],[5.3714298,43.2984178],[5.3714405,43.2984229],[5.3713546,43.2985286],[5.3711629,43.2984448]]]}},{"type":"Feature","properties":{"osm_id":"way/202009350","name":null,"building":"yes","highway":null,"tourism":null,"historic":null,"amenity":null,"height_m":22.400000000000002,"height_source":"osm","levels":"7","source":"OpenStreetMap"},"geometry":{"type":"Polygon","coordinates":[[[5.373198,43.2972229],[5.3732371,43.2971749],[5.3732809,43.2971212],[5.3731863,43.29708],[5.3731146,43.2970862],[5.3731139,43.2970875],[5.3730653,43.2970914],[5.3730208,43.2971465],[5.373198,43.2972229]]]}},{"type":"Feature","properties":{"osm_id":"way/202014833","name":null,"building":"yes","highway":null,"tourism":null,"historic":null,"amenity":null,"height_m":19.200000000000003,"height_source":"osm","levels":"6","source":"OpenStreetMap"},"geometry":{"type":"Polygon","coordinates":[[[5.3681421,43.2971181],[5.3682258,43.2971446],[5.3683436,43.297182],[5.3683429,43.297183],[5.3682874,43.2972848],[5.3682735,43.2973089],[5.3682479,43.2973819],[5.3682363,43.2974099],[5.3682363,43.2974138],[5.3681428,43.2973865],[5.368029,43.297365],[5.3680043,43.2973596],[5.3679049,43.2973392],[5.3679261,43.2972886],[5.3677265,43.2972408],[5.3677366,43.2972049],[5.3677075,43.2971991],[5.3677136,43.2971866],[5.3677567,43.2970134],[5.3679039,43.2970463],[5.3679416,43.297057],[5.3680472,43.297087],[5.3681262,43.2971129],[5.3681421,43.2971181]]]}},{"type":"Feature","properties":{"osm_id":"way/202014834","name":null,"building":"yes","highway":null,"tourism":null,"historic":null,"amenity":null,"height_m":10,"height_source":"default","levels":null,"source":"OpenStreetMap"},"geometry":{"type":"Polygon","coordinates":[[[5.3643052,43.2967105],[5.3644106,43.2968397],[5.3643752,43.2968547],[5.3646585,43.297201],[5.3645332,43.2972562],[5.3641814,43.2968251],[5.3641453,43.2967809],[5.3643052,43.2967105]]]}},{"type":"Feature","properties":{"osm_id":"way/202029366","name":null,"building":"yes","highway":null,"tourism":null,"historic":null,"amenity":null,"height_m":10,"height_source":"default","levels":null,"source":"OpenStreetMap"},"geometry":{"type":"Polygon","coordinates":[[[5.3657546,43.2985596],[5.3656719,43.2985722],[5.3656786,43.2985926],[5.3657137,43.298716],[5.3657535,43.2987105],[5.3658009,43.2987039],[5.3657816,43.29865],[5.3657641,43.298591],[5.3657604,43.2985822],[5.3657546,43.2985596]]]}},{"type":"Feature","properties":{"osm_id":"way/202030480","name":"Cité des Métiers","building":"yes","highway":null,"tourism":null,"historic":null,"amenity":"social_facility","height_m":28.8,"height_source":"osm","levels":"9","source":"OpenStreetMap"},"geometry":{"type":"Polygon","coordinates":[[[5.3725854,43.2973447],[5.3725951,43.297296],[5.3725329,43.297289],[5.3725372,43.2972658],[5.3725596,43.2971585],[5.3725745,43.2970875],[5.3725885,43.2970206],[5.3726098,43.2969188],[5.3726705,43.2969257],[5.3727432,43.2969339],[5.3727313,43.2969962],[5.3727497,43.2969981],[5.3727436,43.297031],[5.3727409,43.2970419],[5.3727222,43.2970398],[5.372704,43.2971292],[5.3727224,43.2971317],[5.3727107,43.2971894],[5.3726916,43.2971874],[5.3726792,43.2972451],[5.3726978,43.2972472],[5.3726899,43.2972882],[5.3726702,43.2972861],[5.3726529,43.2973737],[5.3725854,43.2973447]]]}},{"type":"Feature","properties":{"osm_id":"way/202030485","name":null,"building":"yes","highway":null,"tourism":null,"historic":null,"amenity":null,"height_m":9.600000000000001,"height_source":"osm","levels":"3","source":"OpenStreetMap"},"geometry":{"type":"Polygon","coordinates":[[[5.3695108,43.2989619],[5.3695191,43.2987754],[5.3694708,43.2987744],[5.3694618,43.298961],[5.3695108,43.2989619]]]}},{"type":"Feature","properties":{"osm_id":"way/202030486","name":null,"building":"yes","highway":null,"tourism":null,"historic":null,"amenity":null,"height_m":10,"height_source":"default","levels":null,"source":"OpenStreetMap"},"geometry":{"type":"Polygon","coordinates":[[[5.3704038,43.29921],[5.3704186,43.2992103],[5.3704226,43.2991564],[5.3704069,43.2991567],[5.3704038,43.29921]]]}},{"type":"Feature","properties":{"osm_id":"way/202030487","name":null,"building":"yes","highway":null,"tourism":null,"historic":null,"amenity":null,"height_m":10,"height_source":"default","levels":null,"source":"OpenStreetMap"},"geometry":{"type":"Polygon","coordinates":[[[5.3705657,43.2988464],[5.3705679,43.2988276],[5.370413,43.2988161],[5.3704123,43.2988353],[5.3705657,43.2988464]]]}},{"type":"Feature","properties":{"osm_id":"way/202035550","name":null,"building":"yes","highway":null,"tourism":null,"historic":null,"amenity":null,"height_m":10,"height_source":"default","levels":null,"source":"OpenStreetMap"},"geometry":{"type":"Polygon","coordinates":[[[5.3669343,43.299554],[5.366877,43.2995401],[5.3669021,43.2994264],[5.366936,43.299426],[5.3669657,43.2994256],[5.3669539,43.2994735],[5.3669527,43.2994811],[5.3669343,43.299554]]]}},{"type":"Feature","properties":{"osm_id":"way/202076227","name":null,"building":"yes","highway":null,"tourism":null,"historic":null,"amenity":null,"height_m":10,"height_source":"default","levels":null,"source":"OpenStreetMap"},"geometry":{"type":"Polygon","coordinates":[[[5.3693213,43.2994185],[5.3693204,43.2994145],[5.3693472,43.2994098],[5.3694834,43.2993901],[5.3694915,43.2994102],[5.3694987,43.2994283],[5.3693365,43.2994544],[5.3693213,43.2994185]]]}},{"type":"Feature","properties":{"osm_id":"way/226513420","name":"Chapelle Saint-Jean","building":"church","highway":null,"tourism":null,"historic":null,"amenity":"place_of_worship","height_m":10,"height_source":"default","levels":null,"source":"OpenStreetMap"},"geometry":{"type":"Polygon","coordinates":[[[5.3625995,43.2949526],[5.3627537,43.2949525],[5.3627657,43.2948456],[5.3626015,43.2948489],[5.3626007,43.2948562],[5.3625769,43.2948547],[5.3625521,43.2948588],[5.3625437,43.2948633],[5.362527,43.2948782],[5.3625144,43.2949613],[5.3625994,43.2949679],[5.3625995,43.2949526]]]}},{"type":"Feature","properties":{"osm_id":"way/227965595","name":null,"building":"yes","highway":null,"tourism":null,"historic":null,"amenity":null,"height_m":10,"height_source":"default","levels":null,"source":"OpenStreetMap"},"geometry":{"type":"Polygon","coordinates":[[[5.3618739,43.2953576],[5.3619288,43.2953706],[5.3620765,43.2954054],[5.3620964,43.2953617],[5.3621189,43.2953165],[5.3619139,43.2952688],[5.3618739,43.2953576]]]}},{"type":"Feature","properties":{"osm_id":"way/228826050","name":null,"building":"yes","highway":null,"tourism":null,"historic":null,"amenity":null,"height_m":10,"height_source":"default","levels":null,"source":"OpenStreetMap"},"geometry":{"type":"Polygon","coordinates":[[[5.3619233,43.2952484],[5.3621276,43.2952971],[5.3622335,43.2953223],[5.3622716,43.2952716],[5.361947,43.2951939],[5.3619233,43.2952484]]]}},{"type":"Feature","properties":{"osm_id":"way/228942252","name":null,"building":"yes","highway":null,"tourism":null,"historic":null,"amenity":null,"height_m":10,"height_source":"default","levels":null,"source":"OpenStreetMap"},"geometry":{"type":"Polygon","coordinates":[[[5.3619563,43.2951719],[5.3622459,43.2952405],[5.362293,43.2951467],[5.3623918,43.2951886],[5.362395,43.2951845],[5.3624073,43.2951902],[5.3623934,43.2952075],[5.3624243,43.2952209],[5.3624556,43.2951831],[5.362412,43.2951634],[5.3624303,43.2951368],[5.3620552,43.2949822],[5.362021,43.2950269],[5.3620162,43.2950368],[5.3620044,43.2950634],[5.3620527,43.2950748],[5.3620487,43.2950836],[5.3620007,43.2950717],[5.3619563,43.2951719]]]}},{"type":"Feature","properties":{"osm_id":"way/264740428","name":"Hôtel de ville","building":"yes","highway":null,"tourism":null,"historic":null,"amenity":"townhall","height_m":10,"height_source":"default","levels":null,"source":"OpenStreetMap"},"geometry":{"type":"Polygon","coordinates":[[[5.3701263,43.2962746],[5.3700958,43.2964301],[5.3699266,43.2964125],[5.3699199,43.2964543],[5.3699133,43.2964899],[5.3699123,43.2964939],[5.3699167,43.2964944],[5.3699167,43.2964957],[5.3700273,43.296507],[5.3700167,43.2965607],[5.3698679,43.2968098],[5.3696076,43.2967679],[5.3696758,43.2964733],[5.3698408,43.2964885],[5.3698408,43.2964871],[5.369845,43.2964875],[5.3698463,43.296484],[5.3698528,43.2964477],[5.3698603,43.2964056],[5.3696901,43.2963879],[5.3697206,43.2962324],[5.3698314,43.2962439],[5.3698337,43.2962317],[5.3698898,43.2962374],[5.3698901,43.2962355],[5.3699617,43.2962429],[5.3699614,43.2962449],[5.3700172,43.2962505],[5.3700148,43.296263],[5.3701263,43.2962746]]]}},{"type":"Feature","properties":{"osm_id":"way/265248422","name":"Chapelle Sainte-Catherine","building":"chapel","highway":null,"tourism":null,"historic":"church","amenity":null,"height_m":10,"height_source":"default","levels":null,"source":"OpenStreetMap"},"geometry":{"type":"Polygon","coordinates":[[[5.3632203,43.2960986],[5.3635952,43.2959565],[5.3636037,43.2959538],[5.3636373,43.2959632],[5.3637047,43.2960468],[5.3636845,43.296057],[5.3636876,43.2960609],[5.3635774,43.2961165],[5.3635756,43.296114],[5.3632784,43.2962288],[5.3632125,43.2961385],[5.3632216,43.2961348],[5.3632118,43.2961207],[5.3632203,43.2960986]]]}},{"type":"Feature","properties":{"osm_id":"way/265248445","name":"Église Saint-Laurent","building":"church","highway":null,"tourism":"attraction","historic":"church","amenity":"place_of_worship","height_m":10,"height_source":"default","levels":null,"source":"OpenStreetMap"},"geometry":{"type":"Polygon","coordinates":[[[5.3632118,43.2961207],[5.3632018,43.2961182],[5.3632072,43.2961037],[5.3631821,43.2960698],[5.3631669,43.2960758],[5.363162,43.2960692],[5.3631771,43.2960632],[5.3631498,43.2960263],[5.3631346,43.2960323],[5.3631253,43.2960197],[5.3631405,43.2960137],[5.3631184,43.2959838],[5.3631029,43.2959798],[5.3631072,43.295971],[5.3631227,43.2959751],[5.3631864,43.2959462],[5.3631542,43.2958918],[5.3631606,43.2958886],[5.3631714,43.2959063],[5.3632327,43.2958794],[5.3632237,43.2958684],[5.3632302,43.2958655],[5.3632224,43.2958565],[5.3632954,43.2958232],[5.3633034,43.2958329],[5.3633097,43.2958301],[5.3633848,43.2957965],[5.3633932,43.2957927],[5.3634619,43.2957835],[5.3634703,43.2957797],[5.3634764,43.2957869],[5.3634932,43.2958068],[5.3634962,43.2958108],[5.3635051,43.2958076],[5.3635149,43.2958061],[5.3635255,43.2958064],[5.3635328,43.2958079],[5.3635398,43.2958104],[5.3635468,43.2958144],[5.3635522,43.2958191],[5.363557,43.2958264],[5.3635575,43.2958277],[5.3636057,43.2958346],[5.3636398,43.2958786],[5.3636323,43.295888],[5.3636506,43.2959114],[5.3636514,43.2959128],[5.363652,43.2959148],[5.3636546,43.2959235],[5.3636546,43.2959296],[5.3636546,43.2959354],[5.3636535,43.2959403],[5.3636526,43.2959429],[5.363651,43.2959469],[5.3636466,43.295953],[5.363644,43.2959566],[5.3636421,43.2959593],[5.3636373,43.2959632],[5.3636037,43.2959538],[5.3635952,43.2959565],[5.3632203,43.2960986],[5.3632118,43.2961207]]]}},{"type":"Feature","properties":{"osm_id":"way/396424674","name":null,"building":"roof","highway":null,"tourism":null,"historic":null,"amenity":null,"height_m":10,"height_source":"default","levels":null,"source":"OpenStreetMap"},"geometry":{"type":"Polygon","coordinates":[[[5.3743579,43.2970828],[5.3743938,43.2970626],[5.3746911,43.2971513],[5.3755876,43.2974172],[5.3755907,43.2974786],[5.3754403,43.2974339],[5.3753278,43.2974005],[5.3753358,43.297384],[5.3753397,43.2973759],[5.3750772,43.2972948],[5.3745796,43.2971481],[5.3743579,43.2970828]]]}},{"type":"Feature","properties":{"osm_id":"way/401855388","name":null,"building":"yes","highway":null,"tourism":null,"historic":null,"amenity":null,"height_m":6.4,"height_source":"osm","levels":"2","source":"OpenStreetMap"},"geometry":{"type":"Polygon","coordinates":[[[5.3735909,43.2990418],[5.3737825,43.2990455],[5.3737868,43.298901],[5.3735949,43.2988988],[5.3735909,43.2990418]]]}},{"type":"Feature","properties":{"osm_id":"way/401855389","name":null,"building":"yes","highway":null,"tourism":null,"historic":null,"amenity":null,"height_m":3.2,"height_source":"osm","levels":"1","source":"OpenStreetMap"},"geometry":{"type":"Polygon","coordinates":[[[5.372849,43.2990562],[5.372812,43.2990536],[5.372741,43.2991422],[5.3727545,43.2991597],[5.3729014,43.2991499],[5.3729134,43.2991303],[5.372849,43.2990562]]]}},{"type":"Feature","properties":{"osm_id":"way/404647322","name":null,"building":"yes","highway":null,"tourism":null,"historic":null,"amenity":null,"height_m":10,"height_source":"default","levels":null,"source":"OpenStreetMap"},"geometry":{"type":"Polygon","coordinates":[[[5.3696627,43.2993987],[5.3696756,43.2993987],[5.3696727,43.2993612],[5.3696602,43.2993613],[5.3696599,43.2993635],[5.3696458,43.2993628],[5.3696627,43.2993987]]]}},{"type":"Feature","properties":{"osm_id":"way/404647323","name":null,"building":"yes","highway":null,"tourism":null,"historic":null,"amenity":null,"height_m":10,"height_source":"default","levels":null,"source":"OpenStreetMap"},"geometry":{"type":"Polygon","coordinates":[[[5.3696599,43.2993635],[5.3696602,43.2993613],[5.3696542,43.2993268],[5.3696296,43.2993284],[5.3696458,43.2993628],[5.3696599,43.2993635]]]}},{"type":"Feature","properties":{"osm_id":"way/404647324","name":null,"building":"yes","highway":null,"tourism":null,"historic":null,"amenity":null,"height_m":6.4,"height_source":"osm","levels":"2","source":"OpenStreetMap"},"geometry":{"type":"Polygon","coordinates":[[[5.3696048,43.2991778],[5.3696694,43.2991785],[5.3696682,43.299132],[5.3696017,43.2991378],[5.3696048,43.2991778]]]}},{"type":"Feature","properties":{"osm_id":"way/404647325","name":null,"building":"yes","highway":null,"tourism":null,"historic":null,"amenity":null,"height_m":12.8,"height_source":"osm","levels":"4","source":"OpenStreetMap"},"geometry":{"type":"Polygon","coordinates":[[[5.3697872,43.2991496],[5.3699368,43.2991529],[5.3699377,43.2991235],[5.3699527,43.2987499],[5.3698034,43.2987472],[5.3697953,43.2989678],[5.3697908,43.2990898],[5.3697872,43.2991496]]]}},{"type":"Feature","properties":{"osm_id":"way/404647326","name":null,"building":"yes","highway":null,"tourism":null,"historic":null,"amenity":null,"height_m":9.600000000000001,"height_source":"osm","levels":"3","source":"OpenStreetMap"},"geometry":{"type":"Polygon","coordinates":[[[5.3694708,43.2987744],[5.3695191,43.2987754],[5.3695198,43.2987413],[5.3694723,43.2987408],[5.3694708,43.2987744]]]}},{"type":"Feature","properties":{"osm_id":"way/404647327","name":null,"building":"yes","highway":null,"tourism":null,"historic":null,"amenity":null,"height_m":12.8,"height_source":"osm","levels":"4","source":"OpenStreetMap"},"geometry":{"type":"Polygon","coordinates":[[[5.3693944,43.2986005],[5.3700665,43.2986129],[5.3700791,43.2986113],[5.3700899,43.2986062],[5.3700992,43.2985985],[5.3701042,43.2985871],[5.3701094,43.2984328],[5.3701545,43.2984334],[5.3701474,43.2986502],[5.3693096,43.2986344],[5.3693158,43.298419],[5.3693608,43.2984193],[5.369356,43.2985703],[5.3693559,43.2985746],[5.3693618,43.2985879],[5.3693757,43.2985973],[5.3693944,43.2986005]]]}},{"type":"Feature","properties":{"osm_id":"way/404647346","name":null,"building":"yes","highway":null,"tourism":null,"historic":null,"amenity":null,"height_m":3.2,"height_source":"osm","levels":"1","source":"OpenStreetMap"},"geometry":{"type":"Polygon","coordinates":[[[5.369356,43.2985703],[5.3693559,43.2985746],[5.3693618,43.2985879],[5.3693757,43.2985973],[5.3693944,43.2986005],[5.3700665,43.2986129],[5.3700791,43.2986113],[5.3700899,43.2986062],[5.3700992,43.2985985],[5.3701042,43.2985871],[5.3701094,43.2984328],[5.3701037,43.2984195],[5.3701028,43.298413],[5.3700958,43.2984132],[5.3700944,43.2984072],[5.3701008,43.2984067],[5.3701007,43.2983862],[5.3693703,43.2983744],[5.3693664,43.2983981],[5.3693753,43.2983979],[5.3693751,43.2984031],[5.3693662,43.2984032],[5.3693654,43.2984082],[5.3693611,43.2984084],[5.3693608,43.2984193],[5.369356,43.2985703]]]}},{"type":"Feature","properties":{"osm_id":"way/404647355","name":null,"building":"roof","highway":null,"tourism":null,"historic":null,"amenity":null,"height_m":10,"height_source":"default","levels":null,"source":"OpenStreetMap"},"geometry":{"type":"Polygon","coordinates":[[[5.3705919,43.2966716],[5.3705993,43.2966433],[5.3705135,43.2966346],[5.370508,43.2966628],[5.3705919,43.2966716]]]}},{"type":"Feature","properties":{"osm_id":"way/404973876","name":null,"building":"service","highway":null,"tourism":null,"historic":null,"amenity":null,"height_m":10,"height_source":"default","levels":null,"source":"OpenStreetMap"},"geometry":{"type":"Polygon","coordinates":[[[5.3637853,43.2953541],[5.3638432,43.2953645],[5.3638654,43.2952997],[5.3638579,43.2952981],[5.3638567,43.2953012],[5.3638355,43.2952973],[5.3638152,43.2952933],[5.3638157,43.2952913],[5.3638053,43.2952893],[5.3638011,43.295303],[5.3637853,43.2953541]]]}},{"type":"Feature","properties":{"osm_id":"way/404973883","name":null,"building":"yes","highway":null,"tourism":null,"historic":null,"amenity":null,"height_m":10,"height_source":"default","levels":null,"source":"OpenStreetMap"},"geometry":{"type":"Polygon","coordinates":[[[5.3616861,43.2951182],[5.361682,43.2951134],[5.3617755,43.2950724],[5.3617845,43.2950824],[5.3618238,43.2951246],[5.361898,43.2952036],[5.3618548,43.2952974],[5.3618443,43.2953027],[5.3617226,43.2951608],[5.3616861,43.2951182]]]}},{"type":"Feature","properties":{"osm_id":"way/404973884","name":null,"building":"yes","highway":null,"tourism":null,"historic":null,"amenity":null,"height_m":10,"height_source":"default","levels":null,"source":"OpenStreetMap"},"geometry":{"type":"Polygon","coordinates":[[[5.3622814,43.2949308],[5.3623095,43.2949273],[5.3622949,43.2948665],[5.362268,43.2948705],[5.3622814,43.2949308]]]}},{"type":"Feature","properties":{"osm_id":"way/404973885","name":null,"building":"yes","highway":null,"tourism":null,"historic":null,"amenity":null,"height_m":10,"height_source":"default","levels":null,"source":"OpenStreetMap"},"geometry":{"type":"Polygon","coordinates":[[[5.3623645,43.2948319],[5.3623743,43.2948476],[5.3624138,43.2948256],[5.3623645,43.2948319]]]}},{"type":"Feature","properties":{"osm_id":"way/404973886","name":null,"building":"yes","highway":null,"tourism":null,"historic":null,"amenity":null,"height_m":10,"height_source":"default","levels":null,"source":"OpenStreetMap"},"geometry":{"type":"Polygon","coordinates":[[[5.3624482,43.294787],[5.362468,43.2947807],[5.3624416,43.2947582],[5.3624482,43.294787]]]}},{"type":"Feature","properties":{"osm_id":"way/404973888","name":null,"building":"yes","highway":null,"tourism":null,"historic":null,"amenity":null,"height_m":10,"height_source":"default","levels":null,"source":"OpenStreetMap"},"geometry":{"type":"Polygon","coordinates":[[[5.3615518,43.2953433],[5.3615744,43.2953171],[5.361675,43.2953649],[5.3617396,43.2953957],[5.3617164,43.2954212],[5.3615518,43.2953433]]]}},{"type":"Feature","properties":{"osm_id":"way/406242883","name":null,"building":"yes","highway":null,"tourism":null,"historic":null,"amenity":null,"height_m":3.2,"height_source":"osm","levels":"1","source":"OpenStreetMap"},"geometry":{"type":"Polygon","coordinates":[[[5.3721485,43.2991788],[5.3721377,43.2991688],[5.3721758,43.2991231],[5.3721986,43.2991325],[5.3722175,43.2991089],[5.3722808,43.2991368],[5.3722531,43.2991703],[5.3721485,43.2991788]]]}},{"type":"Feature","properties":{"osm_id":"way/406242884","name":null,"building":"yes","highway":null,"tourism":null,"historic":null,"amenity":null,"height_m":3.2,"height_source":"osm","levels":"1","source":"OpenStreetMap"},"geometry":{"type":"Polygon","coordinates":[[[5.3715908,43.2989508],[5.3716168,43.2989516],[5.3716184,43.2989196],[5.3716476,43.2988844],[5.3716189,43.2988711],[5.3715745,43.2988854],[5.3715939,43.2989178],[5.3715908,43.2989508]]]}},{"type":"Feature","properties":{"osm_id":"way/420043292","name":null,"building":"yes","highway":null,"tourism":null,"historic":null,"amenity":null,"height_m":10,"height_source":"default","levels":null,"source":"OpenStreetMap"},"geometry":{"type":"Polygon","coordinates":[[[5.3606276,43.2978443],[5.360679,43.2978677],[5.3607289,43.2978096],[5.3606775,43.2977862],[5.3606276,43.2978443]]]}},{"type":"Feature","properties":{"osm_id":"way/420043294","name":null,"building":"yes","highway":null,"tourism":null,"historic":null,"amenity":null,"height_m":10,"height_source":"default","levels":null,"source":"OpenStreetMap"},"geometry":{"type":"Polygon","coordinates":[[[5.360688,43.2977729],[5.3607399,43.2977963],[5.3607571,43.297776],[5.3607052,43.2977526],[5.360688,43.2977729]]]}},{"type":"Feature","properties":{"osm_id":"way/420043296","name":null,"building":"parking","highway":null,"tourism":null,"historic":null,"amenity":null,"height_m":10,"height_source":"default","levels":null,"source":"OpenStreetMap"},"geometry":{"type":"Polygon","coordinates":[[[5.3612522,43.2976703],[5.3613261,43.2977028],[5.3613663,43.2976545],[5.3612923,43.297622],[5.3612522,43.2976703]]]}},{"type":"Feature","properties":{"osm_id":"way/420043298","name":null,"building":"parking","highway":null,"tourism":null,"historic":null,"amenity":null,"height_m":10,"height_source":"default","levels":null,"source":"OpenStreetMap"},"geometry":{"type":"Polygon","coordinates":[[[5.3616361,43.297845],[5.3617099,43.2978785],[5.3617514,43.2978299],[5.3616777,43.2977965],[5.3616361,43.297845]]]}},{"type":"Feature","properties":{"osm_id":"way/420043299","name":null,"building":"yes","highway":null,"tourism":null,"historic":null,"amenity":null,"height_m":10,"height_source":"default","levels":null,"source":"OpenStreetMap"},"geometry":{"type":"Polygon","coordinates":[[[5.3620677,43.2980404],[5.3621417,43.2980735],[5.362183,43.2980247],[5.3621091,43.2979915],[5.3620677,43.2980404]]]}},{"type":"Feature","properties":{"osm_id":"way/421470487","name":null,"building":"yes","highway":null,"tourism":null,"historic":null,"amenity":null,"height_m":10,"height_source":"default","levels":null,"source":"OpenStreetMap"},"geometry":{"type":"Polygon","coordinates":[[[5.3625144,43.2949613],[5.3625077,43.2950057],[5.3625975,43.2950136],[5.3625994,43.2949679],[5.3625144,43.2949613]]]}},{"type":"Feature","properties":{"osm_id":"way/421470488","name":null,"building":"yes","highway":null,"tourism":null,"historic":null,"amenity":null,"height_m":10,"height_source":"default","levels":null,"source":"OpenStreetMap"},"geometry":{"type":"Polygon","coordinates":[[[5.3624354,43.2951134],[5.3624461,43.2951176],[5.3624896,43.2951348],[5.362516,43.2950983],[5.3624618,43.2950772],[5.3624354,43.2951134]]]}},{"type":"Feature","properties":{"osm_id":"way/421470489","name":null,"building":"yes","highway":null,"tourism":null,"historic":null,"amenity":null,"height_m":10,"height_source":"default","levels":null,"source":"OpenStreetMap"},"geometry":{"type":"Polygon","coordinates":[[[5.3624303,43.2951368],[5.3624376,43.2951279],[5.3624461,43.2951176],[5.3624354,43.2951134],[5.3624219,43.2951079],[5.3621671,43.295004],[5.3620687,43.2949639],[5.3620623,43.2949726],[5.3620552,43.2949822],[5.3624303,43.2951368]]]}},{"type":"Feature","properties":{"osm_id":"way/424388511","name":null,"building":"yes","highway":null,"tourism":null,"historic":null,"amenity":null,"height_m":12.8,"height_source":"osm","levels":"4","source":"OpenStreetMap"},"geometry":{"type":"Polygon","coordinates":[[[5.3708975,43.2989686],[5.3709822,43.2990047],[5.3710264,43.2989514],[5.3710113,43.2989257],[5.3709061,43.2989575],[5.3708975,43.2989686]]]}},{"type":"Feature","properties":{"osm_id":"way/424388512","name":null,"building":"yes","highway":null,"tourism":null,"historic":null,"amenity":null,"height_m":9.600000000000001,"height_source":"osm","levels":"3","source":"OpenStreetMap"},"geometry":{"type":"Polygon","coordinates":[[[5.3709822,43.2990047],[5.3709306,43.2990689],[5.3711301,43.2991575],[5.3711403,43.2991446],[5.3710264,43.2989514],[5.3709822,43.2990047]]]}},{"type":"Feature","properties":{"osm_id":"way/424388514","name":null,"building":"yes","highway":null,"tourism":null,"historic":null,"amenity":null,"height_m":3.2,"height_source":"osm","levels":"1","source":"OpenStreetMap"},"geometry":{"type":"Polygon","coordinates":[[[5.3710666,43.2992369],[5.3708671,43.2991503],[5.3709306,43.2990689],[5.3711301,43.2991575],[5.3710666,43.2992369]]]}},{"type":"Feature","properties":{"osm_id":"way/424388515","name":null,"building":"yes","highway":null,"tourism":null,"historic":null,"amenity":null,"height_m":9.600000000000001,"height_source":"osm","levels":"3","source":"OpenStreetMap"},"geometry":{"type":"Polygon","coordinates":[[[5.37095,43.2992457],[5.3709433,43.2992003],[5.3708193,43.2992079],[5.3708671,43.2991503],[5.3710666,43.2992369],[5.37095,43.2992457]]]}},{"type":"Feature","properties":{"osm_id":"way/424388516","name":null,"building":"yes","highway":null,"tourism":null,"historic":null,"amenity":null,"height_m":12.8,"height_source":"osm","levels":"4","source":"OpenStreetMap"},"geometry":{"type":"Polygon","coordinates":[[[5.3706616,43.2992182],[5.3706545,43.2991494],[5.3707108,43.2990766],[5.3707717,43.2990007],[5.3708231,43.2989374],[5.3708975,43.2989686],[5.3709822,43.2990047],[5.3709306,43.2990689],[5.3708671,43.2991503],[5.3708193,43.2992079],[5.3707813,43.2992104],[5.3706616,43.2992182]]]}},{"type":"Feature","properties":{"osm_id":"way/424388517","name":null,"building":"yes","highway":null,"tourism":null,"historic":null,"amenity":null,"height_m":3.2,"height_source":"osm","levels":"1","source":"OpenStreetMap"},"geometry":{"type":"Polygon","coordinates":[[[5.3705451,43.2992262],[5.3706616,43.2992182],[5.3706545,43.2991494],[5.3706193,43.2991513],[5.3705547,43.2991559],[5.3705451,43.2992262]]]}},{"type":"Feature","properties":{"osm_id":"way/424388518","name":null,"building":"yes","highway":null,"tourism":null,"historic":null,"amenity":null,"height_m":28.8,"height_source":"osm","levels":"9","source":"OpenStreetMap"},"geometry":{"type":"Polygon","coordinates":[[[5.3708888,43.2986474],[5.371001,43.2986111],[5.3708646,43.2983811],[5.3708619,43.2983758],[5.3708331,43.2983851],[5.3708508,43.2984141],[5.3708093,43.2984277],[5.3707929,43.2983982],[5.3707488,43.2984118],[5.3708888,43.2986474]]]}},{"type":"Feature","properties":{"osm_id":"way/424388519","name":null,"building":"yes","highway":null,"tourism":null,"historic":null,"amenity":null,"height_m":6.4,"height_source":"osm","levels":"2","source":"OpenStreetMap"},"geometry":{"type":"Polygon","coordinates":[[[5.3706845,43.2982463],[5.3707607,43.2982218],[5.3706437,43.2980191],[5.3705672,43.2980436],[5.3706845,43.2982463]]]}},{"type":"Feature","properties":{"osm_id":"way/426235062","name":null,"building":"yes","highway":null,"tourism":null,"historic":null,"amenity":null,"height_m":10,"height_source":"default","levels":null,"source":"OpenStreetMap"},"geometry":{"type":"Polygon","coordinates":[[[5.3641979,43.2982777],[5.3641672,43.2982302],[5.3640995,43.2981403],[5.3640178,43.2980475],[5.363606,43.2981186],[5.3635493,43.2981286],[5.3635551,43.2981478],[5.3635866,43.2982523],[5.3637988,43.2983459],[5.3641979,43.2982777]]]}},{"type":"Feature","properties":{"osm_id":"way/431409215","name":null,"building":"yes","highway":null,"tourism":null,"historic":null,"amenity":null,"height_m":10,"height_source":"default","levels":null,"source":"OpenStreetMap"},"geometry":{"type":"Polygon","coordinates":[[[5.3669757,43.2991071],[5.3669067,43.2991178],[5.3668886,43.2990586],[5.3668744,43.2990122],[5.3669429,43.2990026],[5.3669517,43.2990259],[5.3669757,43.2991071]]]}},{"type":"Feature","properties":{"osm_id":"way/431409216","name":null,"building":"yes","highway":null,"tourism":null,"historic":null,"amenity":null,"height_m":10,"height_source":"default","levels":null,"source":"OpenStreetMap"},"geometry":{"type":"Polygon","coordinates":[[[5.3673795,43.2992756],[5.3674181,43.2992751],[5.3674006,43.2991958],[5.3673503,43.2992053],[5.3673556,43.2992343],[5.3673378,43.2992367],[5.3673405,43.2992415],[5.3673429,43.2992485],[5.3673745,43.2992475],[5.3673795,43.2992756]]]}},{"type":"Feature","properties":{"osm_id":"way/431409218","name":null,"building":"yes","highway":null,"tourism":null,"historic":null,"amenity":null,"height_m":10,"height_source":"default","levels":null,"source":"OpenStreetMap"},"geometry":{"type":"Polygon","coordinates":[[[5.3674239,43.2991403],[5.367426,43.2991641],[5.367461,43.2991636],[5.3674888,43.2991625],[5.3674878,43.2991598],[5.3674755,43.299128],[5.3674239,43.2991403]]]}},{"type":"Feature","properties":{"osm_id":"way/431532364","name":null,"building":"yes","highway":null,"tourism":null,"historic":null,"amenity":null,"height_m":10,"height_source":"default","levels":null,"source":"OpenStreetMap"},"geometry":{"type":"Polygon","coordinates":[[[5.3669171,43.2963267],[5.3669133,43.2963492],[5.3669097,43.2963701],[5.3670245,43.2963827],[5.3670286,43.2963621],[5.3670333,43.296338],[5.3669171,43.2963267]]]}},{"type":"Feature","properties":{"osm_id":"way/431532365","name":null,"building":"roof","highway":null,"tourism":null,"historic":null,"amenity":null,"height_m":10,"height_source":"default","levels":null,"source":"OpenStreetMap"},"geometry":{"type":"Polygon","coordinates":[[[5.3662702,43.2963554],[5.3662922,43.2963234],[5.3662666,43.2963134],[5.3662439,43.296345],[5.3662572,43.2963502],[5.3662702,43.2963554]]]}},{"type":"Feature","properties":{"osm_id":"way/431532367","name":null,"building":"apartments","highway":null,"tourism":null,"historic":null,"amenity":null,"height_m":16,"height_source":"osm","levels":"5","source":"OpenStreetMap"},"geometry":{"type":"Polygon","coordinates":[[[5.3662702,43.2963554],[5.3662282,43.2964191],[5.3662433,43.2964247],[5.3662732,43.2964357],[5.3663075,43.2964482],[5.3663431,43.2964613],[5.3663768,43.2964737],[5.3664135,43.2964871],[5.3664521,43.2965013],[5.3664868,43.296514],[5.3665244,43.2965279],[5.3665601,43.2965409],[5.3666001,43.2965556],[5.36664,43.2965704],[5.3666445,43.2965646],[5.3667093,43.2964742],[5.3663716,43.2963522],[5.3662922,43.2963234],[5.3662702,43.2963554]]]}},{"type":"Feature","properties":{"osm_id":"way/431532368","name":null,"building":"yes","highway":null,"tourism":null,"historic":null,"amenity":null,"height_m":10,"height_source":"default","levels":null,"source":"OpenStreetMap"},"geometry":{"type":"Polygon","coordinates":[[[5.3667093,43.2964742],[5.3667211,43.2964578],[5.3667152,43.296456],[5.3667729,43.2962994],[5.366417,43.2962274],[5.3663716,43.2963522],[5.3667093,43.2964742]]]}},{"type":"Feature","properties":{"osm_id":"way/431532369","name":null,"building":"yes","highway":null,"tourism":null,"historic":null,"amenity":null,"height_m":10,"height_source":"default","levels":null,"source":"OpenStreetMap"},"geometry":{"type":"Polygon","coordinates":[[[5.367186,43.2965215],[5.3671962,43.2964652],[5.3672703,43.2964725],[5.3672593,43.2965292],[5.367186,43.2965215]]]}},{"type":"Feature","properties":{"osm_id":"way/431532370","name":null,"building":"yes","highway":null,"tourism":null,"historic":null,"amenity":null,"height_m":10,"height_source":"default","levels":null,"source":"OpenStreetMap"},"geometry":{"type":"Polygon","coordinates":[[[5.367186,43.2965215],[5.3671745,43.2965203],[5.3671967,43.2964061],[5.3672027,43.2964068],[5.3672075,43.2964101],[5.3672071,43.2964128],[5.3672007,43.296415],[5.3671914,43.2964647],[5.3671962,43.2964652],[5.367186,43.2965215]]]}},{"type":"Feature","properties":{"osm_id":"way/431532372","name":null,"building":"yes","highway":null,"tourism":null,"historic":null,"amenity":null,"height_m":10,"height_source":"default","levels":null,"source":"OpenStreetMap"},"geometry":{"type":"Polygon","coordinates":[[[5.3671271,43.2964066],[5.3671243,43.2964065],[5.3671246,43.2964013],[5.36713,43.2963987],[5.3671349,43.2963991],[5.3671119,43.2965141],[5.3671002,43.296513],[5.3671117,43.2964565],[5.3671172,43.2964572],[5.3671271,43.2964066]]]}},{"type":"Feature","properties":{"osm_id":"way/431532374","name":null,"building":"yes","highway":null,"tourism":null,"historic":null,"amenity":null,"height_m":10,"height_source":"default","levels":null,"source":"OpenStreetMap"},"geometry":{"type":"Polygon","coordinates":[[[5.3671304,43.2966103],[5.3671549,43.2966132],[5.3671745,43.2965203],[5.3671473,43.296518],[5.3671304,43.2966103]]]}},{"type":"Feature","properties":{"osm_id":"way/431532376","name":null,"building":"yes","highway":null,"tourism":null,"historic":null,"amenity":null,"height_m":10,"height_source":"default","levels":null,"source":"OpenStreetMap"},"geometry":{"type":"Polygon","coordinates":[[[5.3671304,43.2966103],[5.3670928,43.2966067],[5.3671119,43.2965141],[5.3671473,43.296518],[5.3671304,43.2966103]]]}},{"type":"Feature","properties":{"osm_id":"way/431532377","name":null,"building":"yes","highway":null,"tourism":null,"historic":null,"amenity":null,"height_m":10,"height_source":"default","levels":null,"source":"OpenStreetMap"},"geometry":{"type":"Polygon","coordinates":[[[5.3671119,43.2965141],[5.3671002,43.296513],[5.3670288,43.2965057],[5.3670396,43.2964494],[5.3670527,43.2963858],[5.3670245,43.2963827],[5.3669097,43.2963701],[5.3668796,43.2965197],[5.3668677,43.2965836],[5.3670928,43.2966067],[5.3671119,43.2965141]]]}},{"type":"Feature","properties":{"osm_id":"way/431532379","name":null,"building":"yes","highway":null,"tourism":null,"historic":null,"amenity":null,"height_m":10,"height_source":"default","levels":null,"source":"OpenStreetMap"},"geometry":{"type":"Polygon","coordinates":[[[5.3670288,43.2965057],[5.3671002,43.296513],[5.3671117,43.2964565],[5.3670396,43.2964494],[5.3670288,43.2965057]]]}},{"type":"Feature","properties":{"osm_id":"way/431532380","name":null,"building":"yes","highway":null,"tourism":null,"historic":null,"amenity":null,"height_m":10,"height_source":"default","levels":null,"source":"OpenStreetMap"},"geometry":{"type":"Polygon","coordinates":[[[5.3684123,43.2966613],[5.3685316,43.2966736],[5.3685712,43.2964794],[5.3684926,43.2964714],[5.3684918,43.2964743],[5.3684512,43.2964703],[5.3684446,43.2965003],[5.3684253,43.2964985],[5.3683982,43.2966269],[5.3684182,43.2966293],[5.3684123,43.2966613]]]}},{"type":"Feature","properties":{"osm_id":"way/431532381","name":null,"building":"yes","highway":null,"tourism":null,"historic":null,"amenity":null,"height_m":10,"height_source":"default","levels":null,"source":"OpenStreetMap"},"geometry":{"type":"Polygon","coordinates":[[[5.3684918,43.2964743],[5.3684926,43.2964714],[5.3685087,43.2963843],[5.3682469,43.296357],[5.3678015,43.2963105],[5.367598,43.2962892],[5.3675768,43.296391],[5.3675874,43.296392],[5.3679276,43.2964283],[5.3680074,43.2964364],[5.3683893,43.2964771],[5.3683921,43.2964643],[5.3684512,43.2964703],[5.3684918,43.2964743]]]}},{"type":"Feature","properties":{"osm_id":"way/431532382","name":null,"building":"yes","highway":null,"tourism":null,"historic":null,"amenity":null,"height_m":10,"height_source":"default","levels":null,"source":"OpenStreetMap"},"geometry":{"type":"Polygon","coordinates":[[[5.3675874,43.296392],[5.3675791,43.2964301],[5.3675845,43.2964396],[5.3675969,43.2964442],[5.3678872,43.296476],[5.3679026,43.296475],[5.367918,43.2964664],[5.3679211,43.2964625],[5.3679276,43.2964283],[5.3675874,43.296392]]]}},{"type":"Feature","properties":{"osm_id":"way/431532383","name":null,"building":"yes","highway":null,"tourism":null,"historic":null,"amenity":null,"height_m":10,"height_source":"default","levels":null,"source":"OpenStreetMap"},"geometry":{"type":"Polygon","coordinates":[[[5.3675768,43.296391],[5.3675388,43.2963871],[5.36756,43.2962852],[5.367598,43.2962892],[5.3675768,43.296391]]]}},{"type":"Feature","properties":{"osm_id":"way/431532384","name":null,"building":"yes","highway":null,"tourism":null,"historic":null,"amenity":null,"height_m":10,"height_source":"default","levels":null,"source":"OpenStreetMap"},"geometry":{"type":"Polygon","coordinates":[[[5.3675388,43.2963871],[5.367515,43.2963846],[5.3674963,43.2963826],[5.3675142,43.2962806],[5.3675332,43.2962821],[5.36756,43.2962852],[5.3675388,43.2963871]]]}},{"type":"Feature","properties":{"osm_id":"way/431532385","name":null,"building":"yes","highway":null,"tourism":null,"historic":null,"amenity":null,"height_m":10,"height_source":"default","levels":null,"source":"OpenStreetMap"},"geometry":{"type":"Polygon","coordinates":[[[5.3674963,43.2963826],[5.3674631,43.2963795],[5.3674828,43.2962769],[5.3675142,43.2962806],[5.3674963,43.2963826]]]}},{"type":"Feature","properties":{"osm_id":"way/431532386","name":null,"building":"yes","highway":null,"tourism":null,"historic":null,"amenity":null,"height_m":10,"height_source":"default","levels":null,"source":"OpenStreetMap"},"geometry":{"type":"Polygon","coordinates":[[[5.3674631,43.2963795],[5.3674356,43.2963764],[5.3674267,43.2964241],[5.367282,43.2964095],[5.3673024,43.296302],[5.3673522,43.2963072],[5.3673527,43.296298],[5.3673629,43.2962824],[5.3673804,43.2962715],[5.3674023,43.2962667],[5.3674462,43.2962713],[5.3674471,43.2962736],[5.3674648,43.2962752],[5.3674828,43.2962769],[5.3674631,43.2963795]]]}},{"type":"Feature","properties":{"osm_id":"way/442019528","name":null,"building":"yes","highway":null,"tourism":null,"historic":null,"amenity":null,"height_m":10,"height_source":"default","levels":null,"source":"OpenStreetMap"},"geometry":{"type":"Polygon","coordinates":[[[5.3661658,43.2987435],[5.3662385,43.29873],[5.3662402,43.2987354],[5.3662374,43.2987356],[5.3662455,43.29876],[5.3662491,43.2987705],[5.3661807,43.2987851],[5.3661788,43.2987793],[5.3661766,43.2987735],[5.3661718,43.2987602],[5.3661658,43.2987435]]]}},{"type":"Feature","properties":{"osm_id":"way/442019529","name":null,"building":"yes","highway":null,"tourism":null,"historic":null,"amenity":null,"height_m":10,"height_source":"default","levels":null,"source":"OpenStreetMap"},"geometry":{"type":"Polygon","coordinates":[[[5.3660076,43.2992224],[5.3657831,43.299258],[5.3658986,43.2996237],[5.3659766,43.2996103],[5.3660097,43.2997208],[5.3660177,43.2997199],[5.3660203,43.2997292],[5.3660238,43.2997285],[5.3660266,43.2997379],[5.3660309,43.2997513],[5.3660229,43.2997523],[5.3660271,43.2997654],[5.3657589,43.29981],[5.3656064,43.2992983],[5.365622,43.299296],[5.3656,43.2992225],[5.3655966,43.2992222],[5.3655957,43.2992177],[5.3661497,43.2991361],[5.3661637,43.2991753],[5.3661769,43.2991734],[5.3663609,43.2997087],[5.3660983,43.2997537],[5.366092,43.2997543],[5.3660878,43.299742],[5.36608,43.2997427],[5.3660752,43.2997297],[5.3660731,43.29973],[5.3660713,43.2997202],[5.3660755,43.2997198],[5.3660722,43.2997101],[5.3660819,43.2997089],[5.3660488,43.2995987],[5.3661327,43.2995846],[5.3660076,43.2992224]]]}},{"type":"Feature","properties":{"osm_id":"way/450363378","name":null,"building":"yes","highway":null,"tourism":null,"historic":null,"amenity":null,"height_m":10,"height_source":"default","levels":null,"source":"OpenStreetMap"},"geometry":{"type":"Polygon","coordinates":[[[5.3744872,43.2988749],[5.3744901,43.2988613],[5.3745019,43.2988628],[5.374504,43.2988486],[5.3743806,43.2988366],[5.3743764,43.2988636],[5.3744037,43.2988659],[5.3744872,43.2988749]]]}},{"type":"Feature","properties":{"osm_id":"way/450363380","name":null,"building":"yes","highway":null,"tourism":null,"historic":null,"amenity":null,"height_m":10,"height_source":"default","levels":null,"source":"OpenStreetMap"},"geometry":{"type":"Polygon","coordinates":[[[5.3743946,43.299023],[5.3745249,43.2990365],[5.3745232,43.2990512],[5.3743919,43.299037],[5.3743946,43.299023]]]}},{"type":"Feature","properties":{"osm_id":"way/450363381","name":null,"building":"yes","highway":null,"tourism":null,"historic":null,"amenity":null,"height_m":10,"height_source":"default","levels":null,"source":"OpenStreetMap"},"geometry":{"type":"Polygon","coordinates":[[[5.3743946,43.299023],[5.3743967,43.2990123],[5.3745457,43.2990282],[5.3745413,43.2990532],[5.3745232,43.2990512],[5.3745249,43.2990365],[5.3743946,43.299023]]]}},{"type":"Feature","properties":{"osm_id":"way/450363384","name":null,"building":"yes","highway":null,"tourism":null,"historic":null,"amenity":null,"height_m":10,"height_source":"default","levels":null,"source":"OpenStreetMap"},"geometry":{"type":"Polygon","coordinates":[[[5.3741997,43.2967129],[5.3742129,43.2966968],[5.3741461,43.2966681],[5.3741333,43.296684],[5.3741997,43.2967129]]]}},{"type":"Feature","properties":{"osm_id":"way/450363385","name":null,"building":"yes","highway":null,"tourism":null,"historic":null,"amenity":null,"height_m":3.2,"height_source":"osm","levels":"1","source":"OpenStreetMap"},"geometry":{"type":"Polygon","coordinates":[[[5.3743447,43.2966793],[5.3743755,43.2966416],[5.3742981,43.2966053],[5.3742631,43.2966513],[5.3743447,43.2966793]]]}},{"type":"Feature","properties":{"osm_id":"way/450363386","name":null,"building":"yes","highway":null,"tourism":null,"historic":null,"amenity":null,"height_m":10,"height_source":"default","levels":null,"source":"OpenStreetMap"},"geometry":{"type":"Polygon","coordinates":[[[5.3742014,43.2965821],[5.3742156,43.2965651],[5.3742414,43.2965778],[5.3742258,43.2965938],[5.3742014,43.2965821]]]}},{"type":"Feature","properties":{"osm_id":"way/450363387","name":null,"building":"yes","highway":null,"tourism":null,"historic":null,"amenity":null,"height_m":10,"height_source":"default","levels":null,"source":"OpenStreetMap"},"geometry":{"type":"Polygon","coordinates":[[[5.3740634,43.2967694],[5.3741314,43.2967993],[5.3741437,43.2967845],[5.3740753,43.2967552],[5.3740634,43.2967694]]]}},{"type":"Feature","properties":{"osm_id":"way/477761915","name":null,"building":"yes","highway":null,"tourism":null,"historic":null,"amenity":null,"height_m":3.2,"height_source":"osm","levels":"1","source":"OpenStreetMap"},"geometry":{"type":"Polygon","coordinates":[[[5.3737027,43.2979428],[5.3737104,43.2979432],[5.3737231,43.2979422],[5.3737943,43.2979403],[5.3737946,43.297916],[5.3737652,43.2979165],[5.3737055,43.297917],[5.373702,43.2979172],[5.3737027,43.2979428]]]}},{"type":"Feature","properties":{"osm_id":"way/477761916","name":null,"building":"roof","highway":null,"tourism":null,"historic":null,"amenity":null,"height_m":10,"height_source":"default","levels":null,"source":"OpenStreetMap"},"geometry":{"type":"Polygon","coordinates":[[[5.3736813,43.2980054],[5.3737058,43.2980068],[5.3737027,43.2979428],[5.373702,43.2979172],[5.3737055,43.297917],[5.3737046,43.2979022],[5.3736746,43.2979028],[5.3736813,43.2980054]]]}},{"type":"Feature","properties":{"osm_id":"way/477761917","name":null,"building":"yes","highway":null,"tourism":null,"historic":null,"amenity":null,"height_m":3.2,"height_source":"osm","levels":"1","source":"OpenStreetMap"},"geometry":{"type":"Polygon","coordinates":[[[5.3728649,43.2973392],[5.3729056,43.2972889],[5.3728615,43.2972693],[5.3728201,43.29732],[5.3728649,43.2973392]]]}},{"type":"Feature","properties":{"osm_id":"way/477761918","name":null,"building":"yes","highway":null,"tourism":null,"historic":null,"amenity":null,"height_m":3.2,"height_source":"osm","levels":"1","source":"OpenStreetMap"},"geometry":{"type":"Polygon","coordinates":[[[5.3729056,43.2972889],[5.372916,43.297276],[5.3728713,43.2972572],[5.3728615,43.2972693],[5.3729056,43.2972889]]]}},{"type":"Feature","properties":{"osm_id":"way/477761919","name":null,"building":"yes","highway":null,"tourism":null,"historic":null,"amenity":null,"height_m":3.2,"height_source":"osm","levels":"1","source":"OpenStreetMap"},"geometry":{"type":"Polygon","coordinates":[[[5.372916,43.297276],[5.3729918,43.2971823],[5.372948,43.2971632],[5.3728713,43.2972572],[5.372916,43.297276]]]}},{"type":"Feature","properties":{"osm_id":"way/477761920","name":null,"building":"yes","highway":null,"tourism":null,"historic":null,"amenity":null,"height_m":3.2,"height_source":"osm","levels":"1","source":"OpenStreetMap"},"geometry":{"type":"Polygon","coordinates":[[[5.3729918,43.2971823],[5.3730013,43.2971707],[5.3729578,43.2971512],[5.372948,43.2971632],[5.3729918,43.2971823]]]}},{"type":"Feature","properties":{"osm_id":"way/477761921","name":null,"building":"yes","highway":null,"tourism":null,"historic":null,"amenity":null,"height_m":3.2,"height_source":"osm","levels":"1","source":"OpenStreetMap"},"geometry":{"type":"Polygon","coordinates":[[[5.3730013,43.2971707],[5.3730208,43.2971465],[5.3729772,43.2971274],[5.3729578,43.2971512],[5.3730013,43.2971707]]]}},{"type":"Feature","properties":{"osm_id":"way/477761922","name":null,"building":"yes","highway":null,"tourism":null,"historic":null,"amenity":null,"height_m":3.2,"height_source":"osm","levels":"1","source":"OpenStreetMap"},"geometry":{"type":"Polygon","coordinates":[[[5.3729772,43.2971274],[5.3729856,43.297116],[5.3729988,43.2970968],[5.3730653,43.2970914],[5.3730208,43.2971465],[5.3729772,43.2971274]]]}},{"type":"Feature","properties":{"osm_id":"way/477761923","name":null,"building":"yes","highway":null,"tourism":null,"historic":null,"amenity":null,"height_m":3.2,"height_source":"osm","levels":"1","source":"OpenStreetMap"},"geometry":{"type":"Polygon","coordinates":[[[5.3726323,43.2975525],[5.3726904,43.2975545],[5.3727077,43.2975337],[5.3726634,43.2975148],[5.3726323,43.2975525]]]}},{"type":"Feature","properties":{"osm_id":"way/477761924","name":null,"building":"roof","highway":null,"tourism":null,"historic":null,"amenity":null,"height_m":10,"height_source":"default","levels":null,"source":"OpenStreetMap"},"geometry":{"type":"Polygon","coordinates":[[[5.3722238,43.2979675],[5.372222,43.2979162],[5.3721966,43.2979164],[5.3721728,43.2979461],[5.3722238,43.2979675]]]}},{"type":"Feature","properties":{"osm_id":"way/477761926","name":null,"building":"yes","highway":null,"tourism":null,"historic":null,"amenity":null,"height_m":3.2,"height_source":"osm","levels":"1","source":"OpenStreetMap"},"geometry":{"type":"Polygon","coordinates":[[[5.3721265,43.2981436],[5.3721586,43.2981573],[5.3721612,43.2981545],[5.3722429,43.2980544],[5.3722229,43.2980445],[5.3722111,43.2980394],[5.3721265,43.2981436]]]}},{"type":"Feature","properties":{"osm_id":"way/477761927","name":null,"building":"yes","highway":null,"tourism":null,"historic":null,"amenity":null,"height_m":3.2,"height_source":"osm","levels":"1","source":"OpenStreetMap"},"geometry":{"type":"Polygon","coordinates":[[[5.3720024,43.2983496],[5.3720502,43.2982917],[5.3720472,43.2982904],[5.3721037,43.2982229],[5.3721062,43.2982229],[5.3721586,43.2981573],[5.3721265,43.2981436],[5.3719691,43.2983352],[5.3720024,43.2983496]]]}},{"type":"Feature","properties":{"osm_id":"way/477761928","name":null,"building":"yes","highway":null,"tourism":null,"historic":null,"amenity":null,"height_m":3.2,"height_source":"osm","levels":"1","source":"OpenStreetMap"},"geometry":{"type":"Polygon","coordinates":[[[5.3720322,43.2983659],[5.3720004,43.298352],[5.3720024,43.2983496],[5.3720502,43.2982917],[5.3720472,43.2982904],[5.3721037,43.2982229],[5.3721062,43.2982229],[5.3721586,43.2981573],[5.3721612,43.2981545],[5.3721938,43.2981686],[5.3720322,43.2983659]]]}},{"type":"Feature","properties":{"osm_id":"way/477761929","name":null,"building":"yes","highway":null,"tourism":null,"historic":null,"amenity":null,"height_m":3.2,"height_source":"osm","levels":"1","source":"OpenStreetMap"},"geometry":{"type":"Polygon","coordinates":[[[5.3719507,43.2984671],[5.3720322,43.2983659],[5.3720004,43.298352],[5.3719172,43.2984526],[5.3719507,43.2984671]]]}},{"type":"Feature","properties":{"osm_id":"way/477761930","name":null,"building":"yes","highway":null,"tourism":null,"historic":null,"amenity":null,"height_m":3.2,"height_source":"osm","levels":"1","source":"OpenStreetMap"},"geometry":{"type":"Polygon","coordinates":[[[5.3719172,43.2984526],[5.3720004,43.298352],[5.3720024,43.2983496],[5.3719691,43.2983352],[5.3718851,43.2984385],[5.3719172,43.2984526]]]}},{"type":"Feature","properties":{"osm_id":"way/477761931","name":null,"building":"yes","highway":null,"tourism":null,"historic":null,"amenity":null,"height_m":3.2,"height_source":"osm","levels":"1","source":"OpenStreetMap"},"geometry":{"type":"Polygon","coordinates":[[[5.3717894,43.2986628],[5.3719507,43.2984671],[5.3719172,43.2984526],[5.3718851,43.2984385],[5.3717285,43.2986313],[5.3717598,43.298645],[5.3717583,43.2986491],[5.3717894,43.2986628]]]}},{"type":"Feature","properties":{"osm_id":"way/477761932","name":null,"building":"yes","highway":null,"tourism":null,"historic":null,"amenity":null,"height_m":3.2,"height_source":"osm","levels":"1","source":"OpenStreetMap"},"geometry":{"type":"Polygon","coordinates":[[[5.3716759,43.2987483],[5.3717583,43.2986491],[5.3717598,43.298645],[5.3717285,43.2986313],[5.3716437,43.2987342],[5.3716759,43.2987483]]]}},{"type":"Feature","properties":{"osm_id":"way/477761933","name":null,"building":"yes","highway":null,"tourism":null,"historic":null,"amenity":null,"height_m":3.2,"height_source":"osm","levels":"1","source":"OpenStreetMap"},"geometry":{"type":"Polygon","coordinates":[[[5.371484,43.2988236],[5.3715814,43.2987925],[5.3715291,43.2987682],[5.371484,43.2988236]]]}},{"type":"Feature","properties":{"osm_id":"way/477761935","name":null,"building":"yes","highway":null,"tourism":null,"historic":null,"amenity":null,"height_m":3.2,"height_source":"osm","levels":"1","source":"OpenStreetMap"},"geometry":{"type":"Polygon","coordinates":[[[5.3725873,43.2986448],[5.372626,43.2985965],[5.3726775,43.2986189],[5.3726396,43.2986671],[5.3725873,43.2986448]]]}},{"type":"Feature","properties":{"osm_id":"way/477884980","name":null,"building":"yes","highway":null,"tourism":null,"historic":null,"amenity":null,"height_m":28.8,"height_source":"osm","levels":"9","source":"OpenStreetMap"},"geometry":{"type":"Polygon","coordinates":[[[5.3704976,43.2983704],[5.3704991,43.2984284],[5.3705321,43.2984282],[5.3705334,43.2983704],[5.3704976,43.2983704]]]}},{"type":"Feature","properties":{"osm_id":"way/477884982","name":null,"building":"yes","highway":null,"tourism":null,"historic":null,"amenity":null,"height_m":28.8,"height_source":"osm","levels":"9","source":"OpenStreetMap"},"geometry":{"type":"Polygon","coordinates":[[[5.3707227,43.2983705],[5.3707488,43.2984118],[5.3707929,43.2983982],[5.3708331,43.2983851],[5.3708619,43.2983758],[5.3708478,43.2983527],[5.3707934,43.2983698],[5.3707227,43.2983705]]]}},{"type":"Feature","properties":{"osm_id":"way/477884983","name":null,"building":"yes","highway":null,"tourism":null,"historic":null,"amenity":null,"height_m":6.4,"height_source":"osm","levels":"2","source":"OpenStreetMap"},"geometry":{"type":"Polygon","coordinates":[[[5.3708478,43.2983527],[5.3708638,43.2983473],[5.3708782,43.2983704],[5.3708619,43.2983758],[5.3708478,43.2983527]]]}},{"type":"Feature","properties":{"osm_id":"way/477884984","name":null,"building":"yes","highway":null,"tourism":null,"historic":null,"amenity":null,"height_m":10,"height_source":"default","levels":null,"source":"OpenStreetMap"},"geometry":{"type":"Polygon","coordinates":[[[5.3708478,43.2983527],[5.3708638,43.2983473],[5.3708403,43.2983081],[5.3708209,43.2982757],[5.370805,43.2982814],[5.3708478,43.2983527]]]}},{"type":"Feature","properties":{"osm_id":"way/477884985","name":null,"building":"yes","highway":null,"tourism":null,"historic":null,"amenity":null,"height_m":6.4,"height_source":"osm","levels":"2","source":"OpenStreetMap"},"geometry":{"type":"Polygon","coordinates":[[[5.370805,43.2982814],[5.3707679,43.2982195],[5.3707843,43.2982145],[5.3708094,43.2982566],[5.3708209,43.2982757],[5.370805,43.2982814]]]}},{"type":"Feature","properties":{"osm_id":"way/477884986","name":null,"building":"yes","highway":null,"tourism":null,"historic":null,"amenity":null,"height_m":6.4,"height_source":"osm","levels":"2","source":"OpenStreetMap"},"geometry":{"type":"Polygon","coordinates":[[[5.370805,43.2982814],[5.3707048,43.2982813],[5.3706845,43.2982463],[5.3707607,43.2982218],[5.3707679,43.2982195],[5.370805,43.2982814]]]}},{"type":"Feature","properties":{"osm_id":"way/501645066","name":"Chapelle des Pénitents blancs du Saint-Esprit","building":"yes","highway":null,"tourism":null,"historic":"church","amenity":null,"height_m":10,"height_source":"default","levels":null,"source":"OpenStreetMap"},"geometry":{"type":"Polygon","coordinates":[[[5.3688308,43.298006],[5.3686906,43.2980212],[5.3686633,43.2979129],[5.3686447,43.2978517],[5.3687324,43.297828],[5.3687879,43.2978203],[5.3688308,43.298006]]]}},{"type":"Feature","properties":{"osm_id":"way/537144099","name":null,"building":"yes","highway":null,"tourism":null,"historic":null,"amenity":null,"height_m":10,"height_source":"default","levels":null,"source":"OpenStreetMap"},"geometry":{"type":"Polygon","coordinates":[[[5.3732914,43.2972228],[5.3733018,43.2972287],[5.3733055,43.2972372],[5.3733004,43.2972542],[5.3732834,43.29727],[5.3732674,43.2972716],[5.3732558,43.2972669],[5.3732914,43.2972228]]]}},{"type":"Feature","properties":{"osm_id":"way/573245317","name":"Milon de Crotone","building":"yes","highway":null,"tourism":"artwork","historic":null,"amenity":null,"height_m":10,"height_source":"default","levels":null,"source":"OpenStreetMap"},"geometry":{"type":"Polygon","coordinates":[[[5.3743861,43.2929453],[5.3743966,43.2929215],[5.3744294,43.2929292],[5.3744189,43.2929529],[5.3743861,43.2929453]]]}},{"type":"Feature","properties":{"osm_id":"way/573245320","name":null,"building":"yes","highway":null,"tourism":null,"historic":null,"amenity":null,"height_m":10,"height_source":"default","levels":null,"source":"OpenStreetMap"},"geometry":{"type":"Polygon","coordinates":[[[5.3723331,43.2925431],[5.3723279,43.292555],[5.3723233,43.2925654],[5.372288,43.2925571],[5.3722979,43.2925348],[5.3723331,43.2925431]]]}},{"type":"Feature","properties":{"osm_id":"way/573245323","name":null,"building":"yes","highway":null,"tourism":null,"historic":null,"amenity":null,"height_m":10,"height_source":"default","levels":null,"source":"OpenStreetMap"},"geometry":{"type":"Polygon","coordinates":[[[5.3742376,43.2929892],[5.3742278,43.2930115],[5.3741925,43.2930032],[5.3742023,43.2929809],[5.3742376,43.2929892]]]}},{"type":"Feature","properties":{"osm_id":"way/573245325","name":null,"building":"yes","highway":null,"tourism":null,"historic":null,"amenity":null,"height_m":10,"height_source":"default","levels":null,"source":"OpenStreetMap"},"geometry":{"type":"Polygon","coordinates":[[[5.3743099,43.2928191],[5.3743,43.2928414],[5.3742647,43.2928331],[5.3742696,43.2928221],[5.3742746,43.2928108],[5.3743099,43.2928191]]]}},{"type":"Feature","properties":{"osm_id":"way/582912477","name":null,"building":"yes","highway":null,"tourism":null,"historic":null,"amenity":null,"height_m":10,"height_source":"default","levels":null,"source":"OpenStreetMap"},"geometry":{"type":"Polygon","coordinates":[[[5.367743,43.2979898],[5.3677392,43.2979875],[5.3677504,43.2979769],[5.3677523,43.2979777],[5.3677553,43.2979783],[5.367743,43.2979898]]]}},{"type":"Feature","properties":{"osm_id":"way/582912479","name":null,"building":"yes","highway":null,"tourism":null,"historic":null,"amenity":null,"height_m":10,"height_source":"default","levels":null,"source":"OpenStreetMap"},"geometry":{"type":"Polygon","coordinates":[[[5.3686905,43.2991531],[5.3686759,43.299155],[5.3686885,43.2991948],[5.3687014,43.2991935],[5.3686905,43.2991531]]]}},{"type":"Feature","properties":{"osm_id":"way/582976668","name":null,"building":"yes","highway":null,"tourism":null,"historic":null,"amenity":null,"height_m":10,"height_source":"default","levels":null,"source":"OpenStreetMap"},"geometry":{"type":"Polygon","coordinates":[[[5.3643256,43.2977769],[5.3643074,43.2977508],[5.3642127,43.2976156],[5.3643456,43.2975635],[5.3644601,43.2977248],[5.3643256,43.2977769]]]}},{"type":"Feature","properties":{"osm_id":"way/628152479","name":null,"building":"apartments","highway":null,"tourism":null,"historic":null,"amenity":null,"height_m":10,"height_source":"default","levels":null,"source":"OpenStreetMap"},"geometry":{"type":"Polygon","coordinates":[[[5.3700452,43.2929682],[5.3700464,43.2929522],[5.3700518,43.2929528],[5.3700963,43.2923698],[5.3702839,43.2923813],[5.3702313,43.2928752],[5.3702259,43.2929197],[5.3702203,43.2929754],[5.3700452,43.2929682]]]}},{"type":"Feature","properties":{"osm_id":"way/658309978","name":null,"building":"yes","highway":null,"tourism":null,"historic":null,"amenity":null,"height_m":10,"height_source":"default","levels":null,"source":"OpenStreetMap"},"geometry":{"type":"Polygon","coordinates":[[[5.3725329,43.297289],[5.3725255,43.2973202],[5.3725854,43.2973447],[5.3725951,43.297296],[5.3725329,43.297289]]]}},{"type":"Feature","properties":{"osm_id":"way/868036525","name":null,"building":"yes","highway":null,"tourism":null,"historic":null,"amenity":null,"height_m":10,"height_source":"default","levels":null,"source":"OpenStreetMap"},"geometry":{"type":"Polygon","coordinates":[[[5.370603,43.2974511],[5.3705792,43.2975764],[5.3706284,43.2975814],[5.3707878,43.2975978],[5.3710184,43.2976216],[5.3712313,43.2976435],[5.3713002,43.2976506],[5.3713242,43.2975252],[5.3712372,43.2975162],[5.3712331,43.297537],[5.3706854,43.29748],[5.3706895,43.29746],[5.370603,43.2974511]]]}},{"type":"Feature","properties":{"osm_id":"way/868036526","name":null,"building":"yes","highway":null,"tourism":null,"historic":null,"amenity":null,"height_m":10,"height_source":"default","levels":null,"source":"OpenStreetMap"},"geometry":{"type":"Polygon","coordinates":[[[5.3706895,43.29746],[5.3706854,43.29748],[5.3712331,43.297537],[5.3712372,43.2975162],[5.3706895,43.29746]]]}},{"type":"Feature","properties":{"osm_id":"way/891369737","name":"Hôtel Salomon","building":"yes","highway":null,"tourism":null,"historic":"manor","amenity":null,"height_m":16,"height_source":"osm","levels":"5","source":"OpenStreetMap"},"geometry":{"type":"Polygon","coordinates":[[[5.3673384,43.2969298],[5.3674002,43.296941],[5.3674387,43.296948],[5.3674287,43.2970095],[5.3674255,43.2970098],[5.3674199,43.2970344],[5.3673556,43.2970255],[5.3673536,43.2970316],[5.3673602,43.297039],[5.3673542,43.297062],[5.3673436,43.2970673],[5.3673432,43.2970752],[5.367335,43.2971195],[5.3673304,43.2971444],[5.367329,43.2971592],[5.3672416,43.2971516],[5.3672361,43.2969849],[5.367322,43.2969976],[5.3673384,43.2969298]]]}},{"type":"Feature","properties":{"osm_id":"way/891369738","name":null,"building":"yes","highway":null,"tourism":null,"historic":null,"amenity":null,"height_m":10,"height_source":"default","levels":null,"source":"OpenStreetMap"},"geometry":{"type":"Polygon","coordinates":[[[5.3674255,43.2970098],[5.3674287,43.2970095],[5.3675037,43.2970135],[5.3674739,43.2971454],[5.3674381,43.2971398],[5.3673993,43.2971342],[5.3673991,43.297127],[5.3674081,43.2970867],[5.3674199,43.2970344],[5.3674255,43.2970098]]]}},{"type":"Feature","properties":{"osm_id":"way/891369739","name":null,"building":"yes","highway":null,"tourism":null,"historic":null,"amenity":null,"height_m":10,"height_source":"default","levels":null,"source":"OpenStreetMap"},"geometry":{"type":"Polygon","coordinates":[[[5.367335,43.2971195],[5.3673991,43.297127],[5.3674081,43.2970867],[5.3673432,43.2970752],[5.367335,43.2971195]]]}},{"type":"Feature","properties":{"osm_id":"way/891369740","name":null,"building":"yes","highway":null,"tourism":null,"historic":null,"amenity":null,"height_m":10,"height_source":"default","levels":null,"source":"OpenStreetMap"},"geometry":{"type":"Polygon","coordinates":[[[5.3673991,43.297127],[5.3673993,43.2971342],[5.3673914,43.2971624],[5.3673958,43.2971633],[5.3673873,43.2971981],[5.3672424,43.2971904],[5.3672416,43.2971516],[5.367329,43.2971592],[5.3673304,43.2971444],[5.367335,43.2971195],[5.3673991,43.297127]]]}},{"type":"Feature","properties":{"osm_id":"way/891369741","name":null,"building":"yes","highway":null,"tourism":null,"historic":null,"amenity":null,"height_m":10,"height_source":"default","levels":null,"source":"OpenStreetMap"},"geometry":{"type":"Polygon","coordinates":[[[5.3673958,43.2971633],[5.3673966,43.2971619],[5.3674323,43.2971652],[5.3674381,43.2971398],[5.3673993,43.2971342],[5.3673914,43.2971624],[5.3673958,43.2971633]]]}},{"type":"Feature","properties":{"osm_id":"way/1067502758","name":"Billeterie Grotte Cosquer","building":"yes","highway":null,"tourism":null,"historic":null,"amenity":null,"height_m":3.2,"height_source":"osm","levels":"1","source":"OpenStreetMap"},"geometry":{"type":"Polygon","coordinates":[[[5.362196,43.2973718],[5.3621847,43.2973679],[5.3621723,43.2973668],[5.3621601,43.2973687],[5.3621493,43.2973733],[5.3621412,43.2973803],[5.3621366,43.2973887],[5.3621359,43.297398],[5.3621395,43.2974069],[5.3621469,43.2974144],[5.3621572,43.2974198],[5.3621694,43.2974224],[5.3621822,43.297422],[5.362194,43.2974186],[5.3622036,43.2974125],[5.36221,43.2974045],[5.3622124,43.2973954],[5.3622106,43.2973862],[5.362205,43.2973781],[5.362196,43.2973718]]]}},{"type":"Feature","properties":{"osm_id":"way/1077046753","name":null,"building":"yes","highway":null,"tourism":null,"historic":null,"amenity":null,"height_m":10,"height_source":"default","levels":null,"source":"OpenStreetMap"},"geometry":{"type":"Polygon","coordinates":[[[5.3632455,43.2948583],[5.3632704,43.2948313],[5.3632747,43.2948267],[5.3632609,43.2948201],[5.3632315,43.2948518],[5.3632455,43.2948583]]]}},{"type":"Feature","properties":{"osm_id":"way/1081839737","name":null,"building":"yes","highway":null,"tourism":null,"historic":null,"amenity":null,"height_m":10,"height_source":"default","levels":null,"source":"OpenStreetMap"},"geometry":{"type":"Polygon","coordinates":[[[5.3632045,43.2935111],[5.3632474,43.29351],[5.3632458,43.2934679],[5.3632361,43.2934581],[5.3631997,43.2934603],[5.3632045,43.2935111]]]}},{"type":"Feature","properties":{"osm_id":"way/1095124594","name":"Casa Dalauze","building":"yes","highway":null,"tourism":null,"historic":null,"amenity":null,"height_m":3.2,"height_source":"osm","levels":"1","source":"OpenStreetMap"},"geometry":{"type":"Polygon","coordinates":[[[5.3619346,43.2929916],[5.3619815,43.2930151],[5.3620087,43.2929826],[5.3620518,43.2930001],[5.3621713,43.2928591],[5.3621961,43.2928705],[5.3622763,43.292907],[5.362149,43.2930539],[5.36213,43.2930775],[5.3622296,43.2931222],[5.3621379,43.2932291],[5.3619903,43.2931642],[5.3618424,43.2931015],[5.3618999,43.2930324],[5.3618487,43.2930115],[5.361882,43.2929711],[5.3618442,43.2929543],[5.3618396,43.29296],[5.3617829,43.2929355],[5.361846,43.292858],[5.3619027,43.2928825],[5.3618822,43.2929076],[5.3619209,43.2929249],[5.3619087,43.2929395],[5.361917,43.2929428],[5.3619621,43.2929625],[5.3619346,43.2929916]]]}},{"type":"Feature","properties":{"osm_id":"way/1265847463","name":"A Modo Mio","building":"yes","highway":null,"tourism":null,"historic":null,"amenity":"restaurant","height_m":10,"height_source":"default","levels":null,"source":"OpenStreetMap"},"geometry":{"type":"Polygon","coordinates":[[[5.3657817,43.295628],[5.3658062,43.2955598],[5.3658777,43.2955744],[5.365854,43.2956411],[5.3657817,43.295628]]]}},{"type":"Feature","properties":{"osm_id":"way/1265848032","name":"Le souk","building":"yes","highway":null,"tourism":null,"historic":null,"amenity":"restaurant","height_m":10,"height_source":"default","levels":null,"source":"OpenStreetMap"},"geometry":{"type":"Polygon","coordinates":[[[5.3684119,43.2960456],[5.3685018,43.2960552],[5.3685345,43.2960587],[5.3685394,43.2960033],[5.3684208,43.295997],[5.3684119,43.2960456]]]}},{"type":"Feature","properties":{"osm_id":"way/1265848656","name":"fioupelan","building":"yes","highway":null,"tourism":null,"historic":null,"amenity":"restaurant","height_m":10,"height_source":"default","levels":null,"source":"OpenStreetMap"},"geometry":{"type":"Polygon","coordinates":[[[5.3706385,43.2963363],[5.3707332,43.2963462],[5.3707513,43.2962717],[5.3706473,43.2962584],[5.3706385,43.2963363]]]}},{"type":"Feature","properties":{"osm_id":"way/1332581279","name":null,"building":"yes","highway":null,"tourism":null,"historic":null,"amenity":null,"height_m":10,"height_source":"default","levels":null,"source":"OpenStreetMap"},"geometry":{"type":"Polygon","coordinates":[[[5.3742066,43.2977095],[5.3742328,43.2977098],[5.3742605,43.2977101],[5.3742614,43.2976614],[5.3742267,43.2976611],[5.3742075,43.2976609],[5.3742066,43.2977095]]]}},{"type":"Feature","properties":{"osm_id":"way/1487354369","name":"Maison du don – Marseille","building":"yes","highway":null,"tourism":null,"historic":null,"amenity":null,"height_m":22.400000000000002,"height_source":"osm","levels":"7","source":"OpenStreetMap"},"geometry":{"type":"Polygon","coordinates":[[[5.3726089,43.2983789],[5.3727502,43.2984403],[5.3727645,43.2984477],[5.372748,43.2984688],[5.3727892,43.2984862],[5.3727578,43.2985273],[5.3725587,43.2984416],[5.3725852,43.2984085],[5.3726089,43.2983789]]]}}]}