{"type":"FeatureCollection","features":[{"type":"Feature","properties":{"osm_id":"way/4385484","name":"Quai Marcel Pagnol","building":null,"highway":"service","tourism":null,"historic":null,"amenity":null,"height_m":null,"height_source":null,"levels":null,"source":"OpenStreetMap"},"geometry":{"type":"LineString","coordinates":[[5.3636247,43.2930221],[5.3635578,43.2930931],[5.3633843,43.2931465],[5.3632133,43.2931527],[5.363185,43.2931591],[5.3631601,43.2931709],[5.3631396,43.2931876],[5.3631237,43.2932093],[5.3630457,43.2934921],[5.3629954,43.2936782],[5.3629805,43.2937066],[5.3629633,43.2937245]]}},{"type":"Feature","properties":{"osm_id":"way/4520540","name":"Quai du Port","building":null,"highway":"residential","tourism":null,"historic":null,"amenity":null,"height_m":null,"height_source":null,"levels":null,"source":"OpenStreetMap"},"geometry":{"type":"LineString","coordinates":[[5.3695819,43.2960427],[5.3693313,43.2960296],[5.369074,43.2960089],[5.3688765,43.2959898],[5.3687129,43.2959739],[5.3680848,43.2959106],[5.3678562,43.2958837],[5.3676122,43.2958496],[5.3672944,43.2958],[5.367119,43.2957742],[5.3663998,43.2956329]]}},{"type":"Feature","properties":{"osm_id":"way/6310047","name":"Rue des Pistoles","building":null,"highway":"pedestrian","tourism":null,"historic":null,"amenity":null,"height_m":null,"height_source":null,"levels":null,"source":"OpenStreetMap"},"geometry":{"type":"LineString","coordinates":[[5.3680593,43.2999267],[5.3680554,43.2999052],[5.3679589,43.2993764],[5.3679558,43.2993592]]}},{"type":"Feature","properties":{"osm_id":"way/6310053","name":"Rue du Puits Saint-Antoine","building":null,"highway":"pedestrian","tourism":null,"historic":null,"amenity":null,"height_m":null,"height_source":null,"levels":null,"source":"OpenStreetMap"},"geometry":{"type":"LineString","coordinates":[[5.3692755,43.2996817],[5.3691671,43.2993795],[5.369167,43.2992589]]}},{"type":"Feature","properties":{"osm_id":"way/6310259","name":"Rue de Beausset","building":null,"highway":"pedestrian","tourism":null,"historic":null,"amenity":null,"height_m":null,"height_source":null,"levels":null,"source":"OpenStreetMap"},"geometry":{"type":"LineString","coordinates":[[5.3747083,43.2965278],[5.3746699,43.2965165],[5.3746461,43.2965087],[5.3745757,43.2964856],[5.374241,43.296376],[5.3742279,43.2963717],[5.374198,43.2963619],[5.3740716,43.2963258]]}},{"type":"Feature","properties":{"osm_id":"way/6310290","name":"Rue des Muettes","building":null,"highway":"residential","tourism":null,"historic":null,"amenity":null,"height_m":null,"height_source":null,"levels":null,"source":"OpenStreetMap"},"geometry":{"type":"LineString","coordinates":[[5.3681403,43.29815],[5.3680538,43.2981952],[5.368023,43.298226],[5.3680098,43.2982656],[5.3681048,43.2985852]]}},{"type":"Feature","properties":{"osm_id":"way/6310318","name":"Rue des Cordelles","building":null,"highway":"pedestrian","tourism":null,"historic":null,"amenity":null,"height_m":null,"height_source":null,"levels":null,"source":"OpenStreetMap"},"geometry":{"type":"LineString","coordinates":[[5.3686389,43.2999732],[5.3685886,43.2993089]]}},{"type":"Feature","properties":{"osm_id":"way/6310337","name":"Rue des Mauvestis","building":null,"highway":"pedestrian","tourism":null,"historic":null,"amenity":null,"height_m":null,"height_source":null,"levels":null,"source":"OpenStreetMap"},"geometry":{"type":"LineString","coordinates":[[5.3688862,43.2992766],[5.3689069,43.2997352],[5.36893,43.2999476]]}},{"type":"Feature","properties":{"osm_id":"way/6311214","name":"Rue des Ferrats","building":null,"highway":"pedestrian","tourism":null,"historic":null,"amenity":null,"height_m":null,"height_source":null,"levels":null,"source":"OpenStreetMap"},"geometry":{"type":"LineString","coordinates":[[5.3651209,43.2972924],[5.3651402,43.297351],[5.3651505,43.2973768],[5.3652491,43.2976507],[5.3652659,43.2977023],[5.3652714,43.297768]]}},{"type":"Feature","properties":{"osm_id":"way/6311236","name":"Rue Jean Galland","building":null,"highway":"pedestrian","tourism":null,"historic":null,"amenity":null,"height_m":null,"height_source":null,"levels":null,"source":"OpenStreetMap"},"geometry":{"type":"LineString","coordinates":[[5.3648014,43.2980207],[5.3650577,43.2980072],[5.3654845,43.2979951],[5.3655166,43.2979942],[5.3655495,43.2979928],[5.3658778,43.2979793]]}},{"type":"Feature","properties":{"osm_id":"way/6311421","name":"Rue de l'Abadie","building":null,"highway":"service","tourism":null,"historic":null,"amenity":null,"height_m":null,"height_source":null,"levels":null,"source":"OpenStreetMap"},"geometry":{"type":"LineString","coordinates":[[5.36871,43.2983431],[5.3688988,43.298362],[5.3691255,43.2984001]]}},{"type":"Feature","properties":{"osm_id":"way/6311514","name":"Traverse des Cartiers","building":null,"highway":"footway","tourism":null,"historic":null,"amenity":null,"height_m":null,"height_source":null,"levels":null,"source":"OpenStreetMap"},"geometry":{"type":"LineString","coordinates":[[5.3690453,43.2986927],[5.3689848,43.2987034]]}},{"type":"Feature","properties":{"osm_id":"way/6311763","name":"Rue Fontaine de Caylus","building":null,"highway":"pedestrian","tourism":null,"historic":null,"amenity":null,"height_m":null,"height_source":null,"levels":null,"source":"OpenStreetMap"},"geometry":{"type":"LineString","coordinates":[[5.3660101,43.2983745],[5.3663238,43.2983312],[5.3666075,43.2982875],[5.3666284,43.2982843]]}},{"type":"Feature","properties":{"osm_id":"way/6311771","name":"Rue Fontaine Neuve","building":null,"highway":"pedestrian","tourism":null,"historic":null,"amenity":null,"height_m":null,"height_source":null,"levels":null,"source":"OpenStreetMap"},"geometry":{"type":"LineString","coordinates":[[5.3708827,43.2995166],[5.3708487,43.2993294],[5.3708461,43.2993181],[5.3708396,43.2993096]]}},{"type":"Feature","properties":{"osm_id":"way/6312489","name":"Rue du Docteur Denis Avierinos","building":null,"highway":"residential","tourism":null,"historic":null,"amenity":null,"height_m":null,"height_source":null,"levels":null,"source":"OpenStreetMap"},"geometry":{"type":"LineString","coordinates":[[5.3736266,43.296921],[5.3738945,43.2970112],[5.3740546,43.2970346],[5.3741421,43.2970407],[5.3742126,43.2970455]]}},{"type":"Feature","properties":{"osm_id":"way/6312501","name":"Rue de la Prison","building":null,"highway":"residential","tourism":null,"historic":null,"amenity":null,"height_m":null,"height_source":null,"levels":null,"source":"OpenStreetMap"},"geometry":{"type":"LineString","coordinates":[[5.3691625,43.2975248],[5.3691904,43.2974749]]}},{"type":"Feature","properties":{"osm_id":"way/6312572","name":"Rue Méry","building":null,"highway":"tertiary","tourism":null,"historic":null,"amenity":null,"height_m":null,"height_source":null,"levels":null,"source":"OpenStreetMap"},"geometry":{"type":"LineString","coordinates":[[5.3706696,43.2978782],[5.3706962,43.2979012],[5.3707229,43.2979298],[5.3707454,43.2979594],[5.3710188,43.2984305],[5.3712314,43.2987929],[5.3714229,43.2991197]]}},{"type":"Feature","properties":{"osm_id":"way/6312574","name":"Rue des Consuls","building":null,"highway":"residential","tourism":null,"historic":null,"amenity":null,"height_m":null,"height_source":null,"levels":null,"source":"OpenStreetMap"},"geometry":{"type":"LineString","coordinates":[[5.3725474,43.2967725],[5.372538,43.2968274],[5.3724937,43.297087]]}},{"type":"Feature","properties":{"osm_id":"way/6312610","name":"Rue de la Loge","building":null,"highway":"pedestrian","tourism":null,"historic":null,"amenity":null,"height_m":null,"height_source":null,"levels":null,"source":"OpenStreetMap"},"geometry":{"type":"LineString","coordinates":[[5.3705643,43.2965539],[5.3705281,43.2965503],[5.3704804,43.2965151],[5.3702847,43.2964938]]}},{"type":"Feature","properties":{"osm_id":"way/6312650","name":"Place du Château Joly","building":null,"highway":"service","tourism":null,"historic":null,"amenity":null,"height_m":null,"height_source":null,"levels":null,"source":"OpenStreetMap"},"geometry":{"type":"LineString","coordinates":[[5.3642529,43.2957276],[5.3641757,43.2957185],[5.3641046,43.2957332],[5.3640227,43.2957714],[5.3640892,43.2958513],[5.3641757,43.2958187],[5.3642529,43.2957276],[5.3643059,43.2957059],[5.3645947,43.2955741]]}},{"type":"Feature","properties":{"osm_id":"way/6312679","name":"Rue des Martégales","building":null,"highway":"residential","tourism":null,"historic":null,"amenity":null,"height_m":null,"height_source":null,"levels":null,"source":"OpenStreetMap"},"geometry":{"type":"LineString","coordinates":[[5.365176,43.2962806],[5.3654246,43.2961745],[5.3654907,43.2961492]]}},{"type":"Feature","properties":{"osm_id":"way/6312682","name":"Rue Henri Fiocca","building":null,"highway":"residential","tourism":null,"historic":null,"amenity":null,"height_m":null,"height_source":null,"levels":null,"source":"OpenStreetMap"},"geometry":{"type":"LineString","coordinates":[[5.374064,43.2977335],[5.3739694,43.2977343],[5.3731373,43.297741],[5.3729603,43.2977425]]}},{"type":"Feature","properties":{"osm_id":"way/6312796","name":"Rue Fonderie Vieille","building":null,"highway":"pedestrian","tourism":null,"historic":null,"amenity":null,"height_m":null,"height_source":null,"levels":null,"source":"OpenStreetMap"},"geometry":{"type":"LineString","coordinates":[[5.3665227,43.2969123],[5.3665117,43.297223]]}},{"type":"Feature","properties":{"osm_id":"way/6312809","name":"Rue Fontaine des Vents","building":null,"highway":"pedestrian","tourism":null,"historic":null,"amenity":null,"height_m":null,"height_source":null,"levels":null,"source":"OpenStreetMap"},"geometry":{"type":"LineString","coordinates":[[5.3647399,43.297833],[5.3650156,43.2977883],[5.3652714,43.297768],[5.3654881,43.2977664],[5.3655144,43.2977667]]}},{"type":"Feature","properties":{"osm_id":"way/6312833","name":"Square Protis","building":null,"highway":"residential","tourism":null,"historic":null,"amenity":null,"height_m":null,"height_source":null,"levels":null,"source":"OpenStreetMap"},"geometry":{"type":"LineString","coordinates":[[5.3637597,43.2964966],[5.3637649,43.2965497],[5.3637684,43.2965611],[5.3637768,43.2965746],[5.3643037,43.2972147],[5.3643106,43.2972217],[5.3643169,43.2972264],[5.3643265,43.2972304],[5.3643377,43.297232],[5.3643489,43.2972297],[5.3643552,43.2972224],[5.3643584,43.2972136],[5.3643568,43.2972059],[5.3643507,43.2971938],[5.3640221,43.2967915],[5.3638226,43.2965609],[5.3637597,43.2964966]]}},{"type":"Feature","properties":{"osm_id":"way/6312895","name":"Rue Rodillat","building":null,"highway":"pedestrian","tourism":null,"historic":null,"amenity":null,"height_m":null,"height_source":null,"levels":null,"source":"OpenStreetMap"},"geometry":{"type":"LineString","coordinates":[[5.3677091,43.2998223],[5.3677081,43.2998052],[5.3677076,43.2995968],[5.3677072,43.2994004],[5.3677071,43.2993796]]}},{"type":"Feature","properties":{"osm_id":"way/6312904","name":"Rue des Honneurs","building":null,"highway":"pedestrian","tourism":null,"historic":null,"amenity":null,"height_m":null,"height_source":null,"levels":null,"source":"OpenStreetMap"},"geometry":{"type":"LineString","coordinates":[[5.3668891,43.2991366],[5.3672935,43.2990666],[5.3675177,43.2990267],[5.3677833,43.2989839]]}},{"type":"Feature","properties":{"osm_id":"way/6312953","name":"Quai des Belges","building":null,"highway":"secondary","tourism":null,"historic":null,"amenity":null,"height_m":null,"height_source":null,"levels":null,"source":"OpenStreetMap"},"geometry":{"type":"LineString","coordinates":[[5.3743279,43.2958125],[5.3743233,43.2958412]]}},{"type":"Feature","properties":{"osm_id":"way/6313487","name":"Rue Robert","building":null,"highway":"residential","tourism":null,"historic":null,"amenity":null,"height_m":null,"height_source":null,"levels":null,"source":"OpenStreetMap"},"geometry":{"type":"LineString","coordinates":[[5.3668988,43.2925311],[5.3669276,43.2924245],[5.3669508,43.2923451],[5.3670833,43.2918813]]}},{"type":"Feature","properties":{"osm_id":"way/6313505","name":"Rue du Chantier","building":null,"highway":"tertiary","tourism":null,"historic":null,"amenity":null,"height_m":null,"height_source":null,"levels":null,"source":"OpenStreetMap"},"geometry":{"type":"LineString","coordinates":[[5.3687242,43.2928692],[5.3687553,43.292781],[5.3689773,43.2921307]]}},{"type":"Feature","properties":{"osm_id":"way/6526362","name":"Rue Saint-Saëns","building":null,"highway":"pedestrian","tourism":null,"historic":null,"amenity":null,"height_m":null,"height_source":null,"levels":null,"source":"OpenStreetMap"},"geometry":{"type":"LineString","coordinates":[[5.3717977,43.2929838],[5.3719,43.2930073],[5.3724521,43.2931342]]}},{"type":"Feature","properties":{"osm_id":"way/6610599","name":"Rue du Refuge","building":null,"highway":"pedestrian","tourism":null,"historic":null,"amenity":null,"height_m":null,"height_source":null,"levels":null,"source":"OpenStreetMap"},"geometry":{"type":"LineString","coordinates":[[5.3680191,43.299354],[5.3678282,43.2989765],[5.3677205,43.2987754],[5.3676323,43.2986109],[5.3676159,43.2985749],[5.3675515,43.2984334],[5.367414,43.2981524],[5.3673163,43.2979629],[5.3672415,43.2978253],[5.3671919,43.2977041]]}},{"type":"Feature","properties":{"osm_id":"way/28117770","name":"Rue du Colonel Jean-Baptiste Pétré","building":null,"highway":"residential","tourism":null,"historic":null,"amenity":null,"height_m":null,"height_source":null,"levels":null,"source":"OpenStreetMap"},"geometry":{"type":"LineString","coordinates":[[5.3740848,43.2987424],[5.3740321,43.2987379],[5.373975,43.2987331],[5.373866,43.2987238],[5.3731404,43.2986559],[5.3730618,43.2986271],[5.3730072,43.2985736]]}},{"type":"Feature","properties":{"osm_id":"way/28667534","name":"Rue Caisserie","building":null,"highway":"residential","tourism":null,"historic":null,"amenity":null,"height_m":null,"height_source":null,"levels":null,"source":"OpenStreetMap"},"geometry":{"type":"LineString","coordinates":[[5.365924,43.2971957],[5.3659464,43.2971832],[5.3662489,43.2970111],[5.3663754,43.2969588],[5.3665227,43.2969123],[5.3667495,43.2968542],[5.3668045,43.2968381],[5.3668273,43.2968282],[5.3668455,43.2968184],[5.3668591,43.2968063],[5.3668652,43.2968003],[5.3668773,43.2967882]]}},{"type":"Feature","properties":{"osm_id":"way/28667542","name":"Avenue de Saint-Jean","building":null,"highway":"tertiary","tourism":null,"historic":null,"amenity":null,"height_m":null,"height_source":null,"levels":null,"source":"OpenStreetMap"},"geometry":{"type":"LineString","coordinates":[[5.3666852,43.2966607],[5.3661857,43.296478],[5.3660959,43.2964438],[5.3660146,43.2964149],[5.365775,43.2963275],[5.3656436,43.2962743],[5.3655961,43.2962491],[5.3655577,43.2962182],[5.3655361,43.296196],[5.3654907,43.2961492],[5.365329,43.2959384]]}},{"type":"Feature","properties":{"osm_id":"way/28667567","name":"Grand Rue","building":null,"highway":"residential","tourism":null,"historic":null,"amenity":null,"height_m":null,"height_source":null,"levels":null,"source":"OpenStreetMap"},"geometry":{"type":"LineString","coordinates":[[5.3729603,43.2977425],[5.3728048,43.2977419],[5.372183,43.2977464],[5.3720843,43.2977469],[5.3718928,43.2977479],[5.3715571,43.2977496],[5.3715294,43.2977497],[5.3715036,43.2977498]]}},{"type":"Feature","properties":{"osm_id":"way/28667586","name":"Rue de la Loge","building":null,"highway":"residential","tourism":null,"historic":null,"amenity":null,"height_m":null,"height_source":null,"levels":null,"source":"OpenStreetMap"},"geometry":{"type":"LineString","coordinates":[[5.3717243,43.2966678],[5.3716197,43.2966575],[5.3709989,43.2965965],[5.3706682,43.2965641]]}},{"type":"Feature","properties":{"osm_id":"way/28667587","name":"Rue de la Coutellerie","building":null,"highway":"residential","tourism":null,"historic":null,"amenity":null,"height_m":null,"height_source":null,"levels":null,"source":"OpenStreetMap"},"geometry":{"type":"LineString","coordinates":[[5.3725474,43.2967725],[5.3726363,43.2967802],[5.3728821,43.2968036],[5.3730463,43.2968263],[5.3731178,43.2968362],[5.3735375,43.2968944],[5.3735711,43.2968997],[5.3736266,43.296921]]}},{"type":"Feature","properties":{"osm_id":"way/28667636","name":"Rue de la Mure","building":null,"highway":"residential","tourism":null,"historic":null,"amenity":null,"height_m":null,"height_source":null,"levels":null,"source":"OpenStreetMap"},"geometry":{"type":"LineString","coordinates":[[5.3724937,43.297087],[5.3724188,43.2970812],[5.3720684,43.2970506],[5.3720359,43.2970592],[5.3720176,43.2970794],[5.3719831,43.2972048],[5.3719594,43.2972509],[5.3718952,43.2973009],[5.3718561,43.297475],[5.3718565,43.2975347],[5.3718849,43.2976999],[5.3718928,43.2977479]]}},{"type":"Feature","properties":{"osm_id":"way/32040511","name":"Rue Puits du Denier","building":null,"highway":"residential","tourism":null,"historic":null,"amenity":null,"height_m":null,"height_source":null,"levels":null,"source":"OpenStreetMap"},"geometry":{"type":"LineString","coordinates":[[5.3682473,43.2993354],[5.3682384,43.2993662],[5.3683088,43.2999467],[5.3682968,43.3000091]]}},{"type":"Feature","properties":{"osm_id":"way/32040656","name":"Rue Saint-Laurent","building":null,"highway":"residential","tourism":null,"historic":null,"amenity":null,"height_m":null,"height_source":null,"levels":null,"source":"OpenStreetMap"},"geometry":{"type":"LineString","coordinates":[[5.3651722,43.2972636],[5.3651272,43.2972504],[5.3650806,43.2972353],[5.3649725,43.2971951],[5.3649186,43.2971726],[5.3648636,43.2971446],[5.364819,43.2971193],[5.3647824,43.2970941],[5.3647437,43.2970669],[5.36471,43.2970383],[5.364675,43.2970038],[5.3643759,43.2966374],[5.3639866,43.2961585],[5.3639113,43.2960659],[5.363797,43.295918],[5.3636974,43.2957922],[5.363645,43.2957267]]}},{"type":"Feature","properties":{"osm_id":"way/32040690","name":"Rue Baussenque","building":null,"highway":"pedestrian","tourism":null,"historic":null,"amenity":null,"height_m":null,"height_source":null,"levels":null,"source":"OpenStreetMap"},"geometry":{"type":"LineString","coordinates":[[5.3664656,43.2977243],[5.3664836,43.2979073],[5.3665252,43.2980575],[5.366535,43.2980865],[5.3666284,43.2982843],[5.3667262,43.2986085],[5.3668202,43.2988957],[5.3668251,43.2989105],[5.3668891,43.2991366],[5.3669916,43.2994103]]}},{"type":"Feature","properties":{"osm_id":"way/32040771","name":"Rue de l'Évêché","building":null,"highway":"residential","tourism":null,"historic":null,"amenity":null,"height_m":null,"height_source":null,"levels":null,"source":"OpenStreetMap"},"geometry":{"type":"LineString","coordinates":[[5.3675416,43.3028862],[5.3675154,43.3027855],[5.3674053,43.3024626],[5.3673752,43.3024074],[5.3672779,43.3021907],[5.3671993,43.3019535],[5.3671672,43.3018735],[5.3670793,43.3015838],[5.3669789,43.30129],[5.3669498,43.3012474],[5.3669158,43.3012018],[5.3668375,43.3009611],[5.3667266,43.3006164],[5.3667146,43.3005775],[5.3666359,43.3003356],[5.3666262,43.3003068],[5.366471,43.2998556],[5.3664437,43.299778],[5.3663457,43.299476],[5.3663277,43.2994176],[5.3661907,43.2990201],[5.3661022,43.2987616],[5.366098,43.2987074]]}},{"type":"Feature","properties":{"osm_id":"way/32040794","name":"Rue du Poirier","building":null,"highway":"pedestrian","tourism":null,"historic":null,"amenity":null,"height_m":null,"height_source":null,"levels":null,"source":"OpenStreetMap"},"geometry":{"type":"LineString","coordinates":[[5.3681981,43.2976464],[5.3682446,43.2977535],[5.3682538,43.2977728],[5.3685431,43.2981204],[5.36871,43.2983431],[5.3690453,43.2986927]]}},{"type":"Feature","properties":{"osm_id":"way/32040822","name":"Rue des Cartiers","building":null,"highway":"pedestrian","tourism":null,"historic":null,"amenity":null,"height_m":null,"height_source":null,"levels":null,"source":"OpenStreetMap"},"geometry":{"type":"LineString","coordinates":[[5.3690453,43.2986927],[5.3690743,43.2987213],[5.3693187,43.29905],[5.3694526,43.2992498]]}},{"type":"Feature","properties":{"osm_id":"way/32040854","name":"Rue Guintrand","building":null,"highway":"pedestrian","tourism":null,"historic":null,"amenity":null,"height_m":null,"height_source":null,"levels":null,"source":"OpenStreetMap"},"geometry":{"type":"LineString","coordinates":[[5.3694809,43.2992892],[5.3696246,43.299618]]}},{"type":"Feature","properties":{"osm_id":"way/32063026","name":"Rue Four du Chapitre","building":null,"highway":"residential","tourism":null,"historic":null,"amenity":null,"height_m":null,"height_source":null,"levels":null,"source":"OpenStreetMap"},"geometry":{"type":"LineString","coordinates":[[5.366098,43.2987074],[5.3654708,43.298796],[5.3653637,43.2988188]]}},{"type":"Feature","properties":{"osm_id":"way/32063098","name":"Rue du Panier","building":null,"highway":"pedestrian","tourism":null,"historic":null,"amenity":null,"height_m":null,"height_source":null,"levels":null,"source":"OpenStreetMap"},"geometry":{"type":"LineString","coordinates":[[5.3694526,43.2992498],[5.3694353,43.2992508],[5.369167,43.2992589],[5.3690527,43.2992623],[5.3689989,43.2992627],[5.3689772,43.299264],[5.3688862,43.2992766],[5.3685886,43.2993089],[5.3682731,43.2993334],[5.3682473,43.2993354],[5.3681662,43.299342],[5.3680191,43.299354],[5.3679558,43.2993592],[5.3677071,43.2993796],[5.3674991,43.2993891],[5.3674526,43.2993911],[5.3672314,43.2994008],[5.3669916,43.2994103]]}},{"type":"Feature","properties":{"osm_id":"way/32063158","name":"Rue des Belles Ecuelles","building":null,"highway":"pedestrian","tourism":null,"historic":null,"amenity":null,"height_m":null,"height_source":null,"levels":null,"source":"OpenStreetMap"},"geometry":{"type":"LineString","coordinates":[[5.3708396,43.2993096],[5.3708242,43.2993052],[5.3708089,43.2993026],[5.370447,43.2992982],[5.3701582,43.2992948],[5.3697426,43.2992806],[5.3697127,43.2992839],[5.3696874,43.2992921],[5.3694809,43.2992892]]}},{"type":"Feature","properties":{"osm_id":"way/32424201","name":"Rue Henri Tasso","building":null,"highway":"pedestrian","tourism":null,"historic":null,"amenity":null,"height_m":null,"height_source":null,"levels":null,"source":"OpenStreetMap"},"geometry":{"type":"LineString","coordinates":[[5.3658977,43.2969465],[5.3658648,43.2970345]]}},{"type":"Feature","properties":{"osm_id":"way/32424203","name":"Rue Henri Tasso","building":null,"highway":"residential","tourism":null,"historic":null,"amenity":null,"height_m":null,"height_source":null,"levels":null,"source":"OpenStreetMap"},"geometry":{"type":"LineString","coordinates":[[5.3660959,43.2964438],[5.3660686,43.2965082],[5.3658977,43.2969465]]}},{"type":"Feature","properties":{"osm_id":"way/32424205","name":"Montée des Accoules","building":null,"highway":"pedestrian","tourism":null,"historic":null,"amenity":null,"height_m":null,"height_source":null,"levels":null,"source":"OpenStreetMap"},"geometry":{"type":"LineString","coordinates":[[5.3664656,43.2977243],[5.366538,43.2977212],[5.3667986,43.2977116],[5.3671919,43.2977041],[5.367437,43.2976958],[5.3681981,43.2976464]]}},{"type":"Feature","properties":{"osm_id":"way/32424206","name":"Rue de Beauregard","building":null,"highway":"footway","tourism":null,"historic":null,"amenity":null,"height_m":null,"height_source":null,"levels":null,"source":"OpenStreetMap"},"geometry":{"type":"LineString","coordinates":[[5.367437,43.2976958],[5.3674481,43.2976718],[5.3674573,43.2976549]]}},{"type":"Feature","properties":{"osm_id":"way/32424207","name":"Rue des Moulins","building":null,"highway":"residential","tourism":null,"historic":null,"amenity":null,"height_m":null,"height_source":null,"levels":null,"source":"OpenStreetMap"},"geometry":{"type":"LineString","coordinates":[[5.3685207,43.298548],[5.3681403,43.29815]]}},{"type":"Feature","properties":{"osm_id":"way/34489600","name":"Rue Neuve Saint-Martin","building":null,"highway":"residential","tourism":null,"historic":null,"amenity":null,"height_m":null,"height_source":null,"levels":null,"source":"OpenStreetMap"},"geometry":{"type":"LineString","coordinates":[[5.3740848,43.2987424],[5.3741478,43.2987475],[5.3742532,43.2987571],[5.3750762,43.2987503],[5.3751655,43.2987539],[5.3752413,43.2987661],[5.375268,43.2987807]]}},{"type":"Feature","properties":{"osm_id":"way/34489604","name":"Rue des Prêcheurs","building":null,"highway":"residential","tourism":null,"historic":null,"amenity":null,"height_m":null,"height_source":null,"levels":null,"source":"OpenStreetMap"},"geometry":{"type":"LineString","coordinates":[[5.3729336,43.2981917],[5.3730627,43.2980405],[5.3731191,43.2980305],[5.3738895,43.2980673],[5.373954,43.2980699],[5.3740076,43.2980716],[5.374062,43.2980734]]}},{"type":"Feature","properties":{"osm_id":"way/34489605","name":"Place des Prêcheurs","building":null,"highway":"residential","tourism":null,"historic":null,"amenity":null,"height_m":null,"height_source":null,"levels":null,"source":"OpenStreetMap"},"geometry":{"type":"LineString","coordinates":[[5.3725994,43.2981808],[5.3729336,43.2981917]]}},{"type":"Feature","properties":{"osm_id":"way/34559377","name":"Rue des Augustins","building":null,"highway":"pedestrian","tourism":null,"historic":null,"amenity":null,"height_m":null,"height_source":null,"levels":null,"source":"OpenStreetMap"},"geometry":{"type":"LineString","coordinates":[[5.3743249,43.2960797],[5.3748454,43.2962032],[5.3748951,43.296215]]}},{"type":"Feature","properties":{"osm_id":"way/34934812","name":"Place de l'Hôtel des Postes","building":null,"highway":"residential","tourism":null,"historic":null,"amenity":null,"height_m":null,"height_source":null,"levels":null,"source":"OpenStreetMap"},"geometry":{"type":"LineString","coordinates":[[5.374159,43.2992535],[5.3741544,43.2992195],[5.3741539,43.2992046],[5.3741503,43.299189],[5.3741453,43.2991519],[5.374142,43.2991279],[5.3741332,43.2990651]]}},{"type":"Feature","properties":{"osm_id":"way/34936706","name":"Rue Saint-Saëns","building":null,"highway":"pedestrian","tourism":null,"historic":null,"amenity":null,"height_m":null,"height_source":null,"levels":null,"source":"OpenStreetMap"},"geometry":{"type":"LineString","coordinates":[[5.3724521,43.2931342],[5.3728348,43.2932284]]}},{"type":"Feature","properties":{"osm_id":"way/34937085","name":"Rue Puvis de Chavannes","building":null,"highway":"residential","tourism":null,"historic":null,"amenity":null,"height_m":null,"height_source":null,"levels":null,"source":"OpenStreetMap"},"geometry":{"type":"LineString","coordinates":[[5.3732529,43.2994608],[5.3731882,43.2994312],[5.3731395,43.2993937],[5.3730666,43.2993301]]}},{"type":"Feature","properties":{"osm_id":"way/35322228","name":"Place Victor Gélu","building":null,"highway":"residential","tourism":null,"historic":null,"amenity":null,"height_m":null,"height_source":null,"levels":null,"source":"OpenStreetMap"},"geometry":{"type":"LineString","coordinates":[[5.3716045,43.2971084],[5.3713294,43.2970803],[5.3712285,43.2970699],[5.370845,43.2970315],[5.3706281,43.2970081]]}},{"type":"Feature","properties":{"osm_id":"way/35322229","name":null,"building":null,"highway":"service","tourism":null,"historic":null,"amenity":null,"height_m":null,"height_source":null,"levels":null,"source":"OpenStreetMap"},"geometry":{"type":"LineString","coordinates":[[5.3715354,43.297516],[5.371352,43.2974975],[5.3706093,43.2974196]]}},{"type":"Feature","properties":{"osm_id":"way/35322230","name":"Rue du Lacydon","building":null,"highway":"pedestrian","tourism":null,"historic":null,"amenity":null,"height_m":null,"height_source":null,"levels":null,"source":"OpenStreetMap"},"geometry":{"type":"LineString","coordinates":[[5.36954,43.2968709],[5.3690391,43.2968129]]}},{"type":"Feature","properties":{"osm_id":"way/35322232","name":null,"building":null,"highway":"service","tourism":null,"historic":null,"amenity":null,"height_m":null,"height_source":null,"levels":null,"source":"OpenStreetMap"},"geometry":{"type":"LineString","coordinates":[[5.3696758,43.2978113],[5.3696396,43.2978504],[5.3696076,43.2978851],[5.3695968,43.2979018],[5.369576,43.2979419],[5.3695623,43.2980025]]}},{"type":"Feature","properties":{"osm_id":"way/35336993","name":"Rue de la République","building":null,"highway":"secondary","tourism":null,"historic":null,"amenity":null,"height_m":null,"height_source":null,"levels":null,"source":"OpenStreetMap"},"geometry":{"type":"LineString","coordinates":[[5.3740716,43.2963258],[5.3740836,43.2962687],[5.3740799,43.2962464],[5.3740762,43.2962241],[5.3740373,43.29612]]}},{"type":"Feature","properties":{"osm_id":"way/35405913","name":"Quai des Belges","building":null,"highway":"secondary","tourism":null,"historic":null,"amenity":null,"height_m":null,"height_source":null,"levels":null,"source":"OpenStreetMap"},"geometry":{"type":"LineString","coordinates":[[5.3742044,43.2940884],[5.3743347,43.2941242],[5.3744149,43.2941553],[5.3744805,43.2941971],[5.3745267,43.2942335],[5.3745509,43.2942831]]}},{"type":"Feature","properties":{"osm_id":"way/35731487","name":"Rue Saint-Victoret","building":null,"highway":"residential","tourism":null,"historic":null,"amenity":null,"height_m":null,"height_source":null,"levels":null,"source":"OpenStreetMap"},"geometry":{"type":"LineString","coordinates":[[5.3728821,43.2968036],[5.3729079,43.2970891]]}},{"type":"Feature","properties":{"osm_id":"way/35731488","name":"Rue Saint-Jaume","building":null,"highway":"residential","tourism":null,"historic":null,"amenity":null,"height_m":null,"height_source":null,"levels":null,"source":"OpenStreetMap"},"geometry":{"type":"LineString","coordinates":[[5.3731178,43.2968362],[5.3731451,43.2970665]]}},{"type":"Feature","properties":{"osm_id":"way/35731489","name":"Rue du Chevalier Roze","building":null,"highway":"residential","tourism":null,"historic":null,"amenity":null,"height_m":null,"height_source":null,"levels":null,"source":"OpenStreetMap"},"geometry":{"type":"LineString","coordinates":[[5.3712314,43.2987929],[5.3712736,43.2987111],[5.3720356,43.2978095],[5.3720843,43.2977469],[5.3721439,43.2976776],[5.3724546,43.2973038]]}},{"type":"Feature","properties":{"osm_id":"way/35731490","name":"Rue Juge du Palais","building":null,"highway":"pedestrian","tourism":null,"historic":null,"amenity":null,"height_m":null,"height_source":null,"levels":null,"source":"OpenStreetMap"},"geometry":{"type":"LineString","coordinates":[[5.3730463,43.2968263],[5.3730378,43.296788],[5.3729919,43.2965149],[5.3729737,43.2964261]]}},{"type":"Feature","properties":{"osm_id":"way/35735433","name":"Rue des Olives","building":null,"highway":"pedestrian","tourism":null,"historic":null,"amenity":null,"height_m":null,"height_source":null,"levels":null,"source":"OpenStreetMap"},"geometry":{"type":"LineString","coordinates":[[5.3695615,43.2967769],[5.3697996,43.2968139],[5.3698583,43.2968237],[5.3699138,43.296833],[5.3701655,43.2968749]]}},{"type":"Feature","properties":{"osm_id":"way/35868689","name":null,"building":null,"highway":"footway","tourism":null,"historic":null,"amenity":null,"height_m":null,"height_source":null,"levels":null,"source":"OpenStreetMap"},"geometry":{"type":"LineString","coordinates":[[5.3743759,43.2970728],[5.3753686,43.2973666],[5.3754903,43.2974025],[5.3755587,43.2974221],[5.3755667,43.2975812],[5.3755959,43.2975825]]}},{"type":"Feature","properties":{"osm_id":"way/35981984","name":"Rue Saint-Cannat","building":null,"highway":"residential","tourism":null,"historic":null,"amenity":null,"height_m":null,"height_source":null,"levels":null,"source":"OpenStreetMap"},"geometry":{"type":"LineString","coordinates":[[5.3725355,43.2993696],[5.3725306,43.299334],[5.3725285,43.2993173],[5.3725269,43.2993039],[5.3725108,43.2991759],[5.3730072,43.2985736],[5.3730641,43.2984927],[5.3730673,43.2984261],[5.3729336,43.2981917]]}},{"type":"Feature","properties":{"osm_id":"way/36854256","name":null,"building":null,"highway":"service","tourism":null,"historic":null,"amenity":null,"height_m":null,"height_source":null,"levels":null,"source":"OpenStreetMap"},"geometry":{"type":"LineString","coordinates":[[5.3742995,43.2969322],[5.3743584,43.2969509],[5.3744038,43.2969639],[5.3747543,43.2970634]]}},{"type":"Feature","properties":{"osm_id":"way/40033758","name":"Parvis Saint-Laurent","building":null,"highway":"residential","tourism":null,"historic":null,"amenity":null,"height_m":null,"height_source":null,"levels":null,"source":"OpenStreetMap"},"geometry":{"type":"LineString","coordinates":[[5.363645,43.2957267],[5.3636029,43.2956913],[5.3635822,43.2956782],[5.3635614,43.2956694],[5.3635146,43.2956611],[5.3634602,43.2956621],[5.3634128,43.2956756],[5.3632064,43.2957731],[5.3631585,43.2958008]]}},{"type":"Feature","properties":{"osm_id":"way/40033759","name":"Esplanade de la Tourette","building":null,"highway":"residential","tourism":null,"historic":null,"amenity":null,"height_m":null,"height_source":null,"levels":null,"source":"OpenStreetMap"},"geometry":{"type":"LineString","coordinates":[[5.3630086,43.296144],[5.3630185,43.2961907],[5.363034,43.2962435],[5.3630523,43.2962906],[5.3630831,43.2963583],[5.3631258,43.2964266],[5.3632904,43.2966314],[5.3635012,43.2968881],[5.3640988,43.2976251],[5.3643911,43.2980129],[5.3645638,43.2982666],[5.364583,43.2982925]]}},{"type":"Feature","properties":{"osm_id":"way/40033760","name":"Rue Saint-Thomé","building":null,"highway":"residential","tourism":null,"historic":null,"amenity":null,"height_m":null,"height_source":null,"levels":null,"source":"OpenStreetMap"},"geometry":{"type":"LineString","coordinates":[[5.3651722,43.2972636],[5.3651209,43.2972924],[5.3650612,43.2973164],[5.3644868,43.2975502],[5.364462,43.2975633],[5.3644489,43.2975743],[5.3644428,43.2975834],[5.3644368,43.2975971],[5.3644347,43.2976135],[5.3644371,43.2976236],[5.3644565,43.2976643],[5.3648234,43.2982085]]}},{"type":"Feature","properties":{"osm_id":"way/40496066","name":"Place Victor Gélu","building":null,"highway":"residential","tourism":null,"historic":null,"amenity":null,"height_m":null,"height_source":null,"levels":null,"source":"OpenStreetMap"},"geometry":{"type":"LineString","coordinates":[[5.3706281,43.2970081],[5.3706583,43.2968388],[5.3708744,43.2968603],[5.3713601,43.2969087],[5.3713294,43.2970803]]}},{"type":"Feature","properties":{"osm_id":"way/40496067","name":"Place Victor Gélu","building":null,"highway":"pedestrian","tourism":null,"historic":null,"amenity":null,"height_m":null,"height_source":null,"levels":null,"source":"OpenStreetMap"},"geometry":{"type":"LineString","coordinates":[[5.3706583,43.2968388],[5.3706264,43.296836],[5.3706634,43.2965734]]}},{"type":"Feature","properties":{"osm_id":"way/40496068","name":"Rue de la Prison","building":null,"highway":"pedestrian","tourism":null,"historic":null,"amenity":null,"height_m":null,"height_source":null,"levels":null,"source":"OpenStreetMap"},"geometry":{"type":"LineString","coordinates":[[5.3695892,43.2966507],[5.3696395,43.2964234]]}},{"type":"Feature","properties":{"osm_id":"way/40496301","name":"Impasse Roqueplan","building":null,"highway":"service","tourism":null,"historic":null,"amenity":null,"height_m":null,"height_source":null,"levels":null,"source":"OpenStreetMap"},"geometry":{"type":"LineString","coordinates":[[5.3689999,43.296999],[5.3691244,43.2970348],[5.3691325,43.2970547],[5.3690727,43.2971602],[5.3690448,43.2971636],[5.3689634,43.2971343],[5.3689554,43.297114],[5.3689759,43.2970223],[5.3689999,43.296999]]}},{"type":"Feature","properties":{"osm_id":"way/40496303","name":"Rue de la Prison","building":null,"highway":"pedestrian","tourism":null,"historic":null,"amenity":null,"height_m":null,"height_source":null,"levels":null,"source":"OpenStreetMap"},"geometry":{"type":"LineString","coordinates":[[5.3694051,43.297109],[5.3694471,43.297078],[5.3695016,43.2969698],[5.36954,43.2968709],[5.3695615,43.2967769]]}},{"type":"Feature","properties":{"osm_id":"way/40553076","name":"Rue des Bannières","building":null,"highway":"residential","tourism":null,"historic":null,"amenity":null,"height_m":null,"height_source":null,"levels":null,"source":"OpenStreetMap"},"geometry":{"type":"LineString","coordinates":[[5.3715036,43.2977498],[5.3715066,43.2978792],[5.3715097,43.2980003],[5.3715089,43.2980229],[5.371504,43.2980507],[5.3714951,43.2980744],[5.3714871,43.2980876],[5.3713238,43.2983278],[5.3712959,43.2983506],[5.3712693,43.298363],[5.3711382,43.2983991]]}},{"type":"Feature","properties":{"osm_id":"way/40553077","name":"Place Victor Gélu","building":null,"highway":"residential","tourism":null,"historic":null,"amenity":null,"height_m":null,"height_source":null,"levels":null,"source":"OpenStreetMap"},"geometry":{"type":"LineString","coordinates":[[5.3712285,43.2970699],[5.371159,43.2974256],[5.3707801,43.2973854],[5.370845,43.2970315]]}},{"type":"Feature","properties":{"osm_id":"way/40940328","name":"Rue Plan-Fourmiguier","building":null,"highway":"residential","tourism":null,"historic":null,"amenity":null,"height_m":null,"height_source":null,"levels":null,"source":"OpenStreetMap"},"geometry":{"type":"LineString","coordinates":[[5.3670833,43.2918813],[5.3684628,43.2922533],[5.3683968,43.2924507],[5.3682969,43.2926947],[5.3682629,43.2927835]]}},{"type":"Feature","properties":{"osm_id":"way/42202576","name":"Place Daviel","building":null,"highway":"service","tourism":null,"historic":null,"amenity":null,"height_m":null,"height_source":null,"levels":null,"source":"OpenStreetMap"},"geometry":{"type":"LineString","coordinates":[[5.3697821,43.2978257],[5.3697561,43.2978222],[5.3696758,43.2978113],[5.3695048,43.2977811],[5.3694665,43.2977721],[5.3694456,43.2977621],[5.3694317,43.2977521],[5.3694173,43.2977314],[5.3694136,43.297712],[5.3694263,43.2976689],[5.3694343,43.2976402],[5.3694416,43.2976143]]}},{"type":"Feature","properties":{"osm_id":"way/42202577","name":null,"building":null,"highway":"service","tourism":null,"historic":null,"amenity":null,"height_m":null,"height_source":null,"levels":null,"source":"OpenStreetMap"},"geometry":{"type":"LineString","coordinates":[[5.3697821,43.2978257],[5.3698457,43.2978388],[5.3698725,43.2978461],[5.3699046,43.2978612],[5.3699209,43.2978733],[5.3699373,43.297888],[5.36995,43.2979034],[5.3699593,43.2979226],[5.3699636,43.2979368],[5.3699678,43.2979561],[5.3699706,43.2979906],[5.3699688,43.2980108],[5.3699617,43.2980348]]}},{"type":"Feature","properties":{"osm_id":"way/42202578","name":"Le Lacydon","building":null,"highway":"pedestrian","tourism":null,"historic":null,"amenity":null,"height_m":null,"height_source":null,"levels":null,"source":"OpenStreetMap"},"geometry":{"type":"LineString","coordinates":[[5.3693542,43.2979773],[5.369036,43.2979446],[5.3689737,43.2979133]]}},{"type":"Feature","properties":{"osm_id":"way/48960358","name":null,"building":null,"highway":"service","tourism":null,"historic":null,"amenity":null,"height_m":null,"height_source":null,"levels":null,"source":"OpenStreetMap"},"geometry":{"type":"LineString","coordinates":[[5.3744211,43.2935573],[5.3743688,43.2935315],[5.3743342,43.2935058],[5.37432,43.2934875],[5.3743072,43.293471],[5.374293,43.2934522],[5.3742854,43.2934283],[5.3742857,43.2934008],[5.374292,43.2933855]]}},{"type":"Feature","properties":{"osm_id":"way/67717079","name":null,"building":null,"highway":"pedestrian","tourism":null,"historic":null,"amenity":null,"height_m":null,"height_source":null,"levels":null,"source":"OpenStreetMap"},"geometry":{"type":"LineString","coordinates":[[5.3683911,43.2970478],[5.3684003,43.2970052],[5.3685237,43.2970183],[5.3686317,43.2970297],[5.3686607,43.2970328],[5.3686932,43.297036],[5.3687658,43.2970438],[5.36886,43.2970538],[5.3688547,43.2970809],[5.3688415,43.2971487],[5.3688321,43.2971972],[5.3688287,43.2972148],[5.3688216,43.2972529],[5.3687237,43.2971969],[5.3686164,43.2971444],[5.3685454,43.2971154],[5.3684965,43.2970952],[5.3683898,43.2970593],[5.3683907,43.2970557],[5.3683911,43.2970478]]}},{"type":"Feature","properties":{"osm_id":"way/69063259","name":"Traverse de la Madeleine","building":null,"highway":"pedestrian","tourism":null,"historic":null,"amenity":null,"height_m":null,"height_source":null,"levels":null,"source":"OpenStreetMap"},"geometry":{"type":"LineString","coordinates":[[5.3669217,43.2982417],[5.3670497,43.2985399]]}},{"type":"Feature","properties":{"osm_id":"way/69063260","name":"Place du Refuge","building":null,"highway":"pedestrian","tourism":null,"historic":null,"amenity":null,"height_m":null,"height_source":null,"levels":null,"source":"OpenStreetMap"},"geometry":{"type":"LineString","coordinates":[[5.3675574,43.298643],[5.3675923,43.2987156],[5.3674349,43.2987431],[5.3674319,43.2987344],[5.3673257,43.2987532],[5.3673448,43.298811],[5.3672672,43.2988208],[5.3672275,43.2988258],[5.3672081,43.2988284],[5.3671561,43.298836],[5.3670789,43.2986622],[5.3670359,43.2985645],[5.3670572,43.2985582],[5.3670719,43.298555],[5.3671582,43.2985363],[5.3671831,43.2985307],[5.3672081,43.2985254],[5.3674221,43.298478],[5.3674541,43.2984709],[5.3675139,43.2984575],[5.3675437,43.2984509],[5.3676016,43.2985783],[5.3676231,43.2986257],[5.3675574,43.298643]]}},{"type":"Feature","properties":{"osm_id":"way/69063261","name":"Place Jean-Claude Izzo","building":null,"highway":"pedestrian","tourism":null,"historic":null,"amenity":null,"height_m":null,"height_source":null,"levels":null,"source":"OpenStreetMap"},"geometry":{"type":"LineString","coordinates":[[5.3669681,43.2982568],[5.3670804,43.2985176],[5.3671696,43.2984985],[5.3672596,43.2984797],[5.3671538,43.298217],[5.367075,43.298234],[5.3669681,43.2982568]]}},{"type":"Feature","properties":{"osm_id":"way/69063262","name":"Traverse Fontaine de Caylus","building":null,"highway":"pedestrian","tourism":null,"historic":null,"amenity":null,"height_m":null,"height_source":null,"levels":null,"source":"OpenStreetMap"},"geometry":{"type":"LineString","coordinates":[[5.3671699,43.2981967],[5.3672952,43.2984886]]}},{"type":"Feature","properties":{"osm_id":"way/69063263","name":"Place Sadi Carnot","building":null,"highway":"pedestrian","tourism":null,"historic":null,"amenity":null,"height_m":null,"height_source":null,"levels":null,"source":"OpenStreetMap"},"geometry":{"type":"LineString","coordinates":[[5.3711602,43.2993616],[5.3712372,43.299266],[5.3713332,43.2991469],[5.3713927,43.2991302],[5.371408,43.2991567],[5.3714132,43.2991682],[5.3714231,43.2991874],[5.371429,43.2992092],[5.3714322,43.2992256],[5.3714308,43.2992424],[5.3714298,43.2992522],[5.3714242,43.2992611],[5.3713942,43.2992884],[5.3713702,43.2993142],[5.3713525,43.2993423],[5.3713413,43.2993749],[5.3713404,43.299403],[5.3713402,43.2994312],[5.3713507,43.299466],[5.3713549,43.2994865],[5.3713565,43.2995095],[5.3713519,43.2995307],[5.371344,43.2995495],[5.3713105,43.299594],[5.3712936,43.2996154],[5.3712566,43.2995983],[5.3711807,43.2995021],[5.3711602,43.2993616]]}},{"type":"Feature","properties":{"osm_id":"way/71362195","name":"Rue Saint-Saëns","building":null,"highway":"pedestrian","tourism":null,"historic":null,"amenity":null,"height_m":null,"height_source":null,"levels":null,"source":"OpenStreetMap"},"geometry":{"type":"LineString","coordinates":[[5.3731291,43.2932919],[5.3735073,43.2933845],[5.3741533,43.2935432],[5.3743281,43.2935861],[5.3744021,43.2936043]]}},{"type":"Feature","properties":{"osm_id":"way/71362196","name":"Rue Euthymènes","building":null,"highway":"pedestrian","tourism":null,"historic":null,"amenity":null,"height_m":null,"height_source":null,"levels":null,"source":"OpenStreetMap"},"geometry":{"type":"LineString","coordinates":[[5.3730229,43.2931523],[5.3731618,43.2928293]]}},{"type":"Feature","properties":{"osm_id":"way/81855933","name":"Rue des Repenties","building":null,"highway":"residential","tourism":null,"historic":null,"amenity":null,"height_m":null,"height_source":null,"levels":null,"source":"OpenStreetMap"},"geometry":{"type":"LineString","coordinates":[[5.366098,43.2987074],[5.3661488,43.2986992],[5.3663648,43.2986646],[5.3663863,43.2986687],[5.3664045,43.2986849]]}},{"type":"Feature","properties":{"osm_id":"way/81855934","name":"Rue Ballard","building":null,"highway":"pedestrian","tourism":null,"historic":null,"amenity":null,"height_m":null,"height_source":null,"levels":null,"source":"OpenStreetMap"},"geometry":{"type":"LineString","coordinates":[[5.3674526,43.2993911],[5.3674563,43.2995253],[5.3674499,43.2996624],[5.3674399,43.299719],[5.3674374,43.2997332]]}},{"type":"Feature","properties":{"osm_id":"way/81855938","name":"Rue Sainte-Françoise","building":null,"highway":"residential","tourism":null,"historic":null,"amenity":null,"height_m":null,"height_source":null,"levels":null,"source":"OpenStreetMap"},"geometry":{"type":"LineString","coordinates":[[5.3664045,43.2986849],[5.3665037,43.2989551],[5.3666414,43.2993894],[5.3666607,43.2994211]]}},{"type":"Feature","properties":{"osm_id":"way/81855946","name":"Rue Michel Salvarelli","building":null,"highway":"pedestrian","tourism":null,"historic":null,"amenity":null,"height_m":null,"height_source":null,"levels":null,"source":"OpenStreetMap"},"geometry":{"type":"LineString","coordinates":[[5.3681155,43.2987185],[5.3681322,43.2987156]]}},{"type":"Feature","properties":{"osm_id":"way/81855948","name":"Rue des Cartiers","building":null,"highway":"pedestrian","tourism":null,"historic":null,"amenity":null,"height_m":null,"height_source":null,"levels":null,"source":"OpenStreetMap"},"geometry":{"type":"LineString","coordinates":[[5.3694526,43.2992498],[5.3694809,43.2992892]]}},{"type":"Feature","properties":{"osm_id":"way/81855952","name":"Rue Puits Baussenque","building":null,"highway":"pedestrian","tourism":null,"historic":null,"amenity":null,"height_m":null,"height_source":null,"levels":null,"source":"OpenStreetMap"},"geometry":{"type":"LineString","coordinates":[[5.3661925,43.2979389],[5.3664836,43.2979073]]}},{"type":"Feature","properties":{"osm_id":"way/82296076","name":"Quai des Ligures","building":null,"highway":"service","tourism":null,"historic":null,"amenity":null,"height_m":null,"height_source":null,"levels":null,"source":"OpenStreetMap"},"geometry":{"type":"LineString","coordinates":[[5.3654486,43.2924306],[5.3659069,43.2924871],[5.3659907,43.292498],[5.3661453,43.2925173],[5.3662127,43.2925193],[5.366255,43.2925076],[5.3662784,43.2924886],[5.366286,43.292479],[5.366315,43.2924359]]}},{"type":"Feature","properties":{"osm_id":"way/99267546","name":null,"building":null,"highway":"footway","tourism":null,"historic":null,"amenity":null,"height_m":null,"height_source":null,"levels":null,"source":"OpenStreetMap"},"geometry":{"type":"LineString","coordinates":[[5.3681048,43.2985852],[5.368153,43.298577]]}},{"type":"Feature","properties":{"osm_id":"way/102020746","name":null,"building":null,"highway":"footway","tourism":null,"historic":null,"amenity":null,"height_m":null,"height_source":null,"levels":null,"source":"OpenStreetMap"},"geometry":{"type":"LineString","coordinates":[[5.37333,43.2959487],[5.3733228,43.2957609],[5.3733165,43.2955715]]}},{"type":"Feature","properties":{"osm_id":"way/110852087","name":"Impasse Fonderie Vieille","building":null,"highway":"pedestrian","tourism":null,"historic":null,"amenity":null,"height_m":null,"height_source":null,"levels":null,"source":"OpenStreetMap"},"geometry":{"type":"LineString","coordinates":[[5.3662837,43.2973914],[5.3665286,43.2973508]]}},{"type":"Feature","properties":{"osm_id":"way/111064968","name":"Rue Saint-Pons","building":null,"highway":"pedestrian","tourism":null,"historic":null,"amenity":null,"height_m":null,"height_source":null,"levels":null,"source":"OpenStreetMap"},"geometry":{"type":"LineString","coordinates":[[5.3658752,43.29741],[5.3659051,43.2974012],[5.3665117,43.297223]]}},{"type":"Feature","properties":{"osm_id":"way/112835831","name":"Place de la Major","building":null,"highway":"tertiary","tourism":null,"historic":null,"amenity":null,"height_m":null,"height_source":null,"levels":null,"source":"OpenStreetMap"},"geometry":{"type":"LineString","coordinates":[[5.3649318,43.2988972],[5.3652636,43.298837],[5.3653637,43.2988188]]}},{"type":"Feature","properties":{"osm_id":"way/116920550","name":null,"building":null,"highway":"service","tourism":null,"historic":null,"amenity":null,"height_m":null,"height_source":null,"levels":null,"source":"OpenStreetMap"},"geometry":{"type":"LineString","coordinates":[[5.3621462,43.2922417],[5.3621492,43.2922907],[5.3621411,43.2923243],[5.3621368,43.2923364],[5.3621309,43.2923464],[5.3621228,43.2923533],[5.3620904,43.292368],[5.3620165,43.2923943],[5.3619849,43.2924027],[5.3619569,43.2924061],[5.3619063,43.2924089],[5.3618856,43.2924122],[5.3618604,43.2924208],[5.3617916,43.2924521],[5.3616333,43.292524],[5.3615189,43.2925864],[5.3614888,43.2926037],[5.3614488,43.2926283],[5.3613831,43.2926751],[5.3608916,43.2930542]]}},{"type":"Feature","properties":{"osm_id":"way/116920552","name":null,"building":null,"highway":"service","tourism":null,"historic":null,"amenity":null,"height_m":null,"height_source":null,"levels":null,"source":"OpenStreetMap"},"geometry":{"type":"LineString","coordinates":[[5.3610743,43.2922551],[5.361066,43.2923028],[5.3610545,43.2923384],[5.3610412,43.2923591],[5.3610217,43.2923828],[5.3609325,43.2924516],[5.3609084,43.2924985],[5.3608862,43.2925244],[5.3607912,43.2925749],[5.3607085,43.2926615]]}},{"type":"Feature","properties":{"osm_id":"way/116920554","name":null,"building":null,"highway":"footway","tourism":null,"historic":null,"amenity":null,"height_m":null,"height_source":null,"levels":null,"source":"OpenStreetMap"},"geometry":{"type":"LineString","coordinates":[[5.3612604,43.2923409],[5.3612745,43.2923872],[5.361308,43.2924262],[5.3613475,43.292468],[5.3613071,43.2925295]]}},{"type":"Feature","properties":{"osm_id":"way/119969502","name":"Rue Sainte-Barbe","building":null,"highway":"residential","tourism":null,"historic":null,"amenity":null,"height_m":null,"height_source":null,"levels":null,"source":"OpenStreetMap"},"geometry":{"type":"LineString","coordinates":[[5.3742536,43.2996288],[5.3741866,43.2993666],[5.374159,43.2992535]]}},{"type":"Feature","properties":{"osm_id":"way/119970277","name":"Rue Saint-Thomé","building":null,"highway":"residential","tourism":null,"historic":null,"amenity":null,"height_m":null,"height_source":null,"levels":null,"source":"OpenStreetMap"},"geometry":{"type":"LineString","coordinates":[[5.3656117,43.2972814],[5.365564,43.2972856],[5.3655275,43.2972881],[5.3654816,43.2972903],[5.3653673,43.297287],[5.3653222,43.2972845],[5.3652589,43.2972793],[5.3651722,43.2972636]]}},{"type":"Feature","properties":{"osm_id":"way/119970278","name":"Rue Miradou","building":null,"highway":"pedestrian","tourism":null,"historic":null,"amenity":null,"height_m":null,"height_source":null,"levels":null,"source":"OpenStreetMap"},"geometry":{"type":"LineString","coordinates":[[5.3648014,43.2980207],[5.3648234,43.2982085]]}},{"type":"Feature","properties":{"osm_id":"way/119970279","name":"Avenue Robert Schuman","building":null,"highway":"tertiary","tourism":null,"historic":null,"amenity":null,"height_m":null,"height_source":null,"levels":null,"source":"OpenStreetMap"},"geometry":{"type":"LineString","coordinates":[[5.3655084,43.299277],[5.3656563,43.2997608],[5.3656905,43.2998814],[5.3657183,43.2999757],[5.3658895,43.3005427],[5.3658926,43.3006058],[5.3658919,43.3007048],[5.3658965,43.3007698],[5.3659104,43.3008279],[5.3662765,43.3020707]]}},{"type":"Feature","properties":{"osm_id":"way/120105606","name":"Place Jules Verne","building":null,"highway":"pedestrian","tourism":null,"historic":null,"amenity":null,"height_m":null,"height_source":null,"levels":null,"source":"OpenStreetMap"},"geometry":{"type":"LineString","coordinates":[[5.3685288,43.2962977],[5.3685087,43.2963843],[5.3684926,43.2964714],[5.3685712,43.2964794],[5.3685316,43.2966736],[5.3685165,43.2967429],[5.3685809,43.2967542],[5.3687131,43.2967781],[5.3690391,43.2968129],[5.36954,43.2968709],[5.3695615,43.2967769],[5.3695892,43.2966507],[5.3696395,43.2964234],[5.3695941,43.2963938],[5.3693468,43.2963684],[5.3688088,43.2963132],[5.3687377,43.2963082],[5.3686773,43.2963053],[5.3685288,43.2962977]]}},{"type":"Feature","properties":{"osm_id":"way/120922876","name":"Avenue Vaudoyer","building":null,"highway":"tertiary","tourism":null,"historic":null,"amenity":null,"height_m":null,"height_source":null,"levels":null,"source":"OpenStreetMap"},"geometry":{"type":"LineString","coordinates":[[5.363563,43.2952057],[5.3634698,43.2952172],[5.3633968,43.2952295],[5.363347,43.2952432],[5.3632783,43.2952675],[5.3632054,43.2953019],[5.363112,43.2953567],[5.3630609,43.2953918],[5.3629969,43.2954462],[5.362959,43.2954897],[5.3629211,43.2955332],[5.3628825,43.2955826],[5.3628474,43.2956344],[5.3628254,43.2956801],[5.3628022,43.2957449],[5.3627791,43.2958247],[5.3627626,43.2959055],[5.3627537,43.2959896],[5.3627542,43.2961833],[5.3627596,43.2962794],[5.3627677,43.2963494],[5.3627834,43.2964472]]}},{"type":"Feature","properties":{"osm_id":"way/120922878","name":"Avenue Vaudoyer","building":null,"highway":"tertiary","tourism":null,"historic":null,"amenity":null,"height_m":null,"height_source":null,"levels":null,"source":"OpenStreetMap"},"geometry":{"type":"LineString","coordinates":[[5.3625631,43.2963328],[5.3625553,43.2961641],[5.3625634,43.2959772],[5.3625875,43.2957995],[5.3626069,43.2957225],[5.3626204,43.2956809],[5.3626674,43.2955836],[5.3626988,43.2955331],[5.3627529,43.2954571],[5.3628653,43.295332],[5.3629295,43.2952788],[5.3629945,43.2952373],[5.3630589,43.2952088],[5.3631591,43.2951708],[5.3632462,43.2951465],[5.3633465,43.2951262],[5.3634186,43.2951185],[5.3635088,43.2951182]]}},{"type":"Feature","properties":{"osm_id":"way/120922880","name":"Quai du Port","building":null,"highway":"tertiary","tourism":null,"historic":null,"amenity":null,"height_m":null,"height_source":null,"levels":null,"source":"OpenStreetMap"},"geometry":{"type":"LineString","coordinates":[[5.3636669,43.2951357],[5.3637508,43.2951422],[5.3638339,43.2951559],[5.3641391,43.2952106],[5.3644591,43.295271],[5.3647309,43.2953142]]}},{"type":"Feature","properties":{"osm_id":"way/120925156","name":"Quai des Belges","building":null,"highway":"secondary","tourism":null,"historic":null,"amenity":null,"height_m":null,"height_source":null,"levels":null,"source":"OpenStreetMap"},"geometry":{"type":"LineString","coordinates":[[5.3740373,43.29612],[5.3741501,43.2960628],[5.374205,43.2960231],[5.3742429,43.2959778],[5.3742926,43.295883],[5.3743233,43.2958412]]}},{"type":"Feature","properties":{"osm_id":"way/122479518","name":null,"building":null,"highway":"footway","tourism":null,"historic":null,"amenity":null,"height_m":null,"height_source":null,"levels":null,"source":"OpenStreetMap"},"geometry":{"type":"LineString","coordinates":[[5.3739117,43.2946361],[5.3738858,43.294631],[5.3738254,43.2945866],[5.3736829,43.2946809],[5.3736766,43.2947018]]}},{"type":"Feature","properties":{"osm_id":"way/122541987","name":"Place Sadi Carnot","building":null,"highway":"secondary","tourism":null,"historic":null,"amenity":null,"height_m":null,"height_source":null,"levels":null,"source":"OpenStreetMap"},"geometry":{"type":"LineString","coordinates":[[5.3715105,43.2992691],[5.3715648,43.2992575],[5.3716214,43.2992571],[5.3716962,43.2992729],[5.3717244,43.2992893],[5.371763,43.2993194],[5.3717801,43.299344],[5.3717892,43.299357],[5.3717929,43.2993686],[5.3717981,43.2993848],[5.3717988,43.2994145],[5.3717956,43.2994375],[5.3717759,43.2994761],[5.3717425,43.2995093],[5.3716899,43.2995386],[5.3716455,43.2995502],[5.3715892,43.2995548]]}},{"type":"Feature","properties":{"osm_id":"way/125306701","name":"Avenue Vaudoyer","building":null,"highway":"tertiary","tourism":null,"historic":null,"amenity":null,"height_m":null,"height_source":null,"levels":null,"source":"OpenStreetMap"},"geometry":{"type":"LineString","coordinates":[[5.362915,43.2968526],[5.3630367,43.2969163],[5.3630746,43.2969579],[5.3634474,43.2973572],[5.363814,43.2977708],[5.3641372,43.2981115],[5.3642296,43.2982102],[5.364287,43.2982695],[5.364316,43.2983006],[5.3643369,43.2983321],[5.3643422,43.2983436],[5.3643475,43.2983636],[5.3643512,43.2983868],[5.3643581,43.2984064],[5.3643696,43.2984209],[5.3643851,43.298435],[5.3644158,43.2984505]]}},{"type":"Feature","properties":{"osm_id":"way/139762724","name":"Place de Lenche","building":null,"highway":"residential","tourism":null,"historic":null,"amenity":null,"height_m":null,"height_source":null,"levels":null,"source":"OpenStreetMap"},"geometry":{"type":"LineString","coordinates":[[5.365924,43.2971957],[5.3657856,43.297249],[5.3657523,43.2972565],[5.3657047,43.2972672],[5.3656117,43.2972814]]}},{"type":"Feature","properties":{"osm_id":"way/139762729","name":"Quai des Belges","building":null,"highway":"secondary","tourism":null,"historic":null,"amenity":null,"height_m":null,"height_source":null,"levels":null,"source":"OpenStreetMap"},"geometry":{"type":"LineString","coordinates":[[5.3745624,43.2946812],[5.3744692,43.2951263],[5.3744595,43.2951725],[5.3744384,43.2952754]]}},{"type":"Feature","properties":{"osm_id":"way/139762730","name":"Rue Caisserie","building":null,"highway":"tertiary","tourism":null,"historic":null,"amenity":null,"height_m":null,"height_source":null,"levels":null,"source":"OpenStreetMap"},"geometry":{"type":"LineString","coordinates":[[5.3671838,43.2968302],[5.3672193,43.2968356],[5.3674589,43.2968789],[5.3675801,43.2968967],[5.3676675,43.2969129],[5.3680224,43.2969986],[5.3681304,43.297028],[5.3683663,43.2971088],[5.3685122,43.2971622],[5.3686202,43.2972074],[5.3688851,43.2973886],[5.368977,43.2974498],[5.3690116,43.2974696],[5.3690603,43.2974902],[5.3691625,43.2975248],[5.3693069,43.2975703],[5.3694416,43.2976143],[5.3694782,43.2976247],[5.3696377,43.2976559],[5.3700134,43.2977166],[5.3701371,43.2977353]]}},{"type":"Feature","properties":{"osm_id":"way/139768313","name":"Avenue de Saint-Jean","building":null,"highway":"tertiary","tourism":null,"historic":null,"amenity":null,"height_m":null,"height_source":null,"levels":null,"source":"OpenStreetMap"},"geometry":{"type":"LineString","coordinates":[[5.365329,43.2959384],[5.3651685,43.2957477],[5.3651606,43.2957389]]}},{"type":"Feature","properties":{"osm_id":"way/139768325","name":"Rue de la Loge","building":null,"highway":"residential","tourism":null,"historic":null,"amenity":null,"height_m":null,"height_source":null,"levels":null,"source":"OpenStreetMap"},"geometry":{"type":"LineString","coordinates":[[5.366254,43.2960099],[5.3658431,43.2959263],[5.3656445,43.2958815]]}},{"type":"Feature","properties":{"osm_id":"way/143920732","name":"Quai de la Tourette - Boulevard Jacques Saadé","building":null,"highway":"tertiary","tourism":null,"historic":null,"amenity":null,"height_m":null,"height_source":null,"levels":null,"source":"OpenStreetMap"},"geometry":{"type":"LineString","coordinates":[[5.3640601,43.3010942],[5.3640266,43.3009842],[5.3640192,43.3009597],[5.3639669,43.3007946],[5.363924,43.3006414],[5.3638502,43.3003886],[5.3637437,43.3000453],[5.3637426,43.3000418],[5.3636973,43.2998927],[5.3636558,43.2997698],[5.3635887,43.2996019],[5.3634316,43.2992194],[5.3633218,43.2989285],[5.3632776,43.2988079],[5.3632521,43.2987401]]}},{"type":"Feature","properties":{"osm_id":"way/159306801","name":"La Canebière","building":null,"highway":"pedestrian","tourism":null,"historic":null,"amenity":null,"height_m":null,"height_source":null,"levels":null,"source":"OpenStreetMap"},"geometry":{"type":"LineString","coordinates":[[5.3744384,43.2952754],[5.3744714,43.2952859],[5.3745053,43.2952965],[5.3749638,43.2954524],[5.375255,43.2955474],[5.3754348,43.295607],[5.3758,43.2957313],[5.3760799,43.2958268],[5.3768456,43.2960872]]}},{"type":"Feature","properties":{"osm_id":"way/163969436","name":"Escalier Jean-Paul Chaix","building":null,"highway":"footway","tourism":null,"historic":null,"amenity":null,"height_m":null,"height_source":null,"levels":null,"source":"OpenStreetMap"},"geometry":{"type":"LineString","coordinates":[[5.3635146,43.2956611],[5.3635123,43.295556],[5.3635228,43.2955566]]}},{"type":"Feature","properties":{"osm_id":"way/163969438","name":"Escalier Jean-Paul Chaix","building":null,"highway":"footway","tourism":null,"historic":null,"amenity":null,"height_m":null,"height_source":null,"levels":null,"source":"OpenStreetMap"},"geometry":{"type":"LineString","coordinates":[[5.3636604,43.295608],[5.3636766,43.295617],[5.3637118,43.2955983],[5.3635699,43.2954125],[5.3636081,43.2953981]]}},{"type":"Feature","properties":{"osm_id":"way/178605517","name":"Impasse Belle Marinière","building":null,"highway":"service","tourism":null,"historic":null,"amenity":null,"height_m":null,"height_source":null,"levels":null,"source":"OpenStreetMap"},"geometry":{"type":"LineString","coordinates":[[5.3648225,43.2958509],[5.3642262,43.2961046]]}},{"type":"Feature","properties":{"osm_id":"way/178605522","name":null,"building":null,"highway":"service","tourism":null,"historic":null,"amenity":null,"height_m":null,"height_source":null,"levels":null,"source":"OpenStreetMap"},"geometry":{"type":"LineString","coordinates":[[5.3654375,43.2966086],[5.3654991,43.2966853],[5.3655107,43.2966997],[5.3654426,43.2969212],[5.3653557,43.297064]]}},{"type":"Feature","properties":{"osm_id":"way/178605523","name":"Place Fontaine Rouvière","building":null,"highway":"service","tourism":null,"historic":null,"amenity":null,"height_m":null,"height_source":null,"levels":null,"source":"OpenStreetMap"},"geometry":{"type":"LineString","coordinates":[[5.3658431,43.2959263],[5.3657436,43.2962017]]}},{"type":"Feature","properties":{"osm_id":"way/178672577","name":"Place des Treize Cantons","building":null,"highway":"residential","tourism":null,"historic":null,"amenity":null,"height_m":null,"height_source":null,"levels":null,"source":"OpenStreetMap"},"geometry":{"type":"LineString","coordinates":[[5.3666607,43.2994211],[5.3666693,43.2994377],[5.366693,43.2994988],[5.3667031,43.2995191]]}},{"type":"Feature","properties":{"osm_id":"way/178672579","name":"Place des Treize Cantons","building":null,"highway":"footway","tourism":null,"historic":null,"amenity":null,"height_m":null,"height_source":null,"levels":null,"source":"OpenStreetMap"},"geometry":{"type":"LineString","coordinates":[[5.3664223,43.2994677],[5.3664327,43.299467],[5.3664312,43.2994608]]}},{"type":"Feature","properties":{"osm_id":"way/178679255","name":"Rue Porte Baussenque","building":null,"highway":"pedestrian","tourism":null,"historic":null,"amenity":null,"height_m":null,"height_source":null,"levels":null,"source":"OpenStreetMap"},"geometry":{"type":"LineString","coordinates":[[5.3665252,43.2980575],[5.3673163,43.2979629]]}},{"type":"Feature","properties":{"osm_id":"way/178679257","name":"Traverse Beaussenque","building":null,"highway":"pedestrian","tourism":null,"historic":null,"amenity":null,"height_m":null,"height_source":null,"levels":null,"source":"OpenStreetMap"},"geometry":{"type":"LineString","coordinates":[[5.3672935,43.2990666],[5.3672206,43.2988618],[5.3672141,43.2988431],[5.3672081,43.2988284]]}},{"type":"Feature","properties":{"osm_id":"way/178800642","name":"Rue Sainte-Françoise","building":null,"highway":"pedestrian","tourism":null,"historic":null,"amenity":null,"height_m":null,"height_source":null,"levels":null,"source":"OpenStreetMap"},"geometry":{"type":"LineString","coordinates":[[5.3664155,43.2986311],[5.3664045,43.2986849]]}},{"type":"Feature","properties":{"osm_id":"way/178800645","name":"Rue des Repenties","building":null,"highway":"pedestrian","tourism":null,"historic":null,"amenity":null,"height_m":null,"height_source":null,"levels":null,"source":"OpenStreetMap"},"geometry":{"type":"LineString","coordinates":[[5.3664644,43.2986711],[5.3664045,43.2986849]]}},{"type":"Feature","properties":{"osm_id":"way/178808270","name":"Place Vivaux","building":null,"highway":"residential","tourism":null,"historic":null,"amenity":null,"height_m":null,"height_source":null,"levels":null,"source":"OpenStreetMap"},"geometry":{"type":"LineString","coordinates":[[5.3684425,43.2967362],[5.368434,43.2967353],[5.3682534,43.2967172],[5.3682446,43.2967163],[5.367536,43.2966452],[5.3674888,43.2966268],[5.3674783,43.296593],[5.3674951,43.2964979],[5.367515,43.2963846]]}},{"type":"Feature","properties":{"osm_id":"way/178808279","name":"Place Jules Verne","building":null,"highway":"residential","tourism":null,"historic":null,"amenity":null,"height_m":null,"height_source":null,"levels":null,"source":"OpenStreetMap"},"geometry":{"type":"LineString","coordinates":[[5.3687377,43.2963082],[5.3687116,43.2964324],[5.3686803,43.2964681],[5.3686265,43.2965029],[5.3685809,43.2967542]]}},{"type":"Feature","properties":{"osm_id":"way/178815204","name":null,"building":null,"highway":"service","tourism":null,"historic":null,"amenity":null,"height_m":null,"height_source":null,"levels":null,"source":"OpenStreetMap"},"geometry":{"type":"LineString","coordinates":[[5.36524,43.2963676],[5.3654375,43.2966086]]}},{"type":"Feature","properties":{"osm_id":"way/178824381","name":"Place Vivaux","building":null,"highway":"residential","tourism":null,"historic":null,"amenity":null,"height_m":null,"height_source":null,"levels":null,"source":"OpenStreetMap"},"geometry":{"type":"LineString","coordinates":[[5.367515,43.2963846],[5.3675332,43.2962821]]}},{"type":"Feature","properties":{"osm_id":"way/178824382","name":"Place Vivaux","building":null,"highway":"residential","tourism":null,"historic":null,"amenity":null,"height_m":null,"height_source":null,"levels":null,"source":"OpenStreetMap"},"geometry":{"type":"LineString","coordinates":[[5.3675332,43.2962821],[5.3675423,43.2962297],[5.3675478,43.2961979]]}},{"type":"Feature","properties":{"osm_id":"way/178824386","name":null,"building":null,"highway":"pedestrian","tourism":null,"historic":null,"amenity":null,"height_m":null,"height_source":null,"levels":null,"source":"OpenStreetMap"},"geometry":{"type":"LineString","coordinates":[[5.3671304,43.2966103],[5.3670939,43.2967997]]}},{"type":"Feature","properties":{"osm_id":"way/178824387","name":null,"building":null,"highway":"pedestrian","tourism":null,"historic":null,"amenity":null,"height_m":null,"height_source":null,"levels":null,"source":"OpenStreetMap"},"geometry":{"type":"LineString","coordinates":[[5.366135,43.2969939],[5.3663177,43.2969032],[5.3666239,43.2968128],[5.3665449,43.2967971],[5.3663146,43.2967497],[5.3662689,43.2967403],[5.3662347,43.2967333],[5.3662217,43.2967674],[5.3661601,43.2969284],[5.366135,43.2969939]]}},{"type":"Feature","properties":{"osm_id":"way/178824388","name":null,"building":null,"highway":"service","tourism":null,"historic":null,"amenity":null,"height_m":null,"height_source":null,"levels":null,"source":"OpenStreetMap"},"geometry":{"type":"LineString","coordinates":[[5.3673093,43.2961892],[5.3672941,43.2962599],[5.3672888,43.2962834],[5.3672682,43.2963844],[5.3671733,43.296376],[5.3670972,43.2963686]]}},{"type":"Feature","properties":{"osm_id":"way/179116231","name":null,"building":null,"highway":"service","tourism":null,"historic":null,"amenity":null,"height_m":null,"height_source":null,"levels":null,"source":"OpenStreetMap"},"geometry":{"type":"LineString","coordinates":[[5.3674888,43.2966268],[5.3674015,43.296669]]}},{"type":"Feature","properties":{"osm_id":"way/179484699","name":"Esplanade de la Tourette","building":null,"highway":"tertiary","tourism":null,"historic":null,"amenity":null,"height_m":null,"height_source":null,"levels":null,"source":"OpenStreetMap"},"geometry":{"type":"LineString","coordinates":[[5.3646515,43.2985528],[5.3646842,43.2986663],[5.3647293,43.2988206],[5.3647461,43.2988504],[5.3647575,43.2988611],[5.3647749,43.2988748],[5.3648078,43.2988909],[5.3648513,43.2988982],[5.3648889,43.2989002],[5.3649318,43.2988972]]}},{"type":"Feature","properties":{"osm_id":"way/184608397","name":null,"building":null,"highway":"service","tourism":null,"historic":null,"amenity":null,"height_m":null,"height_source":null,"levels":null,"source":"OpenStreetMap"},"geometry":{"type":"LineString","coordinates":[[5.3608916,43.2930542],[5.3608684,43.2930753],[5.360871,43.2932132],[5.3608722,43.2932384],[5.3608707,43.2932479],[5.3608634,43.2932591],[5.3605723,43.2935005],[5.3603461,43.2936881],[5.3601034,43.2938677],[5.3600905,43.2938852],[5.36009,43.2939069],[5.3601457,43.2940536],[5.3601564,43.2940715],[5.3601762,43.2940833],[5.36023,43.2941056]]}},{"type":"Feature","properties":{"osm_id":"way/185074315","name":"Quai des Belges","building":null,"highway":"secondary","tourism":null,"historic":null,"amenity":null,"height_m":null,"height_source":null,"levels":null,"source":"OpenStreetMap"},"geometry":{"type":"LineString","coordinates":[[5.3744384,43.2952754],[5.3744278,43.2953286],[5.374407,43.2954474],[5.374397,43.2954934],[5.3743279,43.2958125]]}},{"type":"Feature","properties":{"osm_id":"way/186947496","name":null,"building":null,"highway":"service","tourism":null,"historic":null,"amenity":null,"height_m":null,"height_source":null,"levels":null,"source":"OpenStreetMap"},"geometry":{"type":"LineString","coordinates":[[5.3610217,43.2923828],[5.3610478,43.2923979],[5.36108,43.2924184],[5.3610987,43.2924302],[5.3611068,43.2924487],[5.3611033,43.2924655],[5.3610899,43.292485],[5.36108,43.2924955],[5.3609786,43.2925836]]}},{"type":"Feature","properties":{"osm_id":"way/186964654","name":null,"building":null,"highway":"service","tourism":null,"historic":null,"amenity":null,"height_m":null,"height_source":null,"levels":null,"source":"OpenStreetMap"},"geometry":{"type":"LineString","coordinates":[[5.3606902,43.2925286],[5.3607541,43.2925571],[5.3607912,43.2925749]]}},{"type":"Feature","properties":{"osm_id":"way/186964655","name":null,"building":null,"highway":"service","tourism":null,"historic":null,"amenity":null,"height_m":null,"height_source":null,"levels":null,"source":"OpenStreetMap"},"geometry":{"type":"LineString","coordinates":[[5.3605979,43.2924874],[5.3606827,43.2925252],[5.3606902,43.2925286]]}},{"type":"Feature","properties":{"osm_id":"way/187786826","name":"Rue de la République","building":null,"highway":"secondary","tourism":null,"historic":null,"amenity":null,"height_m":null,"height_source":null,"levels":null,"source":"OpenStreetMap"},"geometry":{"type":"LineString","coordinates":[[5.3716962,43.2992729],[5.3717606,43.2991963],[5.3717833,43.2991693]]}},{"type":"Feature","properties":{"osm_id":"way/195121568","name":"Rue des Martégales","building":null,"highway":"residential","tourism":null,"historic":null,"amenity":null,"height_m":null,"height_source":null,"levels":null,"source":"OpenStreetMap"},"geometry":{"type":"LineString","coordinates":[[5.365176,43.2962806],[5.3651348,43.2962306],[5.3649022,43.2959478],[5.3648225,43.2958509],[5.3645947,43.2955741],[5.3644422,43.2953887],[5.3644213,43.2953633],[5.3643971,43.2953339]]}},{"type":"Feature","properties":{"osm_id":"way/200054021","name":"Quai des Belges","building":null,"highway":"secondary","tourism":null,"historic":null,"amenity":null,"height_m":null,"height_source":null,"levels":null,"source":"OpenStreetMap"},"geometry":{"type":"LineString","coordinates":[[5.3745509,43.2942831],[5.3744837,43.2942547],[5.3744258,43.2942221],[5.3743276,43.2941748],[5.374285,43.2941529],[5.3742532,43.2941319],[5.3742044,43.2940884]]}},{"type":"Feature","properties":{"osm_id":"way/200054024","name":"Quai du Port","building":null,"highway":"residential","tourism":null,"historic":null,"amenity":null,"height_m":null,"height_source":null,"levels":null,"source":"OpenStreetMap"},"geometry":{"type":"LineString","coordinates":[[5.3740373,43.29612],[5.3738424,43.2961408],[5.3737133,43.2961358]]}},{"type":"Feature","properties":{"osm_id":"way/200054027","name":"Avenue de Saint-Jean","building":null,"highway":"tertiary","tourism":null,"historic":null,"amenity":null,"height_m":null,"height_source":null,"levels":null,"source":"OpenStreetMap"},"geometry":{"type":"LineString","coordinates":[[5.3650206,43.295358],[5.3650703,43.2953882],[5.3650823,43.2954001],[5.3650927,43.2954195],[5.365097,43.2954544]]}},{"type":"Feature","properties":{"osm_id":"way/200061919","name":"Rue Euthymènes","building":null,"highway":"pedestrian","tourism":null,"historic":null,"amenity":null,"height_m":null,"height_source":null,"levels":null,"source":"OpenStreetMap"},"geometry":{"type":"LineString","coordinates":[[5.3727645,43.293724],[5.3727734,43.2937056],[5.3727825,43.2936834],[5.3727959,43.2936542],[5.3729217,43.2933732]]}},{"type":"Feature","properties":{"osm_id":"way/200061920","name":"Rue de la Paix Marcel Paul","building":null,"highway":"pedestrian","tourism":null,"historic":null,"amenity":null,"height_m":null,"height_source":null,"levels":null,"source":"OpenStreetMap"},"geometry":{"type":"LineString","coordinates":[[5.3722513,43.2935915],[5.3722585,43.2935741],[5.3722678,43.2935536],[5.3722819,43.2935221],[5.3724521,43.2931342],[5.3726373,43.2927071]]}},{"type":"Feature","properties":{"osm_id":"way/200064203","name":null,"building":null,"highway":"service","tourism":null,"historic":null,"amenity":null,"height_m":null,"height_source":null,"levels":null,"source":"OpenStreetMap"},"geometry":{"type":"LineString","coordinates":[[5.3717672,43.2928524],[5.3718811,43.2926063]]}},{"type":"Feature","properties":{"osm_id":"way/200130290","name":"Quai de Rive-Neuve","building":null,"highway":"secondary","tourism":null,"historic":null,"amenity":null,"height_m":null,"height_source":null,"levels":null,"source":"OpenStreetMap"},"geometry":{"type":"LineString","coordinates":[[5.371111,43.2933378],[5.3712825,43.2933176],[5.3715012,43.2933741],[5.3715622,43.2933899],[5.3716089,43.2934092],[5.3716987,43.293451],[5.3722513,43.2935915],[5.3727645,43.293724],[5.3727984,43.2937329],[5.3732958,43.2938591],[5.3740048,43.2940391],[5.3740324,43.2940461],[5.3741059,43.2940626],[5.3742044,43.2940884]]}},{"type":"Feature","properties":{"osm_id":"way/200147517","name":"Cours Jean Ballard","building":null,"highway":"tertiary","tourism":null,"historic":null,"amenity":null,"height_m":null,"height_source":null,"levels":null,"source":"OpenStreetMap"},"geometry":{"type":"LineString","coordinates":[[5.3743575,43.2937146],[5.3744021,43.2936043],[5.3744211,43.2935573],[5.3744503,43.2934853],[5.3745268,43.2932961]]}},{"type":"Feature","properties":{"osm_id":"way/200167038","name":"Quai du Port","building":null,"highway":"residential","tourism":null,"historic":null,"amenity":null,"height_m":null,"height_source":null,"levels":null,"source":"OpenStreetMap"},"geometry":{"type":"LineString","coordinates":[[5.365097,43.2954544],[5.3648823,43.2954191]]}},{"type":"Feature","properties":{"osm_id":"way/200167039","name":null,"building":null,"highway":"footway","tourism":null,"historic":null,"amenity":null,"height_m":null,"height_source":null,"levels":null,"source":"OpenStreetMap"},"geometry":{"type":"LineString","coordinates":[[5.3673099,43.2957361],[5.3672944,43.2958]]}},{"type":"Feature","properties":{"osm_id":"way/200167042","name":null,"building":null,"highway":"service","tourism":null,"historic":null,"amenity":null,"height_m":null,"height_source":null,"levels":null,"source":"OpenStreetMap"},"geometry":{"type":"LineString","coordinates":[[5.3687979,43.2963718],[5.3688088,43.2963132]]}},{"type":"Feature","properties":{"osm_id":"way/200167043","name":"Passage Adrien Bles","building":null,"highway":"pedestrian","tourism":null,"historic":null,"amenity":null,"height_m":null,"height_source":null,"levels":null,"source":"OpenStreetMap"},"geometry":{"type":"LineString","coordinates":[[5.3680848,43.2959106],[5.3680198,43.2962438]]}},{"type":"Feature","properties":{"osm_id":"way/200338676","name":"Rue de la Guirlande","building":null,"highway":"pedestrian","tourism":null,"historic":null,"amenity":null,"height_m":null,"height_source":null,"levels":null,"source":"OpenStreetMap"},"geometry":{"type":"LineString","coordinates":[[5.3705268,43.2976568],[5.3705114,43.2977494]]}},{"type":"Feature","properties":{"osm_id":"way/200338677","name":"Rue de la Guirlande","building":null,"highway":"pedestrian","tourism":null,"historic":null,"amenity":null,"height_m":null,"height_source":null,"levels":null,"source":"OpenStreetMap"},"geometry":{"type":"LineString","coordinates":[[5.370074,43.2974734],[5.3700636,43.2975426],[5.3700612,43.2975582]]}},{"type":"Feature","properties":{"osm_id":"way/200338678","name":"Rue de la Guirlande","building":null,"highway":"pedestrian","tourism":null,"historic":null,"amenity":null,"height_m":null,"height_source":null,"levels":null,"source":"OpenStreetMap"},"geometry":{"type":"LineString","coordinates":[[5.3701489,43.296975],[5.3701353,43.2970658]]}},{"type":"Feature","properties":{"osm_id":"way/200338679","name":"Rue de la Guirlande","building":null,"highway":"pedestrian","tourism":null,"historic":null,"amenity":null,"height_m":null,"height_source":null,"levels":null,"source":"OpenStreetMap"},"geometry":{"type":"LineString","coordinates":[[5.3700927,43.2973487],[5.3700901,43.2973659],[5.3700774,43.2974506]]}},{"type":"Feature","properties":{"osm_id":"way/200338680","name":"Rue de la Guirlande","building":null,"highway":"pedestrian","tourism":null,"historic":null,"amenity":null,"height_m":null,"height_source":null,"levels":null,"source":"OpenStreetMap"},"geometry":{"type":"LineString","coordinates":[[5.3700555,43.2975965],[5.3700509,43.297617],[5.3701506,43.2976814]]}},{"type":"Feature","properties":{"osm_id":"way/200338681","name":"Rue de la Guirlande","building":null,"highway":"pedestrian","tourism":null,"historic":null,"amenity":null,"height_m":null,"height_source":null,"levels":null,"source":"OpenStreetMap"},"geometry":{"type":"LineString","coordinates":[[5.3701655,43.2968749],[5.3701536,43.2969439]]}},{"type":"Feature","properties":{"osm_id":"way/200338683","name":"Rue de la Guirlande","building":null,"highway":"pedestrian","tourism":null,"historic":null,"amenity":null,"height_m":null,"height_source":null,"levels":null,"source":"OpenStreetMap"},"geometry":{"type":"LineString","coordinates":[[5.3701124,43.297218],[5.3700968,43.2973215]]}},{"type":"Feature","properties":{"osm_id":"way/200338688","name":"Rue de la Guirlande","building":null,"highway":"pedestrian","tourism":null,"historic":null,"amenity":null,"height_m":null,"height_source":null,"levels":null,"source":"OpenStreetMap"},"geometry":{"type":"LineString","coordinates":[[5.3701305,43.2970975],[5.3701161,43.2971931]]}},{"type":"Feature","properties":{"osm_id":"way/200715650","name":"Place du Mazeau","building":null,"highway":"pedestrian","tourism":null,"historic":null,"amenity":null,"height_m":null,"height_source":null,"levels":null,"source":"OpenStreetMap"},"geometry":{"type":"LineString","coordinates":[[5.3700509,43.297617],[5.3698957,43.2975854],[5.3695294,43.2974972]]}},{"type":"Feature","properties":{"osm_id":"way/200722217","name":"Rue de la Guirlande","building":null,"highway":"pedestrian","tourism":null,"historic":null,"amenity":null,"height_m":null,"height_source":null,"levels":null,"source":"OpenStreetMap"},"geometry":{"type":"LineString","coordinates":[[5.3703806,43.2970726],[5.3706309,43.2971006],[5.3705793,43.2973641],[5.3705693,43.2974152],[5.3705582,43.2974732]]}},{"type":"Feature","properties":{"osm_id":"way/200722219","name":"Rue de la Loge","building":null,"highway":"pedestrian","tourism":null,"historic":null,"amenity":null,"height_m":null,"height_source":null,"levels":null,"source":"OpenStreetMap"},"geometry":{"type":"LineString","coordinates":[[5.3698528,43.2964477],[5.3696395,43.2964234]]}},{"type":"Feature","properties":{"osm_id":"way/200722223","name":"Rue de la Loge","building":null,"highway":"pedestrian","tourism":null,"historic":null,"amenity":null,"height_m":null,"height_source":null,"levels":null,"source":"OpenStreetMap"},"geometry":{"type":"LineString","coordinates":[[5.3699199,43.2964543],[5.3698528,43.2964477]]}},{"type":"Feature","properties":{"osm_id":"way/200973150","name":null,"building":null,"highway":"footway","tourism":null,"historic":null,"amenity":null,"height_m":null,"height_source":null,"levels":null,"source":"OpenStreetMap"},"geometry":{"type":"LineString","coordinates":[[5.3610506,43.2966324],[5.3609742,43.2967189],[5.360969,43.2967261],[5.3609632,43.2967311],[5.3609531,43.2967334],[5.360945,43.296732],[5.3609392,43.2967294],[5.3609362,43.2967243],[5.3609365,43.2967163],[5.3609434,43.2967086],[5.3610731,43.2965733]]}},{"type":"Feature","properties":{"osm_id":"way/200973151","name":null,"building":null,"highway":"footway","tourism":null,"historic":null,"amenity":null,"height_m":null,"height_source":null,"levels":null,"source":"OpenStreetMap"},"geometry":{"type":"LineString","coordinates":[[5.3620686,43.295425],[5.3622371,43.2954612],[5.362312,43.2954799]]}},{"type":"Feature","properties":{"osm_id":"way/200973154","name":null,"building":null,"highway":"footway","tourism":null,"historic":null,"amenity":null,"height_m":null,"height_source":null,"levels":null,"source":"OpenStreetMap"},"geometry":{"type":"LineString","coordinates":[[5.3631514,43.2956687],[5.3631661,43.2956811],[5.3631796,43.2957366],[5.3631265,43.2957719],[5.3631585,43.2958008]]}},{"type":"Feature","properties":{"osm_id":"way/200973157","name":null,"building":null,"highway":"footway","tourism":null,"historic":null,"amenity":null,"height_m":null,"height_source":null,"levels":null,"source":"OpenStreetMap"},"geometry":{"type":"LineString","coordinates":[[5.3617992,43.2958302],[5.3618081,43.295787],[5.3618983,43.2954446],[5.3619015,43.2954332]]}},{"type":"Feature","properties":{"osm_id":"way/200973158","name":null,"building":null,"highway":"footway","tourism":null,"historic":null,"amenity":null,"height_m":null,"height_source":null,"levels":null,"source":"OpenStreetMap"},"geometry":{"type":"LineString","coordinates":[[5.3625895,43.2964881],[5.3625534,43.2964929],[5.3625237,43.2964969],[5.3624888,43.2965016]]}},{"type":"Feature","properties":{"osm_id":"way/200973160","name":"Accès J4","building":null,"highway":"footway","tourism":null,"historic":null,"amenity":null,"height_m":null,"height_source":null,"levels":null,"source":"OpenStreetMap"},"geometry":{"type":"LineString","coordinates":[[5.3610506,43.2966324],[5.3612191,43.296459]]}},{"type":"Feature","properties":{"osm_id":"way/201012503","name":"Rue de la Guirlande","building":null,"highway":"pedestrian","tourism":null,"historic":null,"amenity":null,"height_m":null,"height_source":null,"levels":null,"source":"OpenStreetMap"},"geometry":{"type":"LineString","coordinates":[[5.3703884,43.2970336],[5.3703942,43.2970008],[5.3704097,43.2969124],[5.3704585,43.2966514],[5.3704804,43.2965151]]}},{"type":"Feature","properties":{"osm_id":"way/201084757","name":"Passage Pentecontore","building":null,"highway":"residential","tourism":null,"historic":null,"amenity":null,"height_m":null,"height_source":null,"levels":null,"source":"OpenStreetMap"},"geometry":{"type":"LineString","coordinates":[[5.3688765,43.2959898],[5.3688552,43.2960956],[5.3688511,43.2961147],[5.3688088,43.2963132]]}},{"type":"Feature","properties":{"osm_id":"way/201084758","name":"Rue Henri Tasso","building":null,"highway":"residential","tourism":null,"historic":null,"amenity":null,"height_m":null,"height_source":null,"levels":null,"source":"OpenStreetMap"},"geometry":{"type":"LineString","coordinates":[[5.3663998,43.2956329],[5.3663845,43.2956668],[5.3663487,43.2957525],[5.3662774,43.2959463],[5.366254,43.2960099],[5.3661894,43.2961809]]}},{"type":"Feature","properties":{"osm_id":"way/201485951","name":null,"building":null,"highway":"footway","tourism":null,"historic":null,"amenity":null,"height_m":null,"height_source":null,"levels":null,"source":"OpenStreetMap"},"geometry":{"type":"LineString","coordinates":[[5.3719445,43.2962369],[5.371932,43.2962893],[5.3719274,43.2963191],[5.3719143,43.2963761]]}},{"type":"Feature","properties":{"osm_id":"way/201485956","name":null,"building":null,"highway":"footway","tourism":null,"historic":null,"amenity":null,"height_m":null,"height_source":null,"levels":null,"source":"OpenStreetMap"},"geometry":{"type":"LineString","coordinates":[[5.3703171,43.296299],[5.3704958,43.2962326],[5.3706004,43.2962429]]}},{"type":"Feature","properties":{"osm_id":"way/202009344","name":"Place des Moulins","building":null,"highway":"pedestrian","tourism":null,"historic":null,"amenity":null,"height_m":null,"height_source":null,"levels":null,"source":"OpenStreetMap"},"geometry":{"type":"LineString","coordinates":[[5.3686745,43.2987713],[5.3687777,43.2988866],[5.3687709,43.2989122],[5.3685131,43.2989762],[5.3685,43.2989752],[5.3683072,43.2986355],[5.3683234,43.2986288],[5.3684338,43.2985836],[5.3684878,43.2985615],[5.3685131,43.298577],[5.3686745,43.2987713]]}},{"type":"Feature","properties":{"osm_id":"way/202009347","name":"Rue de la Loge","building":null,"highway":"pedestrian","tourism":null,"historic":null,"amenity":null,"height_m":null,"height_source":null,"levels":null,"source":"OpenStreetMap"},"geometry":{"type":"LineString","coordinates":[[5.3695941,43.2963938],[5.3693468,43.2963684],[5.3688088,43.2963132]]}},{"type":"Feature","properties":{"osm_id":"way/202014831","name":"Rue du Lacydon","building":null,"highway":"residential","tourism":null,"historic":null,"amenity":null,"height_m":null,"height_source":null,"levels":null,"source":"OpenStreetMap"},"geometry":{"type":"LineString","coordinates":[[5.3690391,43.2968129],[5.3687131,43.2967781],[5.3685809,43.2967542],[5.3685165,43.2967429],[5.3684425,43.2967362]]}},{"type":"Feature","properties":{"osm_id":"way/202029364","name":"Place de Lenche","building":null,"highway":"pedestrian","tourism":null,"historic":null,"amenity":null,"height_m":null,"height_source":null,"levels":null,"source":"OpenStreetMap"},"geometry":{"type":"LineString","coordinates":[[5.3658879,43.2972607],[5.3658825,43.2972529],[5.3658683,43.2972492],[5.3657866,43.2972779],[5.3657531,43.2972873],[5.3656941,43.2972984],[5.3656372,43.2973086],[5.3656252,43.2973193],[5.3656202,43.2973297],[5.3655431,43.2977519],[5.3655441,43.2977648],[5.3655454,43.2977826],[5.365571,43.2977818],[5.3656051,43.2977807],[5.3656054,43.297783],[5.365631,43.2977835],[5.3656674,43.2977842],[5.365667,43.2977824],[5.3656901,43.2977824],[5.3657123,43.2977824],[5.3657844,43.297781],[5.3657832,43.2977637],[5.3657831,43.2977258],[5.3658541,43.2974107],[5.3658879,43.2972607]]}},{"type":"Feature","properties":{"osm_id":"way/202030482","name":"Place des Pistoles","building":null,"highway":"pedestrian","tourism":null,"historic":null,"amenity":null,"height_m":null,"height_source":null,"levels":null,"source":"OpenStreetMap"},"geometry":{"type":"LineString","coordinates":[[5.3677818,43.2997867],[5.3678324,43.2998091],[5.3680418,43.2999019],[5.3679363,43.2993822],[5.3677206,43.2993988],[5.3677602,43.2995897],[5.3677625,43.2996008],[5.367734,43.299605],[5.3677818,43.2997867]]}},{"type":"Feature","properties":{"osm_id":"way/202030483","name":"Place du 23 Janvier 1943","building":null,"highway":"pedestrian","tourism":null,"historic":null,"amenity":null,"height_m":null,"height_source":null,"levels":null,"source":"OpenStreetMap"},"geometry":{"type":"LineString","coordinates":[[5.3706375,43.2980075],[5.370661,43.2979998],[5.3706935,43.297989],[5.3706823,43.297976],[5.3706406,43.2979344],[5.3705937,43.2979015],[5.3705606,43.2978812],[5.3705221,43.2978641],[5.3704699,43.2978445],[5.3704053,43.2978226],[5.3703296,43.2978036],[5.3701283,43.2977705],[5.3700844,43.2977632],[5.3699925,43.2977481],[5.3699872,43.2977964],[5.3700239,43.2977972],[5.3700545,43.2978574],[5.3700594,43.2978849],[5.3700476,43.2979257],[5.3700997,43.2979318],[5.3701582,43.2979387],[5.3702167,43.297954],[5.3702178,43.2979516],[5.3702298,43.2979547],[5.3702308,43.2979526],[5.3702842,43.2979659],[5.3702833,43.2979679],[5.3702971,43.2979714],[5.3702962,43.2979733],[5.3704183,43.2980036],[5.3704339,43.2980087],[5.3704459,43.2980126],[5.3704722,43.2980244],[5.3704871,43.2980339],[5.3705,43.298042],[5.3705212,43.298059],[5.3705672,43.2980436],[5.3705512,43.2980175],[5.3706297,43.2979932],[5.3706375,43.2980075]]}},{"type":"Feature","properties":{"osm_id":"way/202072802","name":"Impasse Colombani","building":null,"highway":"service","tourism":null,"historic":null,"amenity":null,"height_m":null,"height_source":null,"levels":null,"source":"OpenStreetMap"},"geometry":{"type":"LineString","coordinates":[[5.3680538,43.2981952],[5.3679019,43.298087],[5.3678065,43.2980379],[5.3676593,43.2979698]]}},{"type":"Feature","properties":{"osm_id":"way/202072807","name":"Rue des Moulins","building":null,"highway":"footway","tourism":null,"historic":null,"amenity":null,"height_m":null,"height_source":null,"levels":null,"source":"OpenStreetMap"},"geometry":{"type":"LineString","coordinates":[[5.367437,43.2976958],[5.367434,43.2977192]]}},{"type":"Feature","properties":{"osm_id":"way/202729633","name":"Rue Fort Notre-Dame","building":null,"highway":"tertiary","tourism":null,"historic":null,"amenity":null,"height_m":null,"height_source":null,"levels":null,"source":"OpenStreetMap"},"geometry":{"type":"LineString","coordinates":[[5.3716179,43.2921848],[5.3714892,43.2924767],[5.3712035,43.2931249],[5.3711656,43.293211],[5.371111,43.2933378]]}},{"type":"Feature","properties":{"osm_id":"way/203112865","name":"Quai de la Tourette - Boulevard Jacques Saadé","building":null,"highway":"tertiary","tourism":null,"historic":null,"amenity":null,"height_m":null,"height_source":null,"levels":null,"source":"OpenStreetMap"},"geometry":{"type":"LineString","coordinates":[[5.3628754,43.2970008],[5.3629617,43.2972938],[5.3630269,43.2975153],[5.3631209,43.2978114],[5.3631816,43.298012]]}},{"type":"Feature","properties":{"osm_id":"way/203112866","name":"Promenade Robert Laffont","building":null,"highway":"service","tourism":null,"historic":null,"amenity":null,"height_m":null,"height_source":null,"levels":null,"source":"OpenStreetMap"},"geometry":{"type":"LineString","coordinates":[[5.3633646,43.2986273],[5.3633291,43.2986106],[5.3631978,43.2985488],[5.363116,43.2985083],[5.3629195,43.2984258],[5.362839,43.2983896],[5.3625051,43.2982394]]}},{"type":"Feature","properties":{"osm_id":"way/203133619","name":"Rue de l'Argentière","building":null,"highway":"pedestrian","tourism":null,"historic":null,"amenity":null,"height_m":null,"height_source":null,"levels":null,"source":"OpenStreetMap"},"geometry":{"type":"LineString","coordinates":[[5.3650138,43.2975723],[5.365077,43.2976777]]}},{"type":"Feature","properties":{"osm_id":"way/203133620","name":"Rue de l'Argentière","building":null,"highway":"pedestrian","tourism":null,"historic":null,"amenity":null,"height_m":null,"height_source":null,"levels":null,"source":"OpenStreetMap"},"geometry":{"type":"LineString","coordinates":[[5.364933,43.2974389],[5.3650138,43.2975723]]}},{"type":"Feature","properties":{"osm_id":"way/203133621","name":"Traverse Beaussenque","building":null,"highway":"pedestrian","tourism":null,"historic":null,"amenity":null,"height_m":null,"height_source":null,"levels":null,"source":"OpenStreetMap"},"geometry":{"type":"LineString","coordinates":[[5.3668202,43.2988957],[5.3669318,43.2988808],[5.3672141,43.2988431],[5.3672359,43.29884]]}},{"type":"Feature","properties":{"osm_id":"way/217280712","name":"Rue Puits Baussenque","building":null,"highway":"pedestrian","tourism":null,"historic":null,"amenity":null,"height_m":null,"height_source":null,"levels":null,"source":"OpenStreetMap"},"geometry":{"type":"LineString","coordinates":[[5.3664836,43.2979073],[5.3672415,43.2978253]]}},{"type":"Feature","properties":{"osm_id":"way/217280713","name":"Rue Sainte-Françoise","building":null,"highway":"pedestrian","tourism":null,"historic":null,"amenity":null,"height_m":null,"height_source":null,"levels":null,"source":"OpenStreetMap"},"geometry":{"type":"LineString","coordinates":[[5.366137,43.2977762],[5.3661925,43.2979389],[5.3663238,43.2983312]]}},{"type":"Feature","properties":{"osm_id":"way/217543018","name":"Rue Fortia","building":null,"highway":"pedestrian","tourism":null,"historic":null,"amenity":null,"height_m":null,"height_source":null,"levels":null,"source":"OpenStreetMap"},"geometry":{"type":"LineString","coordinates":[[5.3736905,43.2929527],[5.3735073,43.2933845],[5.3733281,43.2937863],[5.3733103,43.2938262],[5.3733026,43.2938436],[5.3732958,43.2938591]]}},{"type":"Feature","properties":{"osm_id":"way/226363785","name":null,"building":null,"highway":"footway","tourism":null,"historic":null,"amenity":null,"height_m":null,"height_source":null,"levels":null,"source":"OpenStreetMap"},"geometry":{"type":"LineString","coordinates":[[5.3618081,43.295787],[5.3618358,43.2957927],[5.3617941,43.2958825],[5.3618507,43.2959103],[5.3619348,43.2959493],[5.3620606,43.2960076]]}},{"type":"Feature","properties":{"osm_id":"way/226407347","name":null,"building":null,"highway":"footway","tourism":null,"historic":null,"amenity":null,"height_m":null,"height_source":null,"levels":null,"source":"OpenStreetMap"},"geometry":{"type":"LineString","coordinates":[[5.362312,43.2954799],[5.3628222,43.295597],[5.3631514,43.2956687]]}},{"type":"Feature","properties":{"osm_id":"way/226407350","name":null,"building":null,"highway":"footway","tourism":null,"historic":null,"amenity":null,"height_m":null,"height_source":null,"levels":null,"source":"OpenStreetMap"},"geometry":{"type":"LineString","coordinates":[[5.3618133,43.2954157],[5.3617243,43.2953758],[5.3616856,43.2953567],[5.3615562,43.295299],[5.3612707,43.2956248]]}},{"type":"Feature","properties":{"osm_id":"way/226407351","name":null,"building":null,"highway":"footway","tourism":null,"historic":null,"amenity":null,"height_m":null,"height_source":null,"levels":null,"source":"OpenStreetMap"},"geometry":{"type":"LineString","coordinates":[[5.3625296,43.2947323],[5.36251,43.2948008],[5.3624219,43.2951079]]}},{"type":"Feature","properties":{"osm_id":"way/226407352","name":null,"building":null,"highway":"footway","tourism":null,"historic":null,"amenity":null,"height_m":null,"height_source":null,"levels":null,"source":"OpenStreetMap"},"geometry":{"type":"LineString","coordinates":[[5.3629719,43.2947842],[5.3627634,43.2948245]]}},{"type":"Feature","properties":{"osm_id":"way/226407354","name":null,"building":null,"highway":"footway","tourism":null,"historic":null,"amenity":null,"height_m":null,"height_source":null,"levels":null,"source":"OpenStreetMap"},"geometry":{"type":"LineString","coordinates":[[5.3617514,43.2957744],[5.3614782,43.2957797],[5.3614279,43.2957804],[5.3613214,43.2957314],[5.3612221,43.2956862]]}},{"type":"Feature","properties":{"osm_id":"way/226429451","name":null,"building":null,"highway":"footway","tourism":null,"historic":null,"amenity":null,"height_m":null,"height_source":null,"levels":null,"source":"OpenStreetMap"},"geometry":{"type":"LineString","coordinates":[[5.3612707,43.2956248],[5.3612592,43.2956397],[5.3612221,43.2956862],[5.361193,43.2957209]]}},{"type":"Feature","properties":{"osm_id":"way/227965587","name":null,"building":null,"highway":"footway","tourism":null,"historic":null,"amenity":null,"height_m":null,"height_source":null,"levels":null,"source":"OpenStreetMap"},"geometry":{"type":"LineString","coordinates":[[5.3618358,43.2957927],[5.3620051,43.2954658]]}},{"type":"Feature","properties":{"osm_id":"way/227965588","name":null,"building":null,"highway":"footway","tourism":null,"historic":null,"amenity":null,"height_m":null,"height_source":null,"levels":null,"source":"OpenStreetMap"},"geometry":{"type":"LineString","coordinates":[[5.362112,43.295805],[5.3620814,43.295812],[5.3620172,43.2958042]]}},{"type":"Feature","properties":{"osm_id":"way/227965589","name":null,"building":null,"highway":"footway","tourism":null,"historic":null,"amenity":null,"height_m":null,"height_source":null,"levels":null,"source":"OpenStreetMap"},"geometry":{"type":"LineString","coordinates":[[5.3621572,43.2958849],[5.3621193,43.2959082]]}},{"type":"Feature","properties":{"osm_id":"way/227965591","name":null,"building":null,"highway":"footway","tourism":null,"historic":null,"amenity":null,"height_m":null,"height_source":null,"levels":null,"source":"OpenStreetMap"},"geometry":{"type":"LineString","coordinates":[[5.3620519,43.2954648],[5.3620397,43.2954622],[5.3620103,43.2954558],[5.3619905,43.2954515]]}},{"type":"Feature","properties":{"osm_id":"way/227965592","name":null,"building":null,"highway":"footway","tourism":null,"historic":null,"amenity":null,"height_m":null,"height_source":null,"levels":null,"source":"OpenStreetMap"},"geometry":{"type":"LineString","coordinates":[[5.3621431,43.2954828],[5.3621561,43.2954521],[5.3621956,43.295426],[5.3622129,43.2953871],[5.3622285,43.2953524],[5.3622337,43.2953417]]}},{"type":"Feature","properties":{"osm_id":"way/227965594","name":null,"building":null,"highway":"footway","tourism":null,"historic":null,"amenity":null,"height_m":null,"height_source":null,"levels":null,"source":"OpenStreetMap"},"geometry":{"type":"LineString","coordinates":[[5.3620043,43.2958483],[5.3620172,43.2958042],[5.3621392,43.2954929]]}},{"type":"Feature","properties":{"osm_id":"way/227965598","name":"Montée des Canons","building":null,"highway":"footway","tourism":null,"historic":null,"amenity":null,"height_m":null,"height_source":null,"levels":null,"source":"OpenStreetMap"},"geometry":{"type":"LineString","coordinates":[[5.3623836,43.2951813],[5.3622371,43.2954612]]}},{"type":"Feature","properties":{"osm_id":"way/227995931","name":null,"building":null,"highway":"footway","tourism":null,"historic":null,"amenity":null,"height_m":null,"height_source":null,"levels":null,"source":"OpenStreetMap"},"geometry":{"type":"LineString","coordinates":[[5.3617244,43.2952554],[5.3616915,43.2952164],[5.3616969,43.2951893]]}},{"type":"Feature","properties":{"osm_id":"way/228041183","name":null,"building":null,"highway":"footway","tourism":null,"historic":null,"amenity":null,"height_m":null,"height_source":null,"levels":null,"source":"OpenStreetMap"},"geometry":{"type":"LineString","coordinates":[[5.3625622,43.296635],[5.3624963,43.2966438],[5.3626082,43.2970184]]}},{"type":"Feature","properties":{"osm_id":"way/228041184","name":null,"building":null,"highway":"footway","tourism":null,"historic":null,"amenity":null,"height_m":null,"height_source":null,"levels":null,"source":"OpenStreetMap"},"geometry":{"type":"LineString","coordinates":[[5.3604781,43.2968394],[5.3608984,43.2963474],[5.3611535,43.2964612],[5.3610731,43.2965733]]}},{"type":"Feature","properties":{"osm_id":"way/228041186","name":null,"building":null,"highway":"footway","tourism":null,"historic":null,"amenity":null,"height_m":null,"height_source":null,"levels":null,"source":"OpenStreetMap"},"geometry":{"type":"LineString","coordinates":[[5.3620377,43.2954724],[5.3620167,43.2955777],[5.3619641,43.2958409]]}},{"type":"Feature","properties":{"osm_id":"way/228041189","name":null,"building":null,"highway":"footway","tourism":null,"historic":null,"amenity":null,"height_m":null,"height_source":null,"levels":null,"source":"OpenStreetMap"},"geometry":{"type":"LineString","coordinates":[[5.3614782,43.2957797],[5.3615655,43.2956849],[5.3618133,43.2954157]]}},{"type":"Feature","properties":{"osm_id":"way/228041190","name":null,"building":null,"highway":"footway","tourism":null,"historic":null,"amenity":null,"height_m":null,"height_source":null,"levels":null,"source":"OpenStreetMap"},"geometry":{"type":"LineString","coordinates":[[5.3629209,43.2979106],[5.3627477,43.297355],[5.3627519,43.2973202],[5.3626667,43.2970304],[5.3625876,43.2967309],[5.3625622,43.296635],[5.3625561,43.2966132]]}},{"type":"Feature","properties":{"osm_id":"way/228041191","name":null,"building":null,"highway":"footway","tourism":null,"historic":null,"amenity":null,"height_m":null,"height_source":null,"levels":null,"source":"OpenStreetMap"},"geometry":{"type":"LineString","coordinates":[[5.361922,43.2954377],[5.3619015,43.2954332]]}},{"type":"Feature","properties":{"osm_id":"way/228267232","name":"Rue Fortia","building":null,"highway":"pedestrian","tourism":null,"historic":null,"amenity":null,"height_m":null,"height_source":null,"levels":null,"source":"OpenStreetMap"},"geometry":{"type":"LineString","coordinates":[[5.373961,43.2923264],[5.3738235,43.2926456]]}},{"type":"Feature","properties":{"osm_id":"way/228826045","name":null,"building":null,"highway":"footway","tourism":null,"historic":null,"amenity":null,"height_m":null,"height_source":null,"levels":null,"source":"OpenStreetMap"},"geometry":{"type":"LineString","coordinates":[[5.3616794,43.2953171],[5.3615101,43.2951915]]}},{"type":"Feature","properties":{"osm_id":"way/228826046","name":null,"building":null,"highway":"footway","tourism":null,"historic":null,"amenity":null,"height_m":null,"height_source":null,"levels":null,"source":"OpenStreetMap"},"geometry":{"type":"LineString","coordinates":[[5.3619137,43.2951989],[5.3619016,43.2951946]]}},{"type":"Feature","properties":{"osm_id":"way/228826047","name":null,"building":null,"highway":"footway","tourism":null,"historic":null,"amenity":null,"height_m":null,"height_source":null,"levels":null,"source":"OpenStreetMap"},"geometry":{"type":"LineString","coordinates":[[5.3618238,43.2951246],[5.3618065,43.2951325],[5.3617514,43.2951216]]}},{"type":"Feature","properties":{"osm_id":"way/228826048","name":null,"building":null,"highway":"footway","tourism":null,"historic":null,"amenity":null,"height_m":null,"height_source":null,"levels":null,"source":"OpenStreetMap"},"geometry":{"type":"LineString","coordinates":[[5.3618133,43.2954157],[5.3618322,43.295376]]}},{"type":"Feature","properties":{"osm_id":"way/228826051","name":null,"building":null,"highway":"footway","tourism":null,"historic":null,"amenity":null,"height_m":null,"height_source":null,"levels":null,"source":"OpenStreetMap"},"geometry":{"type":"LineString","coordinates":[[5.3615101,43.2951915],[5.3615039,43.2951866]]}},{"type":"Feature","properties":{"osm_id":"way/228826054","name":null,"building":null,"highway":"footway","tourism":null,"historic":null,"amenity":null,"height_m":null,"height_source":null,"levels":null,"source":"OpenStreetMap"},"geometry":{"type":"LineString","coordinates":[[5.3620375,43.2948832],[5.3621387,43.2948109],[5.3623623,43.2947832],[5.3624382,43.2947431]]}},{"type":"Feature","properties":{"osm_id":"way/228826055","name":null,"building":null,"highway":"footway","tourism":null,"historic":null,"amenity":null,"height_m":null,"height_source":null,"levels":null,"source":"OpenStreetMap"},"geometry":{"type":"LineString","coordinates":[[5.3617298,43.2953523],[5.3617112,43.2953391],[5.3616794,43.2953171]]}},{"type":"Feature","properties":{"osm_id":"way/228942254","name":null,"building":null,"highway":"footway","tourism":null,"historic":null,"amenity":null,"height_m":null,"height_source":null,"levels":null,"source":"OpenStreetMap"},"geometry":{"type":"LineString","coordinates":[[5.3615783,43.2951983],[5.3615415,43.2952171],[5.361522,43.2952398]]}},{"type":"Feature","properties":{"osm_id":"way/228942256","name":null,"building":null,"highway":"footway","tourism":null,"historic":null,"amenity":null,"height_m":null,"height_source":null,"levels":null,"source":"OpenStreetMap"},"geometry":{"type":"LineString","coordinates":[[5.3615072,43.2952593],[5.3612214,43.2956022]]}},{"type":"Feature","properties":{"osm_id":"way/228942259","name":null,"building":null,"highway":"footway","tourism":null,"historic":null,"amenity":null,"height_m":null,"height_source":null,"levels":null,"source":"OpenStreetMap"},"geometry":{"type":"LineString","coordinates":[[5.3620302,43.294974],[5.362049,43.2949668],[5.3620623,43.2949726],[5.3624376,43.2951279]]}},{"type":"Feature","properties":{"osm_id":"way/228942260","name":null,"building":null,"highway":"footway","tourism":null,"historic":null,"amenity":null,"height_m":null,"height_source":null,"levels":null,"source":"OpenStreetMap"},"geometry":{"type":"LineString","coordinates":[[5.3621214,43.295311],[5.3618888,43.2952571]]}},{"type":"Feature","properties":{"osm_id":"way/229457476","name":null,"building":null,"highway":"footway","tourism":null,"historic":null,"amenity":null,"height_m":null,"height_source":null,"levels":null,"source":"OpenStreetMap"},"geometry":{"type":"LineString","coordinates":[[5.3622383,43.2961713],[5.3622964,43.296206],[5.3623107,43.296208],[5.3623322,43.2962036],[5.3623422,43.2961792],[5.3623355,43.2961596],[5.362306,43.2961406],[5.3622946,43.2960903],[5.3622926,43.2960264],[5.3623074,43.2959986],[5.3623302,43.2959869],[5.3623326,43.295946],[5.3623285,43.2959227],[5.3622658,43.2958649],[5.3622356,43.2958512],[5.3622162,43.2958527],[5.3621941,43.2958619]]}},{"type":"Feature","properties":{"osm_id":"way/229653342","name":null,"building":null,"highway":"service","tourism":null,"historic":null,"amenity":null,"height_m":null,"height_source":null,"levels":null,"source":"OpenStreetMap"},"geometry":{"type":"LineString","coordinates":[[5.3625051,43.2982394],[5.3621001,43.2980559]]}},{"type":"Feature","properties":{"osm_id":"way/229653343","name":null,"building":null,"highway":"service","tourism":null,"historic":null,"amenity":null,"height_m":null,"height_source":null,"levels":null,"source":"OpenStreetMap"},"geometry":{"type":"LineString","coordinates":[[5.3632113,43.2976881],[5.3630554,43.2975713],[5.3629132,43.2975342],[5.3627067,43.2975245],[5.3625681,43.2975474],[5.3624599,43.2975948],[5.3622207,43.2978957],[5.3621001,43.2980559]]}},{"type":"Feature","properties":{"osm_id":"way/230761873","name":null,"building":null,"highway":"footway","tourism":null,"historic":null,"amenity":null,"height_m":null,"height_source":null,"levels":null,"source":"OpenStreetMap"},"geometry":{"type":"LineString","coordinates":[[5.3623768,43.2963997],[5.3624085,43.296513],[5.3625479,43.2969889]]}},{"type":"Feature","properties":{"osm_id":"way/232715149","name":"Quai de la Fraternité","building":null,"highway":"pedestrian","tourism":null,"historic":null,"amenity":null,"height_m":null,"height_source":null,"levels":null,"source":"OpenStreetMap"},"geometry":{"type":"LineString","coordinates":[[5.37425,43.2942623],[5.373998,43.2943591],[5.3739749,43.2944343],[5.3739724,43.2944424],[5.3739691,43.2944531],[5.3739199,43.2946131],[5.3739117,43.2946361],[5.3739066,43.2946527],[5.3738577,43.2948156],[5.3738199,43.294809],[5.3737518,43.295049],[5.3736901,43.2952552],[5.3737241,43.2952615],[5.3735247,43.2958999],[5.3736012,43.2961006],[5.373687,43.2960786],[5.3740042,43.2959859],[5.374082,43.2959224],[5.3741555,43.2958137],[5.3741595,43.2957961],[5.3741739,43.2957481],[5.3741028,43.2957393],[5.3741142,43.2956872],[5.374122,43.2956513],[5.374149,43.2955279],[5.3741605,43.2954753],[5.3742309,43.2954821],[5.3742396,43.2954446],[5.3742422,43.2954305],[5.3742731,43.2952616],[5.3742921,43.2951551],[5.3743156,43.295043],[5.374283,43.29504],[5.3743355,43.2947773],[5.3743719,43.2947758],[5.374408,43.2945893],[5.3744208,43.2945356],[5.3744283,43.2944888],[5.374429,43.2944464],[5.374417,43.2944039],[5.3743955,43.2943643],[5.3743603,43.2943287],[5.3743203,43.2943004],[5.3742936,43.2942828],[5.37425,43.2942623]]}},{"type":"Feature","properties":{"osm_id":"way/232811269","name":"Place des Augustines","building":null,"highway":"pedestrian","tourism":null,"historic":null,"amenity":null,"height_m":null,"height_source":null,"levels":null,"source":"OpenStreetMap"},"geometry":{"type":"LineString","coordinates":[[5.368783,43.2974281],[5.3687803,43.2973997],[5.3687789,43.2973857],[5.3685736,43.2972408],[5.3685399,43.2972242],[5.3685308,43.2972455],[5.3685131,43.2972852],[5.3685018,43.2973105],[5.3684769,43.297366],[5.3684649,43.2973926],[5.3684575,43.2974085],[5.3684537,43.2974177],[5.3684497,43.2974279],[5.3684519,43.2974287],[5.3684763,43.2974342],[5.368526,43.2974453],[5.3685284,43.2974452],[5.3685866,43.2974167],[5.3686297,43.2973956],[5.3686448,43.2973879],[5.3687011,43.2974043],[5.3687453,43.2974172],[5.368783,43.2974281]]}},{"type":"Feature","properties":{"osm_id":"way/255597835","name":null,"building":null,"highway":"footway","tourism":null,"historic":null,"amenity":null,"height_m":null,"height_source":null,"levels":null,"source":"OpenStreetMap"},"geometry":{"type":"LineString","coordinates":[[5.3743482,43.2972424],[5.3744914,43.2972363],[5.3745077,43.2972438],[5.3745467,43.2972835],[5.3746434,43.2973987],[5.374667,43.2974216],[5.374689,43.2974398],[5.374852,43.2976013],[5.3749311,43.2976797],[5.375019,43.2977902]]}},{"type":"Feature","properties":{"osm_id":"way/255597836","name":null,"building":null,"highway":"service","tourism":null,"historic":null,"amenity":null,"height_m":null,"height_source":null,"levels":null,"source":"OpenStreetMap"},"geometry":{"type":"LineString","coordinates":[[5.3742662,43.2973468],[5.3743467,43.2974523],[5.3743418,43.2976043],[5.3743386,43.2977144]]}},{"type":"Feature","properties":{"osm_id":"way/257411269","name":"Quai aux Chaînes","building":null,"highway":"service","tourism":null,"historic":null,"amenity":null,"height_m":null,"height_source":null,"levels":null,"source":"OpenStreetMap"},"geometry":{"type":"LineString","coordinates":[[5.3623354,43.2937447],[5.3622963,43.2937392],[5.3622773,43.29373],[5.3622627,43.2937195],[5.3622502,43.2937047],[5.3622326,43.293681],[5.36221,43.2936425],[5.3620538,43.293362]]}},{"type":"Feature","properties":{"osm_id":"way/273247777","name":"Quai de la Tourette - Boulevard Jacques Saadé","building":null,"highway":"tertiary","tourism":null,"historic":null,"amenity":null,"height_m":null,"height_source":null,"levels":null,"source":"OpenStreetMap"},"geometry":{"type":"LineString","coordinates":[[5.3635176,43.298978],[5.3636969,43.2995129],[5.3638226,43.2998542],[5.3638613,43.2999867],[5.3638715,43.3000202],[5.364064,43.3006797],[5.3641287,43.3009133],[5.3641373,43.3009406],[5.3641799,43.3010753]]}},{"type":"Feature","properties":{"osm_id":"way/273247927","name":"Quai de la Tourette - Boulevard Jacques Saadé","building":null,"highway":"tertiary","tourism":null,"historic":null,"amenity":null,"height_m":null,"height_source":null,"levels":null,"source":"OpenStreetMap"},"geometry":{"type":"LineString","coordinates":[[5.3632521,43.2987401],[5.3631978,43.2985488],[5.3631649,43.2984395],[5.3631313,43.2983319],[5.3630818,43.298173],[5.363016,43.2979392]]}},{"type":"Feature","properties":{"osm_id":"way/273247928","name":"Quai de la Tourette - Boulevard Jacques Saadé","building":null,"highway":"tertiary","tourism":null,"historic":null,"amenity":null,"height_m":null,"height_source":null,"levels":null,"source":"OpenStreetMap"},"geometry":{"type":"LineString","coordinates":[[5.363016,43.2979392],[5.362977,43.2978109],[5.3628306,43.2973299],[5.3627337,43.2970217],[5.362695,43.2968872]]}},{"type":"Feature","properties":{"osm_id":"way/273248246","name":"Quai de la Tourette - Boulevard Jacques Saadé","building":null,"highway":"tertiary","tourism":null,"historic":null,"amenity":null,"height_m":null,"height_source":null,"levels":null,"source":"OpenStreetMap"},"geometry":{"type":"LineString","coordinates":[[5.363415,43.2988108],[5.3634633,43.2988915],[5.3635176,43.298978]]}},{"type":"Feature","properties":{"osm_id":"way/273248248","name":"Quai de la Tourette - Boulevard Jacques Saadé","building":null,"highway":"tertiary","tourism":null,"historic":null,"amenity":null,"height_m":null,"height_source":null,"levels":null,"source":"OpenStreetMap"},"geometry":{"type":"LineString","coordinates":[[5.3631816,43.298012],[5.3631896,43.2980379],[5.3632246,43.2981516],[5.3632737,43.2983111],[5.3633646,43.2986273],[5.363415,43.2988108]]}},{"type":"Feature","properties":{"osm_id":"way/308921880","name":"Avenue Vaudoyer","building":null,"highway":"tertiary","tourism":null,"historic":null,"amenity":null,"height_m":null,"height_source":null,"levels":null,"source":"OpenStreetMap"},"geometry":{"type":"LineString","coordinates":[[5.3626836,43.2968371],[5.3626942,43.296812],[5.3627148,43.2967905],[5.3627435,43.2967746],[5.3627774,43.2967658],[5.3628135,43.2967651],[5.3628481,43.2967724],[5.3628779,43.296787]]}},{"type":"Feature","properties":{"osm_id":"way/308965439","name":null,"building":null,"highway":"service","tourism":null,"historic":null,"amenity":null,"height_m":null,"height_source":null,"levels":null,"source":"OpenStreetMap"},"geometry":{"type":"LineString","coordinates":[[5.362977,43.2978109],[5.3629168,43.2977956],[5.3627912,43.2973667],[5.3628306,43.2973299]]}},{"type":"Feature","properties":{"osm_id":"way/343949471","name":null,"building":null,"highway":"footway","tourism":null,"historic":null,"amenity":null,"height_m":null,"height_source":null,"levels":null,"source":"OpenStreetMap"},"geometry":{"type":"LineString","coordinates":[[5.3611702,43.2957362],[5.361147,43.2957392],[5.3611041,43.2957314],[5.3610639,43.295707],[5.3610491,43.2956777],[5.3610545,43.2956455],[5.3610788,43.2956132],[5.3611055,43.2955957],[5.3611443,43.2955859],[5.3611738,43.2955801],[5.3615039,43.2951866],[5.3620255,43.2949563],[5.3620417,43.2949455],[5.3620335,43.2949319],[5.3620108,43.2949026]]}},{"type":"Feature","properties":{"osm_id":"way/343949473","name":null,"building":null,"highway":"footway","tourism":null,"historic":null,"amenity":null,"height_m":null,"height_source":null,"levels":null,"source":"OpenStreetMap"},"geometry":{"type":"LineString","coordinates":[[5.3619641,43.2958409],[5.3619691,43.2958418],[5.3620043,43.2958483],[5.3620539,43.2958658],[5.3620968,43.2958912],[5.3621193,43.2959082],[5.3622146,43.2959822],[5.3622339,43.2961351]]}},{"type":"Feature","properties":{"osm_id":"way/343949475","name":null,"building":null,"highway":"footway","tourism":null,"historic":null,"amenity":null,"height_m":null,"height_source":null,"levels":null,"source":"OpenStreetMap"},"geometry":{"type":"LineString","coordinates":[[5.3617638,43.2959737],[5.3617983,43.2959335],[5.3619051,43.2959821],[5.3619932,43.2960222],[5.3619587,43.2960624],[5.3619253,43.2960472],[5.3618387,43.2960077],[5.3617638,43.2959737]]}},{"type":"Feature","properties":{"osm_id":"way/343949476","name":null,"building":null,"highway":"footway","tourism":null,"historic":null,"amenity":null,"height_m":null,"height_source":null,"levels":null,"source":"OpenStreetMap"},"geometry":{"type":"LineString","coordinates":[[5.3618769,43.2958745],[5.3619741,43.2956222],[5.3619808,43.2955866],[5.3620009,43.2955807],[5.3620167,43.2955777]]}},{"type":"Feature","properties":{"osm_id":"way/343960932","name":null,"building":null,"highway":"footway","tourism":null,"historic":null,"amenity":null,"height_m":null,"height_source":null,"levels":null,"source":"OpenStreetMap"},"geometry":{"type":"LineString","coordinates":[[5.362186,43.2957754],[5.362112,43.295805]]}},{"type":"Feature","properties":{"osm_id":"way/343960935","name":null,"building":null,"highway":"footway","tourism":null,"historic":null,"amenity":null,"height_m":null,"height_source":null,"levels":null,"source":"OpenStreetMap"},"geometry":{"type":"LineString","coordinates":[[5.3619224,43.2951779],[5.3622477,43.2952549],[5.3622993,43.2951866],[5.3623248,43.2951939],[5.3623131,43.295217]]}},{"type":"Feature","properties":{"osm_id":"way/343960936","name":null,"building":null,"highway":"footway","tourism":null,"historic":null,"amenity":null,"height_m":null,"height_source":null,"levels":null,"source":"OpenStreetMap"},"geometry":{"type":"LineString","coordinates":[[5.3622072,43.2954287],[5.3623118,43.2954537]]}},{"type":"Feature","properties":{"osm_id":"way/343960937","name":null,"building":null,"highway":"footway","tourism":null,"historic":null,"amenity":null,"height_m":null,"height_source":null,"levels":null,"source":"OpenStreetMap"},"geometry":{"type":"LineString","coordinates":[[5.3627723,43.2949504],[5.3627851,43.2948402],[5.3627908,43.294787],[5.362821,43.2947836],[5.3628441,43.2947624]]}},{"type":"Feature","properties":{"osm_id":"way/343960940","name":null,"building":null,"highway":"footway","tourism":null,"historic":null,"amenity":null,"height_m":null,"height_source":null,"levels":null,"source":"OpenStreetMap"},"geometry":{"type":"LineString","coordinates":[[5.3625092,43.2951578],[5.3625515,43.2951349],[5.3625654,43.2951215]]}},{"type":"Feature","properties":{"osm_id":"way/343960941","name":null,"building":null,"highway":"footway","tourism":null,"historic":null,"amenity":null,"height_m":null,"height_source":null,"levels":null,"source":"OpenStreetMap"},"geometry":{"type":"LineString","coordinates":[[5.3625494,43.2952569],[5.362583,43.2952134],[5.3625957,43.2952003],[5.3626031,43.2951793],[5.3626272,43.2951705],[5.3626413,43.2951554],[5.3626507,43.2951436],[5.3626527,43.295128],[5.3626748,43.2950719]]}},{"type":"Feature","properties":{"osm_id":"way/343960943","name":null,"building":null,"highway":"footway","tourism":null,"historic":null,"amenity":null,"height_m":null,"height_source":null,"levels":null,"source":"OpenStreetMap"},"geometry":{"type":"LineString","coordinates":[[5.3625838,43.2951501],[5.3625515,43.2951349]]}},{"type":"Feature","properties":{"osm_id":"way/343960944","name":null,"building":null,"highway":"footway","tourism":null,"historic":null,"amenity":null,"height_m":null,"height_source":null,"levels":null,"source":"OpenStreetMap"},"geometry":{"type":"LineString","coordinates":[[5.3626869,43.2950582],[5.3626916,43.295048],[5.3626802,43.2950416],[5.3625959,43.2951358]]}},{"type":"Feature","properties":{"osm_id":"way/343960946","name":null,"building":null,"highway":"footway","tourism":null,"historic":null,"amenity":null,"height_m":null,"height_source":null,"levels":null,"source":"OpenStreetMap"},"geometry":{"type":"LineString","coordinates":[[5.3625723,43.2951651],[5.3625477,43.2951944]]}},{"type":"Feature","properties":{"osm_id":"way/343960947","name":null,"building":null,"highway":"footway","tourism":null,"historic":null,"amenity":null,"height_m":null,"height_source":null,"levels":null,"source":"OpenStreetMap"},"geometry":{"type":"LineString","coordinates":[[5.362536,43.2952081],[5.362534,43.2952144],[5.362583,43.2952134]]}},{"type":"Feature","properties":{"osm_id":"way/343960949","name":null,"building":null,"highway":"footway","tourism":null,"historic":null,"amenity":null,"height_m":null,"height_source":null,"levels":null,"source":"OpenStreetMap"},"geometry":{"type":"LineString","coordinates":[[5.3626031,43.2951793],[5.3626044,43.2951612],[5.3626286,43.2951344],[5.3626527,43.295128]]}},{"type":"Feature","properties":{"osm_id":"way/343960950","name":null,"building":null,"highway":"footway","tourism":null,"historic":null,"amenity":null,"height_m":null,"height_source":null,"levels":null,"source":"OpenStreetMap"},"geometry":{"type":"LineString","coordinates":[[5.3626953,43.2950227],[5.3627432,43.2950392]]}},{"type":"Feature","properties":{"osm_id":"way/343960951","name":null,"building":null,"highway":"footway","tourism":null,"historic":null,"amenity":null,"height_m":null,"height_source":null,"levels":null,"source":"OpenStreetMap"},"geometry":{"type":"LineString","coordinates":[[5.362819,43.2950695],[5.3628317,43.2950743],[5.3628445,43.2950739],[5.3630135,43.294903],[5.3630168,43.2948879],[5.3629518,43.2947966],[5.3629377,43.2947752],[5.362929,43.2947708],[5.3629149,43.2947708]]}},{"type":"Feature","properties":{"osm_id":"way/343960952","name":null,"building":null,"highway":"footway","tourism":null,"historic":null,"amenity":null,"height_m":null,"height_source":null,"levels":null,"source":"OpenStreetMap"},"geometry":{"type":"LineString","coordinates":[[5.3627432,43.2950392],[5.362819,43.2950695]]}},{"type":"Feature","properties":{"osm_id":"way/343960953","name":null,"building":null,"highway":"footway","tourism":null,"historic":null,"amenity":null,"height_m":null,"height_source":null,"levels":null,"source":"OpenStreetMap"},"geometry":{"type":"LineString","coordinates":[[5.3628586,43.2947802],[5.362821,43.2947836]]}},{"type":"Feature","properties":{"osm_id":"way/343960954","name":null,"building":null,"highway":"footway","tourism":null,"historic":null,"amenity":null,"height_m":null,"height_source":null,"levels":null,"source":"OpenStreetMap"},"geometry":{"type":"LineString","coordinates":[[5.3629149,43.2947708],[5.3628586,43.2947802]]}},{"type":"Feature","properties":{"osm_id":"way/343960955","name":null,"building":null,"highway":"footway","tourism":null,"historic":null,"amenity":null,"height_m":null,"height_source":null,"levels":null,"source":"OpenStreetMap"},"geometry":{"type":"LineString","coordinates":[[5.3616221,43.2966118],[5.3608825,43.2962781],[5.3603908,43.2968536]]}},{"type":"Feature","properties":{"osm_id":"way/343960963","name":null,"building":null,"highway":"footway","tourism":null,"historic":null,"amenity":null,"height_m":null,"height_source":null,"levels":null,"source":"OpenStreetMap"},"geometry":{"type":"LineString","coordinates":[[5.3626667,43.2970304],[5.3627337,43.2970217],[5.3628754,43.2970008],[5.3629126,43.2969958]]}},{"type":"Feature","properties":{"osm_id":"way/343960964","name":null,"building":null,"highway":"footway","tourism":null,"historic":null,"amenity":null,"height_m":null,"height_source":null,"levels":null,"source":"OpenStreetMap"},"geometry":{"type":"LineString","coordinates":[[5.3632628,43.2972311],[5.3632374,43.2972858],[5.3633473,43.2976606],[5.3634841,43.2981056],[5.3634967,43.2981364],[5.3635035,43.2981564],[5.3634512,43.2982296],[5.3633092,43.298306]]}},{"type":"Feature","properties":{"osm_id":"way/344101634","name":"Place Albert Londres","building":null,"highway":"pedestrian","tourism":null,"historic":null,"amenity":null,"height_m":null,"height_source":null,"levels":null,"source":"OpenStreetMap"},"geometry":{"type":"LineString","coordinates":[[5.3642606,43.2989289],[5.3641893,43.2989404],[5.3637948,43.2990037],[5.3637432,43.2990137],[5.3636444,43.2990305],[5.3635954,43.2988699],[5.3635465,43.2988753],[5.3635357,43.2988655],[5.3634727,43.2988382],[5.3634633,43.298825],[5.3633092,43.298306],[5.3632616,43.2981457],[5.3632367,43.2980617],[5.3632581,43.2980585],[5.3632856,43.2980544],[5.3633761,43.2980964],[5.3634707,43.2981403],[5.3634967,43.2981364],[5.3635493,43.2981286],[5.3635551,43.2981478],[5.3635866,43.2982523],[5.3635584,43.2982886],[5.3635359,43.2983179],[5.363811,43.2984432],[5.3641694,43.2986044],[5.3642606,43.2989289]]}},{"type":"Feature","properties":{"osm_id":"way/344101635","name":"Avenue Vaudoyer","building":null,"highway":"residential","tourism":null,"historic":null,"amenity":null,"height_m":null,"height_source":null,"levels":null,"source":"OpenStreetMap"},"geometry":{"type":"LineString","coordinates":[[5.3644801,43.29847],[5.3645557,43.2984273],[5.3645726,43.298417],[5.3645864,43.2984057],[5.3645992,43.2983888],[5.3646059,43.2983752],[5.3646054,43.2983392],[5.364583,43.2982925]]}},{"type":"Feature","properties":{"osm_id":"way/344101636","name":"Esplanade de la Tourette","building":null,"highway":"residential","tourism":null,"historic":null,"amenity":null,"height_m":null,"height_source":null,"levels":null,"source":"OpenStreetMap"},"geometry":{"type":"LineString","coordinates":[[5.364583,43.2982925],[5.3646295,43.2983575],[5.364638,43.2983993],[5.3646515,43.2985528]]}},{"type":"Feature","properties":{"osm_id":"way/344101638","name":null,"building":null,"highway":"service","tourism":null,"historic":null,"amenity":null,"height_m":null,"height_source":null,"levels":null,"source":"OpenStreetMap"},"geometry":{"type":"LineString","coordinates":[[5.3590281,43.2979168],[5.3593071,43.2975898],[5.3593929,43.2974981],[5.3594653,43.2974746],[5.359519,43.2974844],[5.3606898,43.2979949],[5.3615494,43.2983716],[5.3616124,43.2982769],[5.3616661,43.2982194],[5.3617039,43.2982005],[5.36176,43.298195],[5.3618221,43.2981929],[5.3618837,43.2982051],[5.3620657,43.2982857],[5.3622216,43.2983472],[5.3623809,43.2983902],[5.3627014,43.2985307],[5.3629884,43.2986762],[5.3630742,43.2987425],[5.3631395,43.2987691],[5.3631523,43.2987699],[5.3631897,43.2987723],[5.3632776,43.2988079],[5.3634633,43.2988915]]}},{"type":"Feature","properties":{"osm_id":"way/344101643","name":"Promenade Robert Laffont","building":null,"highway":"pedestrian","tourism":null,"historic":null,"amenity":null,"height_m":null,"height_source":null,"levels":null,"source":"OpenStreetMap"},"geometry":{"type":"LineString","coordinates":[[5.359387,43.2973224],[5.3600631,43.296564],[5.3604399,43.2967315],[5.3603463,43.2968331],[5.3603908,43.2968536],[5.360414,43.2968646],[5.3604469,43.2968254],[5.3604781,43.2968394],[5.3611321,43.2971337],[5.3611389,43.2971354],[5.3611458,43.2971362],[5.3611525,43.2971364],[5.3611577,43.2971362],[5.3611623,43.2971355],[5.3611692,43.2971339],[5.3611754,43.2971318],[5.3611814,43.2971289],[5.3611855,43.2971261],[5.3611898,43.2971227],[5.3616041,43.2966321],[5.3616221,43.2966118],[5.3616994,43.2966131],[5.3619392,43.296722],[5.361518,43.2972199],[5.3616123,43.2972638],[5.3620418,43.2974549],[5.3623043,43.2971495],[5.3624344,43.2969906],[5.3624671,43.2969547],[5.3625479,43.2969889],[5.3625882,43.2970099],[5.3626082,43.2970184],[5.3626303,43.2970279],[5.3628914,43.2979086],[5.3629209,43.2979106],[5.3629751,43.2979143],[5.3628531,43.2980651],[5.3630375,43.2981476],[5.3630467,43.2981784],[5.3630943,43.2983374],[5.3631247,43.298439],[5.3631213,43.2984487],[5.3631119,43.2984546],[5.3631025,43.298459],[5.3629564,43.2983892],[5.3625319,43.2981989],[5.3624689,43.2982706],[5.3629021,43.2984624],[5.3631307,43.2985622],[5.363167,43.2986951],[5.3631157,43.2986907],[5.3630363,43.2986553],[5.3626881,43.2984883],[5.3624324,43.2983714],[5.3623383,43.2983391],[5.3622796,43.2983242],[5.3621981,43.2982959],[5.3618254,43.298132],[5.3618003,43.2981232],[5.3612351,43.2978831],[5.361166,43.2979636],[5.3607952,43.2977982],[5.3606926,43.2979085],[5.359387,43.2973224]]}},{"type":"Feature","properties":{"osm_id":"way/350098949","name":"Place aux Huiles","building":null,"highway":"pedestrian","tourism":null,"historic":null,"amenity":null,"height_m":null,"height_source":null,"levels":null,"source":"OpenStreetMap"},"geometry":{"type":"LineString","coordinates":[[5.3718081,43.2924679],[5.3719052,43.2922528],[5.3719149,43.2922309],[5.3721833,43.292294],[5.3720772,43.2925328]]}},{"type":"Feature","properties":{"osm_id":"way/350098951","name":"Place aux Huiles","building":null,"highway":"pedestrian","tourism":null,"historic":null,"amenity":null,"height_m":null,"height_source":null,"levels":null,"source":"OpenStreetMap"},"geometry":{"type":"LineString","coordinates":[[5.3720772,43.2925328],[5.3720087,43.2925173],[5.3718841,43.2924874]]}},{"type":"Feature","properties":{"osm_id":"way/350687559","name":null,"building":null,"highway":"footway","tourism":null,"historic":null,"amenity":null,"height_m":null,"height_source":null,"levels":null,"source":"OpenStreetMap"},"geometry":{"type":"LineString","coordinates":[[5.3741595,43.2957961],[5.3742135,43.2958013],[5.3742819,43.295808],[5.3743279,43.2958125],[5.3743705,43.2958166],[5.3744082,43.2958203],[5.3744509,43.2958244]]}},{"type":"Feature","properties":{"osm_id":"way/350687584","name":null,"building":null,"highway":"footway","tourism":null,"historic":null,"amenity":null,"height_m":null,"height_source":null,"levels":null,"source":"OpenStreetMap"},"geometry":{"type":"LineString","coordinates":[[5.3742921,43.2951551],[5.3742988,43.2951557],[5.3743423,43.2951596],[5.3743843,43.2951645],[5.3743979,43.2951661],[5.3744099,43.2951674],[5.3744595,43.2951725],[5.3744867,43.2951754],[5.3744933,43.2951764]]}},{"type":"Feature","properties":{"osm_id":"way/350688457","name":null,"building":null,"highway":"footway","tourism":null,"historic":null,"amenity":null,"height_m":null,"height_source":null,"levels":null,"source":"OpenStreetMap"},"geometry":{"type":"LineString","coordinates":[[5.374408,43.2945893],[5.3744504,43.2945927],[5.3745118,43.2945997],[5.3745761,43.294606]]}},{"type":"Feature","properties":{"osm_id":"way/350689531","name":null,"building":null,"highway":"footway","tourism":null,"historic":null,"amenity":null,"height_m":null,"height_source":null,"levels":null,"source":"OpenStreetMap"},"geometry":{"type":"LineString","coordinates":[[5.3737349,43.2961787],[5.3737133,43.2961358],[5.373687,43.2960786]]}},{"type":"Feature","properties":{"osm_id":"way/358952479","name":null,"building":null,"highway":"pedestrian","tourism":null,"historic":null,"amenity":null,"height_m":null,"height_source":null,"levels":null,"source":"OpenStreetMap"},"geometry":{"type":"LineString","coordinates":[[5.3720772,43.2925328],[5.3721288,43.2925466]]}},{"type":"Feature","properties":{"osm_id":"way/358952480","name":null,"building":null,"highway":"pedestrian","tourism":null,"historic":null,"amenity":null,"height_m":null,"height_source":null,"levels":null,"source":"OpenStreetMap"},"geometry":{"type":"LineString","coordinates":[[5.3721833,43.292294],[5.3722325,43.2923069],[5.3727671,43.2924289],[5.3732841,43.2925469],[5.3738031,43.2926654],[5.374216,43.2927592],[5.3746146,43.2928506],[5.3747094,43.2928722]]}},{"type":"Feature","properties":{"osm_id":"way/361589176","name":"Rue de la République","building":null,"highway":"secondary","tourism":null,"historic":null,"amenity":null,"height_m":null,"height_source":null,"levels":null,"source":"OpenStreetMap"},"geometry":{"type":"LineString","coordinates":[[5.3717999,43.2991494],[5.3719462,43.2989727],[5.3720699,43.2988229],[5.3721854,43.298683],[5.3725994,43.2981808],[5.3729603,43.2977425]]}},{"type":"Feature","properties":{"osm_id":"way/362094973","name":"Quai du Port","building":null,"highway":"residential","tourism":null,"historic":null,"amenity":null,"height_m":null,"height_source":null,"levels":null,"source":"OpenStreetMap"},"geometry":{"type":"LineString","coordinates":[[5.3737133,43.2961358],[5.3729485,43.2963369],[5.3728358,43.2963591],[5.3727217,43.2963652],[5.3726139,43.2963609],[5.3725061,43.2963515],[5.371932,43.2962893],[5.3718114,43.2962776]]}},{"type":"Feature","properties":{"osm_id":"way/362987309","name":null,"building":null,"highway":"service","tourism":null,"historic":null,"amenity":null,"height_m":null,"height_source":null,"levels":null,"source":"OpenStreetMap"},"geometry":{"type":"LineString","coordinates":[[5.3719218,43.2926137],[5.3718092,43.2928627]]}},{"type":"Feature","properties":{"osm_id":"way/363163665","name":"Avenue de Saint-Jean","building":null,"highway":"tertiary","tourism":null,"historic":null,"amenity":null,"height_m":null,"height_source":null,"levels":null,"source":"OpenStreetMap"},"geometry":{"type":"LineString","coordinates":[[5.3651606,43.2957389],[5.3650731,43.2956556],[5.3650398,43.2956148],[5.3650202,43.2955821],[5.364981,43.2955136],[5.3649679,43.2954932],[5.3649537,43.2954733],[5.3649312,43.2954513],[5.3648823,43.2954191]]}},{"type":"Feature","properties":{"osm_id":"way/363163668","name":"Avenue de Saint-Jean","building":null,"highway":"tertiary","tourism":null,"historic":null,"amenity":null,"height_m":null,"height_source":null,"levels":null,"source":"OpenStreetMap"},"geometry":{"type":"LineString","coordinates":[[5.365097,43.2954544],[5.3650952,43.2954903],[5.3650942,43.2955103],[5.3650921,43.2955803],[5.3651018,43.2956139],[5.3651279,43.2956615],[5.3651606,43.2957389]]}},{"type":"Feature","properties":{"osm_id":"way/363163672","name":"Quai du Port","building":null,"highway":"tertiary","tourism":null,"historic":null,"amenity":null,"height_m":null,"height_source":null,"levels":null,"source":"OpenStreetMap"},"geometry":{"type":"LineString","coordinates":[[5.3647309,43.2953142],[5.3650206,43.295358]]}},{"type":"Feature","properties":{"osm_id":"way/363163676","name":"Rue Bonneterie","building":null,"highway":"residential","tourism":null,"historic":null,"amenity":null,"height_m":null,"height_source":null,"levels":null,"source":"OpenStreetMap"},"geometry":{"type":"LineString","coordinates":[[5.3718114,43.2962776],[5.3717951,43.2963653],[5.3717477,43.2966122],[5.3717243,43.2966678],[5.3716816,43.2967671],[5.371659,43.2968611],[5.3716045,43.2971084],[5.3715354,43.297516],[5.3715078,43.297693],[5.3715036,43.2977498]]}},{"type":"Feature","properties":{"osm_id":"way/363163681","name":"Rue des Martégales","building":null,"highway":"residential","tourism":null,"historic":null,"amenity":null,"height_m":null,"height_source":null,"levels":null,"source":"OpenStreetMap"},"geometry":{"type":"LineString","coordinates":[[5.365176,43.2962806],[5.36524,43.2963676],[5.3656827,43.2965334],[5.3657061,43.2965469],[5.3657096,43.2965698],[5.365494,43.2971105]]}},{"type":"Feature","properties":{"osm_id":"way/363163684","name":null,"building":null,"highway":"service","tourism":null,"historic":null,"amenity":null,"height_m":null,"height_source":null,"levels":null,"source":"OpenStreetMap"},"geometry":{"type":"LineString","coordinates":[[5.3627834,43.2964472],[5.3628465,43.2964681],[5.3628707,43.2965726]]}},{"type":"Feature","properties":{"osm_id":"way/363181979","name":"Avenue Vaudoyer","building":null,"highway":"tertiary","tourism":null,"historic":null,"amenity":null,"height_m":null,"height_source":null,"levels":null,"source":"OpenStreetMap"},"geometry":{"type":"LineString","coordinates":[[5.3627834,43.2964472],[5.3628024,43.2965287],[5.362837,43.2966471]]}},{"type":"Feature","properties":{"osm_id":"way/363181980","name":"Avenue Vaudoyer","building":null,"highway":"tertiary","tourism":null,"historic":null,"amenity":null,"height_m":null,"height_source":null,"levels":null,"source":"OpenStreetMap"},"geometry":{"type":"LineString","coordinates":[[5.3628511,43.296688],[5.3628694,43.2967457],[5.3628779,43.296787]]}},{"type":"Feature","properties":{"osm_id":"way/363181985","name":null,"building":null,"highway":"service","tourism":null,"historic":null,"amenity":null,"height_m":null,"height_source":null,"levels":null,"source":"OpenStreetMap"},"geometry":{"type":"LineString","coordinates":[[5.3628707,43.2965726],[5.3628777,43.2966052],[5.362837,43.2966471]]}},{"type":"Feature","properties":{"osm_id":"way/363759075","name":"chemin de ronde","building":null,"highway":"footway","tourism":null,"historic":null,"amenity":null,"height_m":null,"height_source":null,"levels":null,"source":"OpenStreetMap"},"geometry":{"type":"LineString","coordinates":[[5.3620442,43.2961682],[5.3624093,43.2963396],[5.3624194,43.2963357],[5.3623998,43.295872],[5.3623904,43.2958534],[5.362186,43.2957754],[5.3623023,43.2954759],[5.3623118,43.2954537],[5.362383,43.2952772],[5.3626053,43.2953038],[5.3626204,43.2953014],[5.362815,43.295089]]}},{"type":"Feature","properties":{"osm_id":"way/374969102","name":null,"building":null,"highway":"footway","tourism":null,"historic":null,"amenity":null,"height_m":null,"height_source":null,"levels":null,"source":"OpenStreetMap"},"geometry":{"type":"LineString","coordinates":[[5.3742393,43.2978485],[5.3742207,43.2978479]]}},{"type":"Feature","properties":{"osm_id":"way/374969105","name":null,"building":null,"highway":"footway","tourism":null,"historic":null,"amenity":null,"height_m":null,"height_source":null,"levels":null,"source":"OpenStreetMap"},"geometry":{"type":"LineString","coordinates":[[5.3742222,43.2977973],[5.3742397,43.2977972],[5.3742404,43.2977554],[5.3742415,43.2977148],[5.3742326,43.2977151]]}},{"type":"Feature","properties":{"osm_id":"way/374971866","name":"Voie Antique","building":null,"highway":"footway","tourism":null,"historic":null,"amenity":null,"height_m":null,"height_source":null,"levels":null,"source":"OpenStreetMap"},"geometry":{"type":"LineString","coordinates":[[5.3743671,43.2977564],[5.3747086,43.2977586]]}},{"type":"Feature","properties":{"osm_id":"way/377400289","name":"Rue Henri Tasso","building":null,"highway":"pedestrian","tourism":null,"historic":null,"amenity":null,"height_m":null,"height_source":null,"levels":null,"source":"OpenStreetMap"},"geometry":{"type":"LineString","coordinates":[[5.3658317,43.2971243],[5.3657856,43.297249]]}},{"type":"Feature","properties":{"osm_id":"way/378021555","name":null,"building":null,"highway":"footway","tourism":null,"historic":null,"amenity":null,"height_m":null,"height_source":null,"levels":null,"source":"OpenStreetMap"},"geometry":{"type":"LineString","coordinates":[[5.3739653,43.2941441],[5.3739672,43.2941414],[5.3739849,43.2941159],[5.3740069,43.2940836],[5.3740191,43.2940656],[5.3740324,43.2940461],[5.3740431,43.2940286],[5.3740512,43.2940154],[5.3741424,43.2940159],[5.3742248,43.2940426],[5.3742919,43.2940588],[5.3743268,43.2940954],[5.3743912,43.2941174],[5.3746701,43.2941994],[5.3746772,43.2942141]]}},{"type":"Feature","properties":{"osm_id":"way/378023077","name":null,"building":null,"highway":"footway","tourism":null,"historic":null,"amenity":null,"height_m":null,"height_source":null,"levels":null,"source":"OpenStreetMap"},"geometry":{"type":"LineString","coordinates":[[5.3727597,43.2938216],[5.3727627,43.2938153],[5.372778,43.2937835],[5.3727984,43.2937329]]}},{"type":"Feature","properties":{"osm_id":"way/396424694","name":null,"building":null,"highway":"footway","tourism":null,"historic":null,"amenity":null,"height_m":null,"height_source":null,"levels":null,"source":"OpenStreetMap"},"geometry":{"type":"LineString","coordinates":[[5.3742662,43.2973468],[5.3742696,43.2976465],[5.3742669,43.2977144]]}},{"type":"Feature","properties":{"osm_id":"way/404647343","name":null,"building":null,"highway":"footway","tourism":null,"historic":null,"amenity":null,"height_m":null,"height_source":null,"levels":null,"source":"OpenStreetMap"},"geometry":{"type":"LineString","coordinates":[[5.3697675,43.2979797],[5.3697636,43.2981216],[5.3697629,43.2981462]]}},{"type":"Feature","properties":{"osm_id":"way/404647344","name":null,"building":null,"highway":"footway","tourism":null,"historic":null,"amenity":null,"height_m":null,"height_source":null,"levels":null,"source":"OpenStreetMap"},"geometry":{"type":"LineString","coordinates":[[5.3697775,43.2978536],[5.3697715,43.2979264]]}},{"type":"Feature","properties":{"osm_id":"way/404647351","name":null,"building":null,"highway":"footway","tourism":null,"historic":null,"amenity":null,"height_m":null,"height_source":null,"levels":null,"source":"OpenStreetMap"},"geometry":{"type":"LineString","coordinates":[[5.3700473,43.2981943],[5.3700714,43.2982061]]}},{"type":"Feature","properties":{"osm_id":"way/404647352","name":"Place Daviel","building":null,"highway":"pedestrian","tourism":null,"historic":null,"amenity":null,"height_m":null,"height_source":null,"levels":null,"source":"OpenStreetMap"},"geometry":{"type":"LineString","coordinates":[[5.3699872,43.2977964],[5.3699925,43.2977481],[5.3698891,43.2977302],[5.3696351,43.2976863],[5.3694343,43.2976402],[5.3693431,43.2976193],[5.3692924,43.2976033],[5.3690538,43.2975279],[5.368952,43.2974783],[5.3689007,43.2974898],[5.3689411,43.2975236],[5.3689753,43.2975263],[5.368984,43.2975279],[5.3690464,43.2975548],[5.3690754,43.2975716],[5.3691362,43.2976176],[5.3691555,43.2976457],[5.3691739,43.2976806],[5.3691844,43.2977114],[5.3691901,43.2977609],[5.3691914,43.2977885],[5.3691899,43.2978132],[5.3693089,43.2978236],[5.369367,43.2978287],[5.3694136,43.2978332],[5.3694517,43.2978368],[5.3695007,43.2978412],[5.3695428,43.2978449],[5.3696396,43.2978504],[5.3697403,43.297852],[5.3697561,43.2978222],[5.3697727,43.2977911],[5.3697173,43.2977766],[5.3696701,43.2977494],[5.3696375,43.2977114],[5.3696421,43.2977048],[5.3696502,43.2977022],[5.3699124,43.2977479],[5.3699197,43.2977526],[5.3699164,43.2977613],[5.3699315,43.2977702],[5.3699477,43.2977816],[5.3699872,43.2977964]]}},{"type":"Feature","properties":{"osm_id":"way/404647353","name":"Rue du Coq d'Inde","building":null,"highway":"pedestrian","tourism":null,"historic":null,"amenity":null,"height_m":null,"height_source":null,"levels":null,"source":"OpenStreetMap"},"geometry":{"type":"LineString","coordinates":[[5.3694782,43.2976247],[5.3695294,43.2974972],[5.3695443,43.29746],[5.3696137,43.2972872],[5.3696839,43.2971212],[5.3696597,43.297116],[5.369693,43.2970062],[5.3695016,43.2969698]]}},{"type":"Feature","properties":{"osm_id":"way/404647354","name":"Place Villeneuve - Bargemon","building":null,"highway":"pedestrian","tourism":null,"historic":null,"amenity":null,"height_m":null,"height_source":null,"levels":null,"source":"OpenStreetMap"},"geometry":{"type":"LineString","coordinates":[[5.3698679,43.2968098],[5.3700167,43.2965607],[5.3700273,43.296507],[5.3700333,43.2964666],[5.3702847,43.2964938],[5.3704804,43.2965151],[5.3704585,43.2966514],[5.3704097,43.2969124],[5.3701655,43.2968749],[5.3698583,43.2968237],[5.3698679,43.2968098]]}},{"type":"Feature","properties":{"osm_id":"way/404647356","name":"Place du Mazeau","building":null,"highway":"pedestrian","tourism":null,"historic":null,"amenity":null,"height_m":null,"height_source":null,"levels":null,"source":"OpenStreetMap"},"geometry":{"type":"LineString","coordinates":[[5.3695443,43.29746],[5.3696137,43.2972872],[5.3700901,43.2973659],[5.3700636,43.2975426],[5.3695443,43.29746]]}},{"type":"Feature","properties":{"osm_id":"way/404973880","name":"Place du Château Joly","building":null,"highway":"pedestrian","tourism":null,"historic":null,"amenity":null,"height_m":null,"height_source":null,"levels":null,"source":"OpenStreetMap"},"geometry":{"type":"LineString","coordinates":[[5.3638226,43.2956395],[5.3638655,43.2956203],[5.3640524,43.2955385],[5.3642243,43.2954646],[5.3642737,43.295442],[5.364264,43.2954304],[5.3642479,43.2954147],[5.3642325,43.295405],[5.3642137,43.2953991],[5.3641963,43.2953977],[5.3640434,43.2953765],[5.3640465,43.2953622],[5.3640524,43.2953357],[5.3638654,43.2952997],[5.3638579,43.2952981],[5.3638567,43.2953012],[5.3638355,43.2952973],[5.3638152,43.2952933],[5.3638157,43.2952913],[5.3638053,43.2952893],[5.3638011,43.295303],[5.3636826,43.2952861],[5.3636227,43.2952819],[5.3635379,43.2952843],[5.3636835,43.2954687],[5.3636938,43.2954816],[5.3637072,43.2954984],[5.3638226,43.2956395]]}},{"type":"Feature","properties":{"osm_id":"way/404973882","name":null,"building":null,"highway":"footway","tourism":null,"historic":null,"amenity":null,"height_m":null,"height_source":null,"levels":null,"source":"OpenStreetMap"},"geometry":{"type":"LineString","coordinates":[[5.364201,43.2953848],[5.3642682,43.295398],[5.3642776,43.2953766],[5.3643668,43.2953941]]}},{"type":"Feature","properties":{"osm_id":"way/405267865","name":null,"building":null,"highway":"footway","tourism":null,"historic":null,"amenity":null,"height_m":null,"height_source":null,"levels":null,"source":"OpenStreetMap"},"geometry":{"type":"LineString","coordinates":[[5.3688429,43.2974445],[5.3688851,43.2973886],[5.3689398,43.2973304]]}},{"type":"Feature","properties":{"osm_id":"way/419291451","name":null,"building":null,"highway":"footway","tourism":null,"historic":null,"amenity":null,"height_m":null,"height_source":null,"levels":null,"source":"OpenStreetMap"},"geometry":{"type":"LineString","coordinates":[[5.3709002,43.2992409],[5.3709011,43.2992576],[5.3708396,43.2993096]]}},{"type":"Feature","properties":{"osm_id":"way/421161737","name":"Quai de Rive-Neuve","building":null,"highway":"secondary","tourism":null,"historic":null,"amenity":null,"height_m":null,"height_source":null,"levels":null,"source":"OpenStreetMap"},"geometry":{"type":"LineString","coordinates":[[5.3687242,43.2928692],[5.3688269,43.2928868],[5.3690983,43.2929318]]}},{"type":"Feature","properties":{"osm_id":"way/421161739","name":"Quai de Rive-Neuve","building":null,"highway":"pedestrian","tourism":null,"historic":null,"amenity":null,"height_m":null,"height_source":null,"levels":null,"source":"OpenStreetMap"},"geometry":{"type":"LineString","coordinates":[[5.37425,43.2942623],[5.3739653,43.2941441],[5.3737621,43.2940767],[5.3727597,43.2938216],[5.3716579,43.2935412],[5.3716029,43.2935272],[5.3712295,43.293423],[5.3709473,43.2933535],[5.3709175,43.2933461],[5.370909,43.2933645],[5.3706698,43.2933062],[5.3706783,43.2932878],[5.3702109,43.2931702],[5.3688121,43.292935],[5.3678777,43.2927606],[5.3666574,43.2925399],[5.3666503,43.2925617],[5.3663536,43.2925107],[5.3663606,43.2924889],[5.366286,43.292479],[5.366159,43.2924621],[5.3661542,43.2924816],[5.3661489,43.292503],[5.3661453,43.2925173],[5.3661412,43.2925328],[5.3670105,43.2926708],[5.3675261,43.2927589],[5.3684725,43.2929199],[5.3685121,43.2929263],[5.3685503,43.2929328],[5.3692735,43.2930548],[5.3695398,43.2930995],[5.3695754,43.2931057],[5.3697331,43.2931323],[5.3698093,43.2931451],[5.3698781,43.2931619],[5.3699553,43.2931807],[5.3703561,43.2932786],[5.3709391,43.293417],[5.3710631,43.2934435],[5.371071,43.2934459],[5.3711033,43.2934538],[5.3712471,43.2934895],[5.3715693,43.2935673],[5.3715798,43.2935692],[5.371582,43.2935819],[5.3716033,43.2935937],[5.3719832,43.2936906],[5.3721903,43.2937433],[5.3724932,43.2938203],[5.3726418,43.293858],[5.3729689,43.2939427],[5.3731841,43.2939962],[5.3735242,43.294084],[5.373718,43.2941332],[5.3738129,43.2942098],[5.3738957,43.2942765],[5.3739031,43.2942825],[5.3739294,43.2943029],[5.3739494,43.2943194],[5.373998,43.2943591],[5.37425,43.2942623]]}},{"type":"Feature","properties":{"osm_id":"way/421161741","name":"Quai du Port","building":null,"highway":"pedestrian","tourism":null,"historic":null,"amenity":null,"height_m":null,"height_source":null,"levels":null,"source":"OpenStreetMap"},"geometry":{"type":"LineString","coordinates":[[5.3696291,43.2957882],[5.3695956,43.2957849],[5.3695794,43.295838],[5.3693961,43.2958183],[5.3693753,43.2958913],[5.3693064,43.2958851],[5.3692209,43.2958774],[5.3687099,43.295826],[5.3686122,43.2958162],[5.368352,43.2957898],[5.3678321,43.2957306],[5.3677295,43.2957178],[5.3673354,43.295659],[5.3669971,43.2955915],[5.3669263,43.2955781],[5.3668667,43.2955668],[5.3663633,43.2954677],[5.3663049,43.2954562],[5.3657971,43.2953443],[5.3656815,43.295323],[5.3653667,43.2952656],[5.3650899,43.2952071],[5.3650301,43.2951963],[5.3648289,43.2951568],[5.364795,43.2951593],[5.364761,43.2951618],[5.3647597,43.2951658],[5.3647356,43.2952258],[5.3647712,43.2952316],[5.3653089,43.295338],[5.3653332,43.2953428],[5.3656089,43.295392],[5.3656255,43.295395],[5.3659997,43.2954731],[5.3667936,43.2956361],[5.3673099,43.2957361],[5.3677136,43.2957937],[5.3680154,43.2958352],[5.3681971,43.2958537],[5.3688046,43.2959133],[5.369592,43.29599],[5.3696291,43.2957882]]}},{"type":"Feature","properties":{"osm_id":"way/421161753","name":null,"building":null,"highway":"footway","tourism":null,"historic":null,"amenity":null,"height_m":null,"height_source":null,"levels":null,"source":"OpenStreetMap"},"geometry":{"type":"LineString","coordinates":[[5.3742422,43.2954305],[5.3742458,43.2954309],[5.3742883,43.2954352],[5.3743312,43.2954396],[5.3743526,43.2954418],[5.374362,43.2954428],[5.374407,43.2954474],[5.3744406,43.2954508],[5.3744443,43.2954512]]}},{"type":"Feature","properties":{"osm_id":"way/421161762","name":null,"building":null,"highway":"footway","tourism":null,"historic":null,"amenity":null,"height_m":null,"height_source":null,"levels":null,"source":"OpenStreetMap"},"geometry":{"type":"LineString","coordinates":[[5.3745118,43.2945997],[5.3744774,43.294794]]}},{"type":"Feature","properties":{"osm_id":"way/421161765","name":null,"building":null,"highway":"footway","tourism":null,"historic":null,"amenity":null,"height_m":null,"height_source":null,"levels":null,"source":"OpenStreetMap"},"geometry":{"type":"LineString","coordinates":[[5.3742819,43.295808],[5.3742915,43.2957634]]}},{"type":"Feature","properties":{"osm_id":"way/421161767","name":null,"building":null,"highway":"footway","tourism":null,"historic":null,"amenity":null,"height_m":null,"height_source":null,"levels":null,"source":"OpenStreetMap"},"geometry":{"type":"LineString","coordinates":[[5.3713304,43.2962528],[5.3713077,43.2962515]]}},{"type":"Feature","properties":{"osm_id":"way/421161768","name":null,"building":null,"highway":"footway","tourism":null,"historic":null,"amenity":null,"height_m":null,"height_source":null,"levels":null,"source":"OpenStreetMap"},"geometry":{"type":"LineString","coordinates":[[5.3743526,43.2954418],[5.3743403,43.2954866]]}},{"type":"Feature","properties":{"osm_id":"way/421161771","name":null,"building":null,"highway":"footway","tourism":null,"historic":null,"amenity":null,"height_m":null,"height_source":null,"levels":null,"source":"OpenStreetMap"},"geometry":{"type":"LineString","coordinates":[[5.3709195,43.2962106],[5.370939,43.2962125]]}},{"type":"Feature","properties":{"osm_id":"way/421161773","name":null,"building":null,"highway":"footway","tourism":null,"historic":null,"amenity":null,"height_m":null,"height_source":null,"levels":null,"source":"OpenStreetMap"},"geometry":{"type":"LineString","coordinates":[[5.3704675,43.2958583],[5.3704602,43.2958995]]}},{"type":"Feature","properties":{"osm_id":"way/421161777","name":null,"building":null,"highway":"footway","tourism":null,"historic":null,"amenity":null,"height_m":null,"height_source":null,"levels":null,"source":"OpenStreetMap"},"geometry":{"type":"LineString","coordinates":[[5.3743979,43.2951661],[5.3744217,43.2950589]]}},{"type":"Feature","properties":{"osm_id":"way/421161781","name":null,"building":null,"highway":"footway","tourism":null,"historic":null,"amenity":null,"height_m":null,"height_source":null,"levels":null,"source":"OpenStreetMap"},"geometry":{"type":"LineString","coordinates":[[5.3709473,43.2933535],[5.3709713,43.2933039],[5.3709971,43.2932513]]}},{"type":"Feature","properties":{"osm_id":"way/421161782","name":null,"building":null,"highway":"footway","tourism":null,"historic":null,"amenity":null,"height_m":null,"height_source":null,"levels":null,"source":"OpenStreetMap"},"geometry":{"type":"LineString","coordinates":[[5.3716987,43.293451],[5.3716751,43.293501],[5.3716601,43.2935361],[5.3716579,43.2935412]]}},{"type":"Feature","properties":{"osm_id":"way/421161783","name":null,"building":null,"highway":"footway","tourism":null,"historic":null,"amenity":null,"height_m":null,"height_source":null,"levels":null,"source":"OpenStreetMap"},"geometry":{"type":"LineString","coordinates":[[5.3712825,43.2933176],[5.3712692,43.2933453],[5.3712456,43.2933936],[5.3712295,43.293423]]}},{"type":"Feature","properties":{"osm_id":"way/421161785","name":null,"building":null,"highway":"footway","tourism":null,"historic":null,"amenity":null,"height_m":null,"height_source":null,"levels":null,"source":"OpenStreetMap"},"geometry":{"type":"LineString","coordinates":[[5.3739724,43.2944424],[5.3739481,43.2944408],[5.3739242,43.29452],[5.3738254,43.2945866]]}},{"type":"Feature","properties":{"osm_id":"way/421161786","name":null,"building":null,"highway":"footway","tourism":null,"historic":null,"amenity":null,"height_m":null,"height_source":null,"levels":null,"source":"OpenStreetMap"},"geometry":{"type":"LineString","coordinates":[[5.3706004,43.2962429],[5.3706199,43.2961489],[5.3706295,43.2960992]]}},{"type":"Feature","properties":{"osm_id":"way/421161788","name":null,"building":null,"highway":"footway","tourism":null,"historic":null,"amenity":null,"height_m":null,"height_source":null,"levels":null,"source":"OpenStreetMap"},"geometry":{"type":"LineString","coordinates":[[5.3742042,43.296347],[5.374201,43.2962908],[5.3742233,43.296185],[5.374263,43.2961273],[5.3743249,43.2960797],[5.3743627,43.2960388],[5.3744082,43.2958203],[5.374416,43.2957843],[5.3744811,43.2954637]]}},{"type":"Feature","properties":{"osm_id":"way/421161793","name":null,"building":null,"highway":"footway","tourism":null,"historic":null,"amenity":null,"height_m":null,"height_source":null,"levels":null,"source":"OpenStreetMap"},"geometry":{"type":"LineString","coordinates":[[5.3709327,43.2961325],[5.3709273,43.2961641],[5.3709195,43.2962106],[5.3709145,43.2962397],[5.3709087,43.296274]]}},{"type":"Feature","properties":{"osm_id":"way/421161794","name":null,"building":null,"highway":"footway","tourism":null,"historic":null,"amenity":null,"height_m":null,"height_source":null,"levels":null,"source":"OpenStreetMap"},"geometry":{"type":"LineString","coordinates":[[5.371318,43.2963157],[5.3713243,43.2962841],[5.3713304,43.2962528],[5.3713394,43.2962075],[5.3713456,43.2961761]]}},{"type":"Feature","properties":{"osm_id":"way/421161801","name":null,"building":null,"highway":"footway","tourism":null,"historic":null,"amenity":null,"height_m":null,"height_source":null,"levels":null,"source":"OpenStreetMap"},"geometry":{"type":"LineString","coordinates":[[5.3739031,43.2942825],[5.3738659,43.2943104],[5.3739308,43.2943665],[5.3738907,43.2945087],[5.3737407,43.2946154],[5.3737191,43.2946209]]}},{"type":"Feature","properties":{"osm_id":"way/421470508","name":null,"building":null,"highway":"footway","tourism":null,"historic":null,"amenity":null,"height_m":null,"height_source":null,"levels":null,"source":"OpenStreetMap"},"geometry":{"type":"LineString","coordinates":[[5.3741875,43.2963807],[5.374198,43.2963619],[5.3742042,43.296347]]}},{"type":"Feature","properties":{"osm_id":"way/422504758","name":"La Canebière","building":null,"highway":"pedestrian","tourism":null,"historic":null,"amenity":null,"height_m":null,"height_source":null,"levels":null,"source":"OpenStreetMap"},"geometry":{"type":"LineString","coordinates":[[5.3751037,43.2953502],[5.3751802,43.2953763],[5.3752668,43.2954059],[5.3753534,43.2954354],[5.3754271,43.2954606],[5.3754855,43.2954806],[5.3758569,43.2956048],[5.3759122,43.2956249],[5.3761092,43.295692],[5.3763339,43.2957668],[5.3764067,43.2957912],[5.376524,43.2958304],[5.3765977,43.2958551],[5.3766287,43.2958655],[5.3766662,43.2958781],[5.3767002,43.2958895],[5.3767865,43.2959184],[5.376856,43.2959416],[5.3769199,43.295962],[5.3769894,43.2959854],[5.3770567,43.2960086],[5.3770667,43.296012],[5.377096,43.2960221],[5.3771346,43.2960346],[5.3772476,43.2960727],[5.3772749,43.2960821],[5.3773326,43.2961017],[5.3773796,43.2961177],[5.3774408,43.2961385],[5.3774781,43.2961512],[5.3775677,43.2961816],[5.3776729,43.2962172],[5.3777456,43.2962404],[5.377862,43.2962867],[5.3779007,43.2963009],[5.3779375,43.2963144],[5.3780394,43.2963518],[5.3781057,43.2963762],[5.3780574,43.2964643],[5.3780505,43.2964767],[5.3780361,43.2965048],[5.3780211,43.296534],[5.3780145,43.2965471],[5.3779745,43.2966267],[5.3778986,43.2966006],[5.3778189,43.2965733],[5.3777704,43.2965566],[5.3777608,43.2965533],[5.3777216,43.2965398],[5.3776028,43.296499],[5.3775294,43.2964738],[5.3774678,43.2964531],[5.3773012,43.296397],[5.3772589,43.2963828],[5.377217,43.2963684],[5.377186,43.2963577],[5.377172,43.296353],[5.3771121,43.2963332],[5.3770877,43.2963251],[5.3770643,43.2963172],[5.3770052,43.2962972],[5.3769585,43.2962814],[5.3769475,43.2962776],[5.3769358,43.2962736],[5.3768625,43.2962484],[5.3768437,43.296242],[5.3768419,43.2962445],[5.3768232,43.2962381],[5.3768034,43.2962313],[5.3767643,43.2962183],[5.3767165,43.2962025],[5.3766994,43.2961967],[5.3766779,43.2961893],[5.3766795,43.2961869],[5.3760811,43.2959845],[5.3759984,43.2959572],[5.3759747,43.2959502],[5.3759188,43.2959337],[5.3759115,43.2959152],[5.3756108,43.2958121],[5.375312,43.2957096],[5.3752862,43.295717],[5.375176,43.2956811],[5.375052,43.2956386],[5.3749003,43.2955872],[5.3748,43.2955532],[5.3747432,43.2955339],[5.3746762,43.2955109],[5.3746305,43.2954957],[5.3745614,43.2954727],[5.3745123,43.2954663],[5.3744811,43.2954637],[5.3744427,43.2954606],[5.3744443,43.2954512],[5.3744627,43.2953404],[5.3744714,43.2952859],[5.3744794,43.2952425],[5.3744933,43.2951764],[5.3744978,43.2951554],[5.3745291,43.295161],[5.3745719,43.2951686],[5.3745737,43.2951692],[5.3746245,43.2951867],[5.3747376,43.2952252],[5.3747912,43.2952432],[5.3748363,43.2952584],[5.3748958,43.2952787],[5.3749511,43.2952975],[5.3750334,43.2953263],[5.3751037,43.2953502]]}},{"type":"Feature","properties":{"osm_id":"way/422504768","name":"Place Sadi Carnot","building":null,"highway":"pedestrian","tourism":null,"historic":null,"amenity":null,"height_m":null,"height_source":null,"levels":null,"source":"OpenStreetMap"},"geometry":{"type":"LineString","coordinates":[[5.3718392,43.2991676],[5.3719296,43.2992108],[5.3719507,43.2992357],[5.3719447,43.2992382],[5.3719617,43.2992598],[5.3719777,43.2992802],[5.3719851,43.2992771],[5.3720061,43.2993043],[5.3720086,43.2993255],[5.371972,43.2993271],[5.371833,43.2993372],[5.3718249,43.2993242],[5.3718158,43.2993121],[5.3718094,43.2993038],[5.3718016,43.2992962],[5.3717904,43.2992836],[5.3717853,43.2992689],[5.3717829,43.2992533],[5.3717874,43.2992376],[5.3717946,43.2992228],[5.3718258,43.2991842],[5.3718392,43.2991676]]}},{"type":"Feature","properties":{"osm_id":"way/422504770","name":"Place Sadi Carnot","building":null,"highway":"pedestrian","tourism":null,"historic":null,"amenity":null,"height_m":null,"height_source":null,"levels":null,"source":"OpenStreetMap"},"geometry":{"type":"LineString","coordinates":[[5.3714686,43.2991064],[5.371514,43.299094],[5.371559,43.2990943],[5.3715587,43.2990993],[5.3715964,43.2991],[5.3716221,43.2991005],[5.3716227,43.299096],[5.3716665,43.2990967],[5.3717146,43.2991158],[5.3717653,43.2991359],[5.3717523,43.2991525],[5.3717424,43.2991664],[5.3717281,43.2991797],[5.3717093,43.2991933],[5.3716969,43.2992014],[5.3716813,43.299209],[5.3716515,43.2992172],[5.3716292,43.2992188],[5.3716092,43.2992179],[5.3715801,43.2992156],[5.3715496,43.2992093],[5.3715297,43.299197],[5.3715162,43.2991857],[5.3714977,43.2991639],[5.3714819,43.2991326],[5.3714686,43.2991064]]}},{"type":"Feature","properties":{"osm_id":"way/422504775","name":"Place Sadi Carnot","building":null,"highway":"pedestrian","tourism":null,"historic":null,"amenity":null,"height_m":null,"height_source":null,"levels":null,"source":"OpenStreetMap"},"geometry":{"type":"LineString","coordinates":[[5.3720198,43.2994214],[5.372021,43.2994465],[5.3720018,43.2994706],[5.3719942,43.2994684],[5.3718638,43.2996306],[5.3718687,43.2996327],[5.3718484,43.2996582],[5.3717983,43.2996717],[5.3717786,43.2996379],[5.371751,43.2995903],[5.3717446,43.2995749],[5.3717448,43.2995625],[5.3717738,43.2995381],[5.3718127,43.2994976],[5.3718396,43.299455],[5.3718537,43.2994417],[5.3718722,43.2994337],[5.3718907,43.2994291],[5.3719819,43.2994233],[5.3720198,43.2994214]]}},{"type":"Feature","properties":{"osm_id":"way/422504801","name":"Square des Messageries Maritimes","building":null,"highway":"pedestrian","tourism":null,"historic":null,"amenity":null,"height_m":null,"height_source":null,"levels":null,"source":"OpenStreetMap"},"geometry":{"type":"LineString","coordinates":[[5.3711602,43.2993616],[5.3711807,43.2995021],[5.3709881,43.2995166],[5.3709742,43.2995177],[5.3709678,43.2994751],[5.3709605,43.2994244],[5.3709536,43.2993741],[5.3709672,43.2993731],[5.3711602,43.2993616]]}},{"type":"Feature","properties":{"osm_id":"way/422504852","name":null,"building":null,"highway":"footway","tourism":null,"historic":null,"amenity":null,"height_m":null,"height_source":null,"levels":null,"source":"OpenStreetMap"},"geometry":{"type":"LineString","coordinates":[[5.371972,43.2993271],[5.3719738,43.2993432],[5.3719757,43.2993571],[5.3719779,43.299373],[5.3719803,43.2994019],[5.3719819,43.2994233]]}},{"type":"Feature","properties":{"osm_id":"way/422504860","name":null,"building":null,"highway":"footway","tourism":null,"historic":null,"amenity":null,"height_m":null,"height_source":null,"levels":null,"source":"OpenStreetMap"},"geometry":{"type":"LineString","coordinates":[[5.3717523,43.2991525],[5.3717858,43.2991664],[5.3718258,43.2991842]]}},{"type":"Feature","properties":{"osm_id":"way/422504864","name":null,"building":null,"highway":"footway","tourism":null,"historic":null,"amenity":null,"height_m":null,"height_source":null,"levels":null,"source":"OpenStreetMap"},"geometry":{"type":"LineString","coordinates":[[5.371408,43.2991567],[5.3714387,43.2991466],[5.3714819,43.2991326]]}},{"type":"Feature","properties":{"osm_id":"way/422682029","name":"Quai de Rive-Neuve","building":null,"highway":"pedestrian","tourism":null,"historic":null,"amenity":null,"height_m":null,"height_source":null,"levels":null,"source":"OpenStreetMap"},"geometry":{"type":"LineString","coordinates":[[5.3669712,43.2924942],[5.3674676,43.2925917],[5.3674748,43.2925702],[5.367755,43.2926196],[5.3677479,43.292641],[5.3679081,43.2926683],[5.3682363,43.2927241],[5.368253,43.2926855],[5.3682601,43.2926689],[5.3681632,43.2926436],[5.3680929,43.2926254],[5.3680203,43.2926073],[5.3677391,43.2925338],[5.3675284,43.2924801],[5.3672134,43.2923987],[5.3671783,43.2923901],[5.3669849,43.2923514],[5.3669711,43.2923479],[5.3669475,43.2924274],[5.3669376,43.2924628],[5.3669474,43.292483],[5.3669712,43.2924942]]}},{"type":"Feature","properties":{"osm_id":"way/422682030","name":"Quai de Rive-Neuve","building":null,"highway":"pedestrian","tourism":null,"historic":null,"amenity":null,"height_m":null,"height_source":null,"levels":null,"source":"OpenStreetMap"},"geometry":{"type":"LineString","coordinates":[[5.3688202,43.2927444],[5.3688006,43.2927916],[5.3687863,43.2928365],[5.36884,43.2928451],[5.3703029,43.2930788],[5.3709971,43.2932513],[5.3710835,43.2932729],[5.3711474,43.2931277],[5.3708447,43.2930539],[5.3707979,43.2930418],[5.3706309,43.2930014],[5.3705819,43.2929938],[5.370268,43.2929783],[5.3702203,43.2929754],[5.3700452,43.2929682],[5.3700464,43.2929522],[5.3697029,43.2928956],[5.3693169,43.2928307],[5.3693057,43.2928871],[5.3689748,43.2928339],[5.3689925,43.2927761],[5.3688202,43.2927444]]}},{"type":"Feature","properties":{"osm_id":"way/422682034","name":"Quai de Rive-Neuve","building":null,"highway":"pedestrian","tourism":null,"historic":null,"amenity":null,"height_m":null,"height_source":null,"levels":null,"source":"OpenStreetMap"},"geometry":{"type":"LineString","coordinates":[[5.3683639,43.2926846],[5.3683559,43.2927061],[5.3683386,43.2927483],[5.3686397,43.2928033],[5.3686901,43.2928125],[5.3687051,43.292771],[5.3687128,43.2927456],[5.3686347,43.2927319],[5.3683639,43.2926846]]}},{"type":"Feature","properties":{"osm_id":"way/422682035","name":null,"building":null,"highway":"footway","tourism":null,"historic":null,"amenity":null,"height_m":null,"height_source":null,"levels":null,"source":"OpenStreetMap"},"geometry":{"type":"LineString","coordinates":[[5.3712692,43.2933453],[5.3712876,43.2933507]]}},{"type":"Feature","properties":{"osm_id":"way/422682037","name":null,"building":null,"highway":"footway","tourism":null,"historic":null,"amenity":null,"height_m":null,"height_source":null,"levels":null,"source":"OpenStreetMap"},"geometry":{"type":"LineString","coordinates":[[5.3687051,43.292771],[5.3687553,43.292781],[5.3688006,43.2927916]]}},{"type":"Feature","properties":{"osm_id":"way/422682039","name":null,"building":null,"highway":"footway","tourism":null,"historic":null,"amenity":null,"height_m":null,"height_source":null,"levels":null,"source":"OpenStreetMap"},"geometry":{"type":"LineString","coordinates":[[5.368253,43.2926855],[5.3682969,43.2926947],[5.3683559,43.2927061]]}},{"type":"Feature","properties":{"osm_id":"way/424388520","name":null,"building":null,"highway":"footway","tourism":null,"historic":null,"amenity":null,"height_m":null,"height_source":null,"levels":null,"source":"OpenStreetMap"},"geometry":{"type":"LineString","coordinates":[[5.3684891,43.2972009],[5.3685122,43.2971622],[5.3685454,43.2971154]]}},{"type":"Feature","properties":{"osm_id":"way/424388521","name":null,"building":null,"highway":"footway","tourism":null,"historic":null,"amenity":null,"height_m":null,"height_source":null,"levels":null,"source":"OpenStreetMap"},"geometry":{"type":"LineString","coordinates":[[5.3675667,43.2969366],[5.3675801,43.2968967],[5.3675857,43.2968519]]}},{"type":"Feature","properties":{"osm_id":"way/424528278","name":null,"building":null,"highway":"footway","tourism":null,"historic":null,"amenity":null,"height_m":null,"height_source":null,"levels":null,"source":"OpenStreetMap"},"geometry":{"type":"LineString","coordinates":[[5.373995,43.2962318],[5.3740762,43.2962241],[5.3741529,43.2962178]]}},{"type":"Feature","properties":{"osm_id":"way/424528297","name":null,"building":null,"highway":"footway","tourism":null,"historic":null,"amenity":null,"height_m":null,"height_source":null,"levels":null,"source":"OpenStreetMap"},"geometry":{"type":"LineString","coordinates":[[5.3717457,43.2963607],[5.3717951,43.2963653],[5.3718358,43.296369]]}},{"type":"Feature","properties":{"osm_id":"way/424528299","name":"Quai du Port","building":null,"highway":"footway","tourism":null,"historic":null,"amenity":null,"height_m":null,"height_source":null,"levels":null,"source":"OpenStreetMap"},"geometry":{"type":"LineString","coordinates":[[5.3718358,43.296369],[5.3719143,43.2963761],[5.3724596,43.2964322],[5.3726662,43.2964515],[5.3727311,43.2964569],[5.3727703,43.2964561],[5.3728101,43.2964549],[5.3728716,43.2964476],[5.3729737,43.2964261],[5.3731268,43.2963855],[5.373458,43.2962924],[5.3737492,43.2962111],[5.3737349,43.2961787]]}},{"type":"Feature","properties":{"osm_id":"way/424528300","name":"Rue de la Loge","building":null,"highway":"residential","tourism":null,"historic":null,"amenity":null,"height_m":null,"height_source":null,"levels":null,"source":"OpenStreetMap"},"geometry":{"type":"LineString","coordinates":[[5.3706406,43.2965212],[5.3706547,43.2965287],[5.3706646,43.2965391],[5.3706693,43.2965514],[5.3706682,43.2965641],[5.3706662,43.2965688],[5.3706634,43.2965734],[5.3706526,43.2965836],[5.3706378,43.2965906],[5.3706207,43.2965936],[5.3706031,43.2965924],[5.3705871,43.296587],[5.3705744,43.2965781],[5.3705665,43.2965666],[5.3705643,43.2965539],[5.3705679,43.2965414],[5.3705768,43.2965305],[5.3705902,43.2965224],[5.3706065,43.2965178],[5.370624,43.2965174],[5.3706406,43.2965212]]}},{"type":"Feature","properties":{"osm_id":"way/424528303","name":null,"building":null,"highway":"footway","tourism":null,"historic":null,"amenity":null,"height_m":null,"height_source":null,"levels":null,"source":"OpenStreetMap"},"geometry":{"type":"LineString","coordinates":[[5.3715993,43.2967324],[5.3716197,43.2966575],[5.3716338,43.2966056]]}},{"type":"Feature","properties":{"osm_id":"way/424528304","name":null,"building":null,"highway":"footway","tourism":null,"historic":null,"amenity":null,"height_m":null,"height_source":null,"levels":null,"source":"OpenStreetMap"},"geometry":{"type":"LineString","coordinates":[[5.3716214,43.2967608],[5.3716816,43.2967671],[5.3717701,43.2967786]]}},{"type":"Feature","properties":{"osm_id":"way/424528305","name":null,"building":null,"highway":"footway","tourism":null,"historic":null,"amenity":null,"height_m":null,"height_source":null,"levels":null,"source":"OpenStreetMap"},"geometry":{"type":"LineString","coordinates":[[5.3717913,43.2967466],[5.3718083,43.2966809],[5.3718239,43.2966212]]}},{"type":"Feature","properties":{"osm_id":"way/425014119","name":null,"building":null,"highway":"footway","tourism":null,"historic":null,"amenity":null,"height_m":null,"height_source":null,"levels":null,"source":"OpenStreetMap"},"geometry":{"type":"LineString","coordinates":[[5.3629691,43.2969881],[5.3631435,43.2971013],[5.3632628,43.2972311],[5.3632805,43.2972592],[5.3634075,43.2974029],[5.3637138,43.2977169],[5.3640745,43.2980891],[5.3642006,43.298233],[5.3642714,43.2983396],[5.3642941,43.298378],[5.3643424,43.2984648]]}},{"type":"Feature","properties":{"osm_id":"way/425014120","name":null,"building":null,"highway":"footway","tourism":null,"historic":null,"amenity":null,"height_m":null,"height_source":null,"levels":null,"source":"OpenStreetMap"},"geometry":{"type":"LineString","coordinates":[[5.363208,43.298831],[5.3636122,43.2999615],[5.3636446,43.3000581],[5.3637904,43.3005718],[5.3638399,43.3008117],[5.3638357,43.3008547],[5.3638345,43.3008925],[5.3638395,43.3009332],[5.3638527,43.3009866],[5.3638918,43.301144],[5.3639249,43.3012449],[5.3639468,43.3013119],[5.3640474,43.3016252],[5.3641761,43.3020468],[5.3642168,43.3021955],[5.3642914,43.3024684],[5.3643129,43.3025172],[5.3644296,43.3029223],[5.3645449,43.3033253],[5.3646663,43.3036479],[5.3648078,43.3040124],[5.3648624,43.3041292],[5.3649777,43.3042824],[5.3651293,43.304786]]}},{"type":"Feature","properties":{"osm_id":"way/425014121","name":null,"building":null,"highway":"footway","tourism":null,"historic":null,"amenity":null,"height_m":null,"height_source":null,"levels":null,"source":"OpenStreetMap"},"geometry":{"type":"LineString","coordinates":[[5.363167,43.2986951],[5.3631897,43.2987723],[5.363208,43.298831]]}},{"type":"Feature","properties":{"osm_id":"way/425014122","name":null,"building":null,"highway":"footway","tourism":null,"historic":null,"amenity":null,"height_m":null,"height_source":null,"levels":null,"source":"OpenStreetMap"},"geometry":{"type":"LineString","coordinates":[[5.3633092,43.298306],[5.3632737,43.2983111],[5.3632409,43.2983155]]}},{"type":"Feature","properties":{"osm_id":"way/425014126","name":null,"building":null,"highway":"footway","tourism":null,"historic":null,"amenity":null,"height_m":null,"height_source":null,"levels":null,"source":"OpenStreetMap"},"geometry":{"type":"LineString","coordinates":[[5.3625876,43.2967309],[5.3626222,43.2967253],[5.3626501,43.2967208],[5.3626845,43.2967144]]}},{"type":"Feature","properties":{"osm_id":"way/425014127","name":null,"building":null,"highway":"footway","tourism":null,"historic":null,"amenity":null,"height_m":null,"height_source":null,"levels":null,"source":"OpenStreetMap"},"geometry":{"type":"LineString","coordinates":[[5.3628135,43.2966934],[5.3628511,43.296688],[5.3628714,43.2966847],[5.3628921,43.2966813],[5.3629395,43.2966743]]}},{"type":"Feature","properties":{"osm_id":"way/425014128","name":null,"building":null,"highway":"footway","tourism":null,"historic":null,"amenity":null,"height_m":null,"height_source":null,"levels":null,"source":"OpenStreetMap"},"geometry":{"type":"LineString","coordinates":[[5.3626845,43.2967144],[5.3628135,43.2966934]]}},{"type":"Feature","properties":{"osm_id":"way/425014129","name":null,"building":null,"highway":"footway","tourism":null,"historic":null,"amenity":null,"height_m":null,"height_source":null,"levels":null,"source":"OpenStreetMap"},"geometry":{"type":"LineString","coordinates":[[5.3631654,43.2983267],[5.3631313,43.2983319],[5.3630943,43.2983374]]}},{"type":"Feature","properties":{"osm_id":"way/425014130","name":null,"building":null,"highway":"footway","tourism":null,"historic":null,"amenity":null,"height_m":null,"height_source":null,"levels":null,"source":"OpenStreetMap"},"geometry":{"type":"LineString","coordinates":[[5.3632409,43.2983155],[5.3631654,43.2983267]]}},{"type":"Feature","properties":{"osm_id":"way/425014131","name":null,"building":null,"highway":"footway","tourism":null,"historic":null,"amenity":null,"height_m":null,"height_source":null,"levels":null,"source":"OpenStreetMap"},"geometry":{"type":"LineString","coordinates":[[5.3617243,43.2953758],[5.3617298,43.2953523],[5.3617339,43.2953335]]}},{"type":"Feature","properties":{"osm_id":"way/425014132","name":null,"building":null,"highway":"footway","tourism":null,"historic":null,"amenity":null,"height_m":null,"height_source":null,"levels":null,"source":"OpenStreetMap"},"geometry":{"type":"LineString","coordinates":[[5.3622129,43.2953871],[5.3620964,43.2953617]]}},{"type":"Feature","properties":{"osm_id":"way/425014133","name":null,"building":null,"highway":"footway","tourism":null,"historic":null,"amenity":null,"height_m":null,"height_source":null,"levels":null,"source":"OpenStreetMap"},"geometry":{"type":"LineString","coordinates":[[5.3627851,43.2948402],[5.3627925,43.2948403]]}},{"type":"Feature","properties":{"osm_id":"way/425014135","name":null,"building":null,"highway":"footway","tourism":null,"historic":null,"amenity":null,"height_m":null,"height_source":null,"levels":null,"source":"OpenStreetMap"},"geometry":{"type":"LineString","coordinates":[[5.3627935,43.2948314],[5.3628417,43.2948328],[5.3628482,43.2948938],[5.3628124,43.2949606],[5.3627663,43.2949897]]}},{"type":"Feature","properties":{"osm_id":"way/425014139","name":null,"building":null,"highway":"footway","tourism":null,"historic":null,"amenity":null,"height_m":null,"height_source":null,"levels":null,"source":"OpenStreetMap"},"geometry":{"type":"LineString","coordinates":[[5.3617572,43.2960309],[5.3618003,43.2960497],[5.3618879,43.2960877],[5.3620078,43.2961404],[5.3620428,43.2961267],[5.3620584,43.2961336]]}},{"type":"Feature","properties":{"osm_id":"way/425014142","name":null,"building":null,"highway":"footway","tourism":null,"historic":null,"amenity":null,"height_m":null,"height_source":null,"levels":null,"source":"OpenStreetMap"},"geometry":{"type":"LineString","coordinates":[[5.3618322,43.295376],[5.3619186,43.295394],[5.3620686,43.295425]]}},{"type":"Feature","properties":{"osm_id":"way/425990689","name":"Quai de Rive-Neuve","building":null,"highway":"secondary","tourism":null,"historic":null,"amenity":null,"height_m":null,"height_source":null,"levels":null,"source":"OpenStreetMap"},"geometry":{"type":"LineString","coordinates":[[5.3715762,43.2934763],[5.3715214,43.2934621],[5.3712893,43.2934045],[5.3712456,43.2933936],[5.371111,43.2933378]]}},{"type":"Feature","properties":{"osm_id":"way/425990702","name":null,"building":null,"highway":"footway","tourism":null,"historic":null,"amenity":null,"height_m":null,"height_source":null,"levels":null,"source":"OpenStreetMap"},"geometry":{"type":"LineString","coordinates":[[5.3737191,43.2946209],[5.3737357,43.2946315]]}},{"type":"Feature","properties":{"osm_id":"way/425990710","name":null,"building":null,"highway":"footway","tourism":null,"historic":null,"amenity":null,"height_m":null,"height_source":null,"levels":null,"source":"OpenStreetMap"},"geometry":{"type":"LineString","coordinates":[[5.3738659,43.2943104],[5.3737587,43.2943813],[5.3737735,43.2943925]]}},{"type":"Feature","properties":{"osm_id":"way/425990716","name":null,"building":null,"highway":"pedestrian","tourism":null,"historic":null,"amenity":null,"height_m":null,"height_source":null,"levels":null,"source":"OpenStreetMap"},"geometry":{"type":"LineString","coordinates":[[5.3625835,43.2954805],[5.3625945,43.2953495],[5.3626225,43.2953533],[5.3630536,43.2948925],[5.3629719,43.2947842],[5.3629583,43.2947661],[5.3629621,43.2947661],[5.3629375,43.2946325],[5.362948,43.2946287],[5.3629635,43.2946232],[5.3629833,43.2946732],[5.3629929,43.2946953],[5.3630191,43.2947555],[5.3630965,43.2948088],[5.3631183,43.2948238],[5.3631696,43.2948365],[5.3632315,43.2948518],[5.3632017,43.2948889],[5.3631239,43.2949883],[5.363309,43.2950756],[5.3633004,43.295104],[5.3632404,43.2951074],[5.3630945,43.2951538],[5.3629524,43.2952196],[5.3628297,43.2953138],[5.3627271,43.2954217],[5.3626526,43.2955276],[5.3626017,43.2956277],[5.3625671,43.2957062],[5.3625333,43.2958609],[5.3625112,43.2960056],[5.3625074,43.29615],[5.3625108,43.2962702],[5.3625326,43.296411],[5.3625534,43.2964929],[5.3625829,43.2966091],[5.3625561,43.2966132],[5.3625192,43.2966159],[5.3624888,43.2965016],[5.362459,43.2964002],[5.3624405,43.2958236],[5.3624175,43.2958147],[5.3625086,43.2956765],[5.3625316,43.2956814],[5.3626106,43.2954862],[5.3625835,43.2954805]]}},{"type":"Feature","properties":{"osm_id":"way/425990719","name":null,"building":null,"highway":"footway","tourism":null,"historic":null,"amenity":null,"height_m":null,"height_source":null,"levels":null,"source":"OpenStreetMap"},"geometry":{"type":"LineString","coordinates":[[5.3737735,43.2943925],[5.3737789,43.2943778],[5.3738611,43.2943204],[5.373909,43.2943181]]}},{"type":"Feature","properties":{"osm_id":"way/425990729","name":null,"building":null,"highway":"footway","tourism":null,"historic":null,"amenity":null,"height_m":null,"height_source":null,"levels":null,"source":"OpenStreetMap"},"geometry":{"type":"LineString","coordinates":[[5.3736766,43.2947018],[5.3736567,43.2946862],[5.3737357,43.2946315],[5.3739058,43.2945139],[5.3739294,43.2944346],[5.3739561,43.2943914],[5.3739611,43.294364],[5.373909,43.2943181],[5.3739294,43.2943029]]}},{"type":"Feature","properties":{"osm_id":"way/426235064","name":null,"building":null,"highway":"pedestrian","tourism":null,"historic":null,"amenity":null,"height_m":null,"height_source":null,"levels":null,"source":"OpenStreetMap"},"geometry":{"type":"LineString","coordinates":[[5.3645217,43.2993385],[5.3644864,43.2993436],[5.3643349,43.2993653],[5.3643163,43.2993685],[5.3644607,43.2998581],[5.3645124,43.2998494],[5.3645094,43.2998387],[5.3645177,43.2998295],[5.3645324,43.2998273],[5.364545,43.2998333],[5.3645452,43.2998338],[5.3645716,43.2998295],[5.3645718,43.2998303],[5.3645804,43.299829],[5.3645814,43.2998324],[5.3646662,43.2998187],[5.3646653,43.2998158],[5.3646769,43.2998139],[5.3646626,43.2997665],[5.3646655,43.2997661],[5.3646612,43.2997516],[5.3646351,43.2996631],[5.364631,43.2996494],[5.3646268,43.2996354],[5.3646008,43.2995465],[5.3645968,43.299533],[5.3645929,43.2995197],[5.3645657,43.2994309],[5.3645618,43.2994171],[5.3645281,43.2994223],[5.3644935,43.2994057],[5.3644852,43.2993761],[5.3645078,43.2993509],[5.3645248,43.2993485],[5.3645217,43.2993385]]}},{"type":"Feature","properties":{"osm_id":"way/426235066","name":null,"building":null,"highway":"footway","tourism":null,"historic":null,"amenity":null,"height_m":null,"height_source":null,"levels":null,"source":"OpenStreetMap"},"geometry":{"type":"LineString","coordinates":[[5.3637432,43.2990137],[5.3640373,43.2999924],[5.3642644,43.3007914],[5.364308,43.3009106],[5.3643295,43.3009883],[5.3643525,43.3010044]]}},{"type":"Feature","properties":{"osm_id":"way/426235087","name":null,"building":null,"highway":"footway","tourism":null,"historic":null,"amenity":null,"height_m":null,"height_source":null,"levels":null,"source":"OpenStreetMap"},"geometry":{"type":"LineString","coordinates":[[5.3655547,43.2996123],[5.365458,43.2992865]]}},{"type":"Feature","properties":{"osm_id":"way/426843949","name":"Rue des Moulins","building":null,"highway":"footway","tourism":null,"historic":null,"amenity":null,"height_m":null,"height_source":null,"levels":null,"source":"OpenStreetMap"},"geometry":{"type":"LineString","coordinates":[[5.3679529,43.2979395],[5.3679443,43.2979302],[5.3677967,43.2978443],[5.3677645,43.2978233]]}},{"type":"Feature","properties":{"osm_id":"way/426843950","name":"Rue des Moulins","building":null,"highway":"residential","tourism":null,"historic":null,"amenity":null,"height_m":null,"height_source":null,"levels":null,"source":"OpenStreetMap"},"geometry":{"type":"LineString","coordinates":[[5.3688261,43.2989057],[5.3688071,43.2989196],[5.3685081,43.2989928],[5.3684773,43.2989842],[5.3682962,43.29864],[5.3683072,43.2986355],[5.3683234,43.2986288],[5.3684338,43.2985836],[5.3684878,43.2985615],[5.3685207,43.298548]]}},{"type":"Feature","properties":{"osm_id":"way/426843951","name":"Rue des Moulins","building":null,"highway":"residential","tourism":null,"historic":null,"amenity":null,"height_m":null,"height_source":null,"levels":null,"source":"OpenStreetMap"},"geometry":{"type":"LineString","coordinates":[[5.3679529,43.2979395],[5.3681403,43.29815]]}},{"type":"Feature","properties":{"osm_id":"way/426843952","name":"Rue des Muettes","building":null,"highway":"residential","tourism":null,"historic":null,"amenity":null,"height_m":null,"height_source":null,"levels":null,"source":"OpenStreetMap"},"geometry":{"type":"LineString","coordinates":[[5.3681048,43.2985852],[5.3681322,43.2987156],[5.3682473,43.2993354]]}},{"type":"Feature","properties":{"osm_id":"way/426843953","name":null,"building":null,"highway":"pedestrian","tourism":null,"historic":null,"amenity":null,"height_m":null,"height_source":null,"levels":null,"source":"OpenStreetMap"},"geometry":{"type":"LineString","coordinates":[[5.3683066,43.2986099],[5.3682679,43.2985624],[5.3682808,43.2985599],[5.368278,43.2985475],[5.3682694,43.2985302],[5.3681991,43.298549],[5.368188,43.2985145],[5.3681414,43.2985259],[5.3680557,43.2982831],[5.3680546,43.2982606],[5.368049,43.2982571],[5.3680537,43.2982437],[5.3680707,43.2982257],[5.3681373,43.2981934],[5.3681534,43.2981983],[5.3683985,43.2984597],[5.3683991,43.2984714],[5.3683922,43.2984827],[5.3683598,43.2984935],[5.3684338,43.2985836],[5.3683234,43.2986288],[5.3683066,43.2986099]]}},{"type":"Feature","properties":{"osm_id":"way/431409221","name":"Rue Miradou","building":null,"highway":"residential","tourism":null,"historic":null,"amenity":null,"height_m":null,"height_source":null,"levels":null,"source":"OpenStreetMap"},"geometry":{"type":"LineString","coordinates":[[5.3648234,43.2982085],[5.3648689,43.2983023],[5.3648791,43.2983299],[5.3648786,43.2983476],[5.3648693,43.2983589],[5.3648494,43.2983692],[5.3647579,43.2983864],[5.3647291,43.2983891],[5.3646994,43.298388],[5.3646818,43.2983829],[5.3646702,43.2983757],[5.364583,43.2982925]]}},{"type":"Feature","properties":{"osm_id":"way/431409222","name":null,"building":null,"highway":"service","tourism":null,"historic":null,"amenity":null,"height_m":null,"height_source":null,"levels":null,"source":"OpenStreetMap"},"geometry":{"type":"LineString","coordinates":[[5.3699617,43.2980348],[5.3699525,43.2980533],[5.3699379,43.2980717],[5.369912,43.2980921],[5.3698842,43.2981042],[5.3698512,43.2981134],[5.3698148,43.2981182],[5.3697636,43.2981216],[5.3696723,43.2981201],[5.3696395,43.2981208],[5.3696132,43.2981245],[5.3695877,43.2981294],[5.3695658,43.2981373],[5.3695523,43.2981501],[5.3695484,43.2981634],[5.3695471,43.2981836],[5.369548,43.298224],[5.3695673,43.2982422],[5.36959,43.2982493],[5.3697586,43.2982529],[5.3698265,43.2982543],[5.3698432,43.2982561],[5.3698568,43.2982615],[5.3698654,43.2982719],[5.3698701,43.2982836],[5.3698728,43.2982944],[5.3698721,43.298306],[5.3698673,43.2983159],[5.3698613,43.2983251],[5.3698496,43.2983334],[5.3698312,43.2983368],[5.3696519,43.2983327],[5.3696374,43.2983305],[5.3696238,43.298328],[5.3695812,43.2983131],[5.3695674,43.2983069],[5.3695543,43.2982946],[5.369548,43.2982805],[5.369548,43.298224]]}},{"type":"Feature","properties":{"osm_id":"way/431409223","name":null,"building":null,"highway":"service","tourism":null,"historic":null,"amenity":null,"height_m":null,"height_source":null,"levels":null,"source":"OpenStreetMap"},"geometry":{"type":"LineString","coordinates":[[5.369912,43.2980921],[5.3700107,43.2981081],[5.3700644,43.2981148],[5.3701716,43.2981282],[5.3702163,43.2981331],[5.3702453,43.2981379],[5.3702713,43.2981499],[5.3702886,43.298164],[5.3703043,43.2981824],[5.3703132,43.2981985],[5.3703185,43.2982234],[5.3703186,43.2982483],[5.3703177,43.2984359],[5.370319,43.2984561],[5.3703262,43.2984725],[5.3703426,43.2984865],[5.370385,43.2985144],[5.3704721,43.2985703],[5.3704818,43.2985769],[5.3704897,43.2985837],[5.3704968,43.2985918],[5.370504,43.298604],[5.3705878,43.2987379],[5.3706299,43.2988016],[5.3706368,43.298815],[5.3706425,43.2988321],[5.3706457,43.2988469],[5.3706451,43.2988627],[5.370642,43.2988767],[5.370635,43.2988904],[5.3706281,43.2989018],[5.3706211,43.2989095],[5.3706107,43.2989175],[5.3705028,43.2989808],[5.3704947,43.2989865],[5.3704894,43.2989916],[5.3704856,43.298998],[5.3704838,43.2990053],[5.3704536,43.2992451],[5.370447,43.2992982]]}},{"type":"Feature","properties":{"osm_id":"way/431532387","name":null,"building":null,"highway":"service","tourism":null,"historic":null,"amenity":null,"height_m":null,"height_source":null,"levels":null,"source":"OpenStreetMap"},"geometry":{"type":"LineString","coordinates":[[5.3674951,43.2964979],[5.3675448,43.2965106],[5.3682458,43.2965784],[5.3682659,43.2965872],[5.3682746,43.2966072],[5.3682534,43.2967172]]}},{"type":"Feature","properties":{"osm_id":"way/431532388","name":null,"building":null,"highway":"service","tourism":null,"historic":null,"amenity":null,"height_m":null,"height_source":null,"levels":null,"source":"OpenStreetMap"},"geometry":{"type":"LineString","coordinates":[[5.3667982,43.2964519],[5.366818,43.2963887],[5.3668315,43.2963655],[5.3668589,43.2963506],[5.3669133,43.2963492]]}},{"type":"Feature","properties":{"osm_id":"way/431532390","name":"Rue de la Loge","building":null,"highway":"residential","tourism":null,"historic":null,"amenity":null,"height_m":null,"height_source":null,"levels":null,"source":"OpenStreetMap"},"geometry":{"type":"LineString","coordinates":[[5.3688088,43.2963132],[5.3687377,43.2963082],[5.3686773,43.2963053],[5.3685288,43.2962977],[5.3680198,43.2962438],[5.3676035,43.2961979],[5.3675777,43.2961958],[5.3675478,43.2961979]]}},{"type":"Feature","properties":{"osm_id":"way/431532391","name":null,"building":null,"highway":"service","tourism":null,"historic":null,"amenity":null,"height_m":null,"height_source":null,"levels":null,"source":"OpenStreetMap"},"geometry":{"type":"LineString","coordinates":[[5.3687979,43.2963718],[5.3688085,43.2964084],[5.3687838,43.2965499]]}},{"type":"Feature","properties":{"osm_id":"way/431532392","name":null,"building":null,"highway":"service","tourism":null,"historic":null,"amenity":null,"height_m":null,"height_source":null,"levels":null,"source":"OpenStreetMap"},"geometry":{"type":"LineString","coordinates":[[5.3687391,43.2965451],[5.3687663,43.2964041],[5.3687979,43.2963718]]}},{"type":"Feature","properties":{"osm_id":"way/435543105","name":"Avenue de Saint-Jean","building":null,"highway":"tertiary","tourism":null,"historic":null,"amenity":null,"height_m":null,"height_source":null,"levels":null,"source":"OpenStreetMap"},"geometry":{"type":"LineString","coordinates":[[5.3666852,43.2966607],[5.3669184,43.29674]]}},{"type":"Feature","properties":{"osm_id":"way/435543106","name":"Rue Caisserie","building":null,"highway":"tertiary","tourism":null,"historic":null,"amenity":null,"height_m":null,"height_source":null,"levels":null,"source":"OpenStreetMap"},"geometry":{"type":"LineString","coordinates":[[5.3671838,43.2968302],[5.3670208,43.2968292],[5.3669881,43.2968254],[5.3669362,43.2968117],[5.3669028,43.2967994],[5.3668773,43.2967882]]}},{"type":"Feature","properties":{"osm_id":"way/435543107","name":"Avenue de Saint-Jean","building":null,"highway":"tertiary","tourism":null,"historic":null,"amenity":null,"height_m":null,"height_source":null,"levels":null,"source":"OpenStreetMap"},"geometry":{"type":"LineString","coordinates":[[5.3668773,43.2967882],[5.3667621,43.296707],[5.3666852,43.2966607]]}},{"type":"Feature","properties":{"osm_id":"way/435543108","name":"Rue Caisserie","building":null,"highway":"tertiary","tourism":null,"historic":null,"amenity":null,"height_m":null,"height_source":null,"levels":null,"source":"OpenStreetMap"},"geometry":{"type":"LineString","coordinates":[[5.3669184,43.29674],[5.3670939,43.2967997],[5.3671838,43.2968302]]}},{"type":"Feature","properties":{"osm_id":"way/435543126","name":"Grand Rue","building":null,"highway":"residential","tourism":null,"historic":null,"amenity":null,"height_m":null,"height_source":null,"levels":null,"source":"OpenStreetMap"},"geometry":{"type":"LineString","coordinates":[[5.3706323,43.2977539],[5.3707534,43.2977547]]}},{"type":"Feature","properties":{"osm_id":"way/435543127","name":"Grand Rue","building":null,"highway":"residential","tourism":null,"historic":null,"amenity":null,"height_m":null,"height_source":null,"levels":null,"source":"OpenStreetMap"},"geometry":{"type":"LineString","coordinates":[[5.3705724,43.2978227],[5.3706323,43.2977539]]}},{"type":"Feature","properties":{"osm_id":"way/435543128","name":"Grand Rue","building":null,"highway":"residential","tourism":null,"historic":null,"amenity":null,"height_m":null,"height_source":null,"levels":null,"source":"OpenStreetMap"},"geometry":{"type":"LineString","coordinates":[[5.3701371,43.2977353],[5.3703786,43.2977445],[5.3705114,43.2977494],[5.3706323,43.2977539]]}},{"type":"Feature","properties":{"osm_id":"way/435543129","name":"Grand Rue","building":null,"highway":"residential","tourism":null,"historic":null,"amenity":null,"height_m":null,"height_source":null,"levels":null,"source":"OpenStreetMap"},"geometry":{"type":"LineString","coordinates":[[5.3707534,43.2977547],[5.3707143,43.2978018],[5.3706696,43.2978782]]}},{"type":"Feature","properties":{"osm_id":"way/435543140","name":"Rue Caisserie","building":null,"highway":"residential","tourism":null,"historic":null,"amenity":null,"height_m":null,"height_source":null,"levels":null,"source":"OpenStreetMap"},"geometry":{"type":"LineString","coordinates":[[5.3668773,43.2967882],[5.3669184,43.29674]]}},{"type":"Feature","properties":{"osm_id":"way/435543141","name":"Rue Méry","building":null,"highway":"tertiary","tourism":null,"historic":null,"amenity":null,"height_m":null,"height_source":null,"levels":null,"source":"OpenStreetMap"},"geometry":{"type":"LineString","coordinates":[[5.3705724,43.2978227],[5.3706696,43.2978782]]}},{"type":"Feature","properties":{"osm_id":"way/435543142","name":"Rue Méry","building":null,"highway":"tertiary","tourism":null,"historic":null,"amenity":null,"height_m":null,"height_source":null,"levels":null,"source":"OpenStreetMap"},"geometry":{"type":"LineString","coordinates":[[5.3701371,43.2977353],[5.3704126,43.2977748],[5.3704674,43.2977861],[5.3705248,43.2978031],[5.3705724,43.2978227]]}},{"type":"Feature","properties":{"osm_id":"way/435543143","name":"Rue de la Mairie","building":null,"highway":"pedestrian","tourism":null,"historic":null,"amenity":null,"height_m":null,"height_source":null,"levels":null,"source":"OpenStreetMap"},"geometry":{"type":"LineString","coordinates":[[5.3703171,43.296299],[5.3702847,43.2964938]]}},{"type":"Feature","properties":{"osm_id":"way/435543167","name":null,"building":null,"highway":"pedestrian","tourism":null,"historic":null,"amenity":null,"height_m":null,"height_source":null,"levels":null,"source":"OpenStreetMap"},"geometry":{"type":"LineString","coordinates":[[5.3674114,43.2968184],[5.3674116,43.2968201],[5.3675857,43.2968519],[5.3677924,43.2968913],[5.3679999,43.2969439],[5.3681418,43.2969816],[5.3681432,43.2969755],[5.3681458,43.2969637],[5.3681619,43.2968808],[5.3680481,43.2968689],[5.3679052,43.2968543],[5.3678176,43.2968443],[5.3676588,43.2968291],[5.3674904,43.2968076],[5.3674151,43.2967994],[5.3674114,43.2968184]]}},{"type":"Feature","properties":{"osm_id":"way/435543171","name":null,"building":null,"highway":"footway","tourism":null,"historic":null,"amenity":null,"height_m":null,"height_source":null,"levels":null,"source":"OpenStreetMap"},"geometry":{"type":"LineString","coordinates":[[5.3683907,43.2970557],[5.3681432,43.2969755]]}},{"type":"Feature","properties":{"osm_id":"way/442019509","name":"Place de la Major","building":null,"highway":"tertiary","tourism":null,"historic":null,"amenity":null,"height_m":null,"height_source":null,"levels":null,"source":"OpenStreetMap"},"geometry":{"type":"LineString","coordinates":[[5.3653637,43.2988188],[5.3653997,43.2989155],[5.3655084,43.299277]]}},{"type":"Feature","properties":{"osm_id":"way/442019510","name":"Place des Treize Cantons","building":null,"highway":"pedestrian","tourism":null,"historic":null,"amenity":null,"height_m":null,"height_source":null,"levels":null,"source":"OpenStreetMap"},"geometry":{"type":"LineString","coordinates":[[5.3667343,43.2995048],[5.3667768,43.2995151],[5.3668179,43.299525],[5.3668425,43.2994284],[5.3667995,43.2994299],[5.3667385,43.2994307],[5.3667266,43.2994328],[5.3667157,43.2994446],[5.3667115,43.2994628],[5.3667134,43.2994798],[5.3667204,43.299492],[5.3667343,43.2995048]]}},{"type":"Feature","properties":{"osm_id":"way/442019511","name":"Place des Treize Cantons","building":null,"highway":"pedestrian","tourism":null,"historic":null,"amenity":null,"height_m":null,"height_source":null,"levels":null,"source":"OpenStreetMap"},"geometry":{"type":"LineString","coordinates":[[5.3665675,43.2993937],[5.3664937,43.2993968],[5.3664657,43.2993982],[5.3664846,43.2994705],[5.3664876,43.2994823],[5.3664915,43.2994972],[5.3665246,43.2995037],[5.3666122,43.2995208],[5.3666536,43.2995298],[5.3666887,43.2995375],[5.3666747,43.2995125],[5.3666647,43.2994957],[5.3666322,43.2994413],[5.3666229,43.2994257],[5.36661,43.2993893],[5.3665675,43.2993937]]}},{"type":"Feature","properties":{"osm_id":"way/442019513","name":"Place des Treize Cantons","building":null,"highway":"footway","tourism":null,"historic":null,"amenity":null,"height_m":null,"height_source":null,"levels":null,"source":"OpenStreetMap"},"geometry":{"type":"LineString","coordinates":[[5.3663457,43.299476],[5.3664137,43.2994689]]}},{"type":"Feature","properties":{"osm_id":"way/442019516","name":"Place des Treize Cantons","building":null,"highway":"footway","tourism":null,"historic":null,"amenity":null,"height_m":null,"height_source":null,"levels":null,"source":"OpenStreetMap"},"geometry":{"type":"LineString","coordinates":[[5.3664634,43.2994696],[5.3664671,43.2994799],[5.3664876,43.2994823]]}},{"type":"Feature","properties":{"osm_id":"way/442019517","name":"Place des Treize Cantons","building":null,"highway":"footway","tourism":null,"historic":null,"amenity":null,"height_m":null,"height_source":null,"levels":null,"source":"OpenStreetMap"},"geometry":{"type":"LineString","coordinates":[[5.3664218,43.2994263],[5.3664199,43.2994152],[5.3664514,43.2994133],[5.3664544,43.2994252]]}},{"type":"Feature","properties":{"osm_id":"way/442019518","name":"Place des Treize Cantons","building":null,"highway":"footway","tourism":null,"historic":null,"amenity":null,"height_m":null,"height_source":null,"levels":null,"source":"OpenStreetMap"},"geometry":{"type":"LineString","coordinates":[[5.3667266,43.2994328],[5.3667174,43.2994329],[5.3666693,43.2994377],[5.3666363,43.299441],[5.3666322,43.2994413]]}},{"type":"Feature","properties":{"osm_id":"way/442019519","name":"Place des Treize Cantons","building":null,"highway":"footway","tourism":null,"historic":null,"amenity":null,"height_m":null,"height_source":null,"levels":null,"source":"OpenStreetMap"},"geometry":{"type":"LineString","coordinates":[[5.3667343,43.2995048],[5.3667275,43.2995034],[5.366693,43.2994988],[5.3666691,43.2994961],[5.3666647,43.2994957]]}},{"type":"Feature","properties":{"osm_id":"way/442019526","name":"Traverse Sainte-Françoise","building":null,"highway":"pedestrian","tourism":null,"historic":null,"amenity":null,"height_m":null,"height_source":null,"levels":null,"source":"OpenStreetMap"},"geometry":{"type":"LineString","coordinates":[[5.3665037,43.2989551],[5.3663072,43.2989966]]}},{"type":"Feature","properties":{"osm_id":"way/442019527","name":"Traverse Sainte-Françoise","building":null,"highway":"pedestrian","tourism":null,"historic":null,"amenity":null,"height_m":null,"height_source":null,"levels":null,"source":"OpenStreetMap"},"geometry":{"type":"LineString","coordinates":[[5.3662801,43.299003],[5.3661907,43.2990201]]}},{"type":"Feature","properties":{"osm_id":"way/442019539","name":null,"building":null,"highway":"service","tourism":null,"historic":null,"amenity":null,"height_m":null,"height_source":null,"levels":null,"source":"OpenStreetMap"},"geometry":{"type":"LineString","coordinates":[[5.3659924,43.2995443],[5.3659353,43.2995548],[5.3659184,43.299552],[5.3659074,43.2995426],[5.3658442,43.2993327],[5.3658473,43.2993233],[5.3658614,43.2993165],[5.3659714,43.2992976],[5.365987,43.2992995],[5.3659953,43.2993111],[5.3660648,43.2995138],[5.3660618,43.2995266],[5.3660515,43.2995338],[5.3659924,43.2995443]]}},{"type":"Feature","properties":{"osm_id":"way/442028579","name":"Rue Saint-Thomé","building":null,"highway":"service","tourism":null,"historic":null,"amenity":null,"height_m":null,"height_source":null,"levels":null,"source":"OpenStreetMap"},"geometry":{"type":"LineString","coordinates":[[5.3640988,43.2976251],[5.3642896,43.2975488]]}},{"type":"Feature","properties":{"osm_id":"way/442028580","name":"Rue Saint-Thomé","building":null,"highway":"footway","tourism":null,"historic":null,"amenity":null,"height_m":null,"height_source":null,"levels":null,"source":"OpenStreetMap"},"geometry":{"type":"LineString","coordinates":[[5.3642942,43.297494],[5.3642903,43.2974891],[5.3643227,43.2974754],[5.3643327,43.2974703]]}},{"type":"Feature","properties":{"osm_id":"way/442028581","name":"Rue Saint-Thomé","building":null,"highway":"footway","tourism":null,"historic":null,"amenity":null,"height_m":null,"height_source":null,"levels":null,"source":"OpenStreetMap"},"geometry":{"type":"LineString","coordinates":[[5.3642896,43.2975488],[5.3643099,43.2975594],[5.3643364,43.2975486],[5.3643304,43.2975403]]}},{"type":"Feature","properties":{"osm_id":"way/442028582","name":"Rue Saint-Thomé","building":null,"highway":"footway","tourism":null,"historic":null,"amenity":null,"height_m":null,"height_source":null,"levels":null,"source":"OpenStreetMap"},"geometry":{"type":"LineString","coordinates":[[5.3643227,43.2974754],[5.3643371,43.2974927],[5.364325,43.2974974],[5.3643807,43.2975613],[5.3643639,43.2975694],[5.3643924,43.2976099],[5.3644347,43.2976135]]}},{"type":"Feature","properties":{"osm_id":"way/442028583","name":"Rue de l'Argentière","building":null,"highway":"pedestrian","tourism":null,"historic":null,"amenity":null,"height_m":null,"height_source":null,"levels":null,"source":"OpenStreetMap"},"geometry":{"type":"LineString","coordinates":[[5.3650138,43.2975723],[5.3647537,43.2976382]]}},{"type":"Feature","properties":{"osm_id":"way/442028584","name":null,"building":null,"highway":"footway","tourism":null,"historic":null,"amenity":null,"height_m":null,"height_source":null,"levels":null,"source":"OpenStreetMap"},"geometry":{"type":"LineString","coordinates":[[5.364448,43.2974201],[5.3644422,43.297412],[5.364508,43.297382],[5.3645214,43.2973764],[5.3645347,43.2973707],[5.3646023,43.2974527],[5.3645891,43.2974584],[5.3646035,43.2974754],[5.3645212,43.2975108],[5.3644558,43.2974293],[5.364448,43.2974201]]}},{"type":"Feature","properties":{"osm_id":"way/442028586","name":null,"building":null,"highway":"footway","tourism":null,"historic":null,"amenity":null,"height_m":null,"height_source":null,"levels":null,"source":"OpenStreetMap"},"geometry":{"type":"LineString","coordinates":[[5.3645214,43.2973764],[5.3644951,43.2973436]]}},{"type":"Feature","properties":{"osm_id":"way/442028588","name":null,"building":null,"highway":"footway","tourism":null,"historic":null,"amenity":null,"height_m":null,"height_source":null,"levels":null,"source":"OpenStreetMap"},"geometry":{"type":"LineString","coordinates":[[5.3655144,43.2977667],[5.3655441,43.2977648]]}},{"type":"Feature","properties":{"osm_id":"way/442028589","name":null,"building":null,"highway":"footway","tourism":null,"historic":null,"amenity":null,"height_m":null,"height_source":null,"levels":null,"source":"OpenStreetMap"},"geometry":{"type":"LineString","coordinates":[[5.3647406,43.2972163],[5.36476,43.297209]]}},{"type":"Feature","properties":{"osm_id":"way/442028590","name":null,"building":null,"highway":"footway","tourism":null,"historic":null,"amenity":null,"height_m":null,"height_source":null,"levels":null,"source":"OpenStreetMap"},"geometry":{"type":"LineString","coordinates":[[5.3658541,43.2974107],[5.3658752,43.29741]]}},{"type":"Feature","properties":{"osm_id":"way/442028592","name":null,"building":null,"highway":"footway","tourism":null,"historic":null,"amenity":null,"height_m":null,"height_source":null,"levels":null,"source":"OpenStreetMap"},"geometry":{"type":"LineString","coordinates":[[5.3657832,43.2977637],[5.3658096,43.2977597]]}},{"type":"Feature","properties":{"osm_id":"way/442028593","name":null,"building":null,"highway":"footway","tourism":null,"historic":null,"amenity":null,"height_m":null,"height_source":null,"levels":null,"source":"OpenStreetMap"},"geometry":{"type":"LineString","coordinates":[[5.3644159,43.2972514],[5.3644638,43.2972296],[5.3644773,43.2972453]]}},{"type":"Feature","properties":{"osm_id":"way/442028594","name":null,"building":null,"highway":"footway","tourism":null,"historic":null,"amenity":null,"height_m":null,"height_source":null,"levels":null,"source":"OpenStreetMap"},"geometry":{"type":"LineString","coordinates":[[5.3644951,43.2973436],[5.3644159,43.2972514],[5.3643507,43.2971938]]}},{"type":"Feature","properties":{"osm_id":"way/442028595","name":null,"building":null,"highway":"footway","tourism":null,"historic":null,"amenity":null,"height_m":null,"height_source":null,"levels":null,"source":"OpenStreetMap"},"geometry":{"type":"LineString","coordinates":[[5.364675,43.2970038],[5.3645978,43.2970362],[5.3647406,43.2972163],[5.3646733,43.2972459]]}},{"type":"Feature","properties":{"osm_id":"way/442028596","name":null,"building":null,"highway":"service","tourism":null,"historic":null,"amenity":null,"height_m":null,"height_source":null,"levels":null,"source":"OpenStreetMap"},"geometry":{"type":"LineString","coordinates":[[5.3657523,43.2972565],[5.3657527,43.297282],[5.3657531,43.2972873],[5.3657526,43.2972988]]}},{"type":"Feature","properties":{"osm_id":"way/442028597","name":null,"building":null,"highway":"footway","tourism":null,"historic":null,"amenity":null,"height_m":null,"height_source":null,"levels":null,"source":"OpenStreetMap"},"geometry":{"type":"LineString","coordinates":[[5.3656202,43.2973297],[5.3656021,43.2973308],[5.3655278,43.2973383],[5.3655275,43.2972881]]}},{"type":"Feature","properties":{"osm_id":"way/442028598","name":null,"building":null,"highway":"footway","tourism":null,"historic":null,"amenity":null,"height_m":null,"height_source":null,"levels":null,"source":"OpenStreetMap"},"geometry":{"type":"LineString","coordinates":[[5.3646382,43.2972618],[5.3645746,43.2972908],[5.3645327,43.2973099],[5.3645138,43.2972878]]}},{"type":"Feature","properties":{"osm_id":"way/442028599","name":null,"building":null,"highway":"footway","tourism":null,"historic":null,"amenity":null,"height_m":null,"height_source":null,"levels":null,"source":"OpenStreetMap"},"geometry":{"type":"LineString","coordinates":[[5.3647741,43.2972016],[5.3647919,43.2971946],[5.3648056,43.2971953],[5.3648445,43.2971811],[5.3650497,43.2972714],[5.3650806,43.2972353]]}},{"type":"Feature","properties":{"osm_id":"way/442029369","name":"Square Protis","building":null,"highway":"service","tourism":null,"historic":null,"amenity":null,"height_m":null,"height_source":null,"levels":null,"source":"OpenStreetMap"},"geometry":{"type":"LineString","coordinates":[[5.3637597,43.2964966],[5.3636939,43.2965248],[5.3636788,43.2965262],[5.3636687,43.2965233],[5.3636513,43.2965127],[5.3634052,43.2962159]]}},{"type":"Feature","properties":{"osm_id":"way/442029371","name":null,"building":null,"highway":"footway","tourism":null,"historic":null,"amenity":null,"height_m":null,"height_source":null,"levels":null,"source":"OpenStreetMap"},"geometry":{"type":"LineString","coordinates":[[5.3653997,43.2989155],[5.3653635,43.2989216]]}},{"type":"Feature","properties":{"osm_id":"way/442029374","name":null,"building":null,"highway":"footway","tourism":null,"historic":null,"amenity":null,"height_m":null,"height_source":null,"levels":null,"source":"OpenStreetMap"},"geometry":{"type":"LineString","coordinates":[[5.3647291,43.2983891],[5.3647364,43.2984071]]}},{"type":"Feature","properties":{"osm_id":"way/442029375","name":null,"building":null,"highway":"footway","tourism":null,"historic":null,"amenity":null,"height_m":null,"height_source":null,"levels":null,"source":"OpenStreetMap"},"geometry":{"type":"LineString","coordinates":[[5.3652636,43.298837],[5.3652753,43.2988742]]}},{"type":"Feature","properties":{"osm_id":"way/442029377","name":null,"building":null,"highway":"footway","tourism":null,"historic":null,"amenity":null,"height_m":null,"height_source":null,"levels":null,"source":"OpenStreetMap"},"geometry":{"type":"LineString","coordinates":[[5.3647235,43.2986605],[5.3646842,43.2986663],[5.3646471,43.2986717]]}},{"type":"Feature","properties":{"osm_id":"way/442029379","name":null,"building":null,"highway":"footway","tourism":null,"historic":null,"amenity":null,"height_m":null,"height_source":null,"levels":null,"source":"OpenStreetMap"},"geometry":{"type":"LineString","coordinates":[[5.3649203,43.2988623],[5.3649318,43.2988972],[5.3649444,43.2989297]]}},{"type":"Feature","properties":{"osm_id":"way/442034344","name":"Rue Michel Salvarelli","building":null,"highway":"pedestrian","tourism":null,"historic":null,"amenity":null,"height_m":null,"height_source":null,"levels":null,"source":"OpenStreetMap"},"geometry":{"type":"LineString","coordinates":[[5.3677976,43.2987634],[5.3678352,43.2987585]]}},{"type":"Feature","properties":{"osm_id":"way/442034345","name":"Rue Michel Salvarelli","building":null,"highway":"service","tourism":null,"historic":null,"amenity":null,"height_m":null,"height_source":null,"levels":null,"source":"OpenStreetMap"},"geometry":{"type":"LineString","coordinates":[[5.3681322,43.2987156],[5.368157,43.2987107]]}},{"type":"Feature","properties":{"osm_id":"way/442034347","name":"Rue Michel Salvarelli","building":null,"highway":"pedestrian","tourism":null,"historic":null,"amenity":null,"height_m":null,"height_source":null,"levels":null,"source":"OpenStreetMap"},"geometry":{"type":"LineString","coordinates":[[5.3677205,43.2987754],[5.3677654,43.2987688]]}},{"type":"Feature","properties":{"osm_id":"way/442034348","name":"Traverse des Cartiers","building":null,"highway":"footway","tourism":null,"historic":null,"amenity":null,"height_m":null,"height_source":null,"levels":null,"source":"OpenStreetMap"},"geometry":{"type":"LineString","coordinates":[[5.3687689,43.2987527],[5.3687146,43.2987657]]}},{"type":"Feature","properties":{"osm_id":"way/442034351","name":"Traverse des Cartiers","building":null,"highway":"footway","tourism":null,"historic":null,"amenity":null,"height_m":null,"height_source":null,"levels":null,"source":"OpenStreetMap"},"geometry":{"type":"LineString","coordinates":[[5.3688829,43.2987292],[5.3688366,43.2987385]]}},{"type":"Feature","properties":{"osm_id":"way/442034353","name":null,"building":null,"highway":"pedestrian","tourism":null,"historic":null,"amenity":null,"height_m":null,"height_source":null,"levels":null,"source":"OpenStreetMap"},"geometry":{"type":"LineString","coordinates":[[5.3678079,43.2980278],[5.3678768,43.2980569],[5.3679157,43.2980218],[5.3679097,43.2980042],[5.3678618,43.2979793],[5.3678079,43.2980278]]}},{"type":"Feature","properties":{"osm_id":"way/442051052","name":"Quai du Port","building":null,"highway":"tertiary","tourism":null,"historic":null,"amenity":null,"height_m":null,"height_source":null,"levels":null,"source":"OpenStreetMap"},"geometry":{"type":"LineString","coordinates":[[5.3643971,43.2953339],[5.3639223,43.2952339],[5.3638254,43.2952193],[5.3637363,43.2952101],[5.3636514,43.2952058],[5.363563,43.2952057]]}},{"type":"Feature","properties":{"osm_id":"way/442051054","name":null,"building":null,"highway":"service","tourism":null,"historic":null,"amenity":null,"height_m":null,"height_source":null,"levels":null,"source":"OpenStreetMap"},"geometry":{"type":"LineString","coordinates":[[5.3649022,43.2959478],[5.3648481,43.2959718],[5.3645668,43.2960966]]}},{"type":"Feature","properties":{"osm_id":"way/459049624","name":null,"building":null,"highway":"footway","tourism":null,"historic":null,"amenity":null,"height_m":null,"height_source":null,"levels":null,"source":"OpenStreetMap"},"geometry":{"type":"LineString","coordinates":[[5.3632581,43.2980585],[5.3630408,43.2974307],[5.3629126,43.2969958]]}},{"type":"Feature","properties":{"osm_id":"way/459049625","name":null,"building":null,"highway":"footway","tourism":null,"historic":null,"amenity":null,"height_m":null,"height_source":null,"levels":null,"source":"OpenStreetMap"},"geometry":{"type":"LineString","coordinates":[[5.3629126,43.2969958],[5.3629691,43.2969881]]}},{"type":"Feature","properties":{"osm_id":"way/477761934","name":"Rue des Consuls","building":null,"highway":"residential","tourism":null,"historic":null,"amenity":null,"height_m":null,"height_source":null,"levels":null,"source":"OpenStreetMap"},"geometry":{"type":"LineString","coordinates":[[5.3724546,43.2973038],[5.3724942,43.2971314],[5.3724937,43.297087]]}},{"type":"Feature","properties":{"osm_id":"way/477761938","name":null,"building":null,"highway":"service","tourism":null,"historic":null,"amenity":null,"height_m":null,"height_source":null,"levels":null,"source":"OpenStreetMap"},"geometry":{"type":"LineString","coordinates":[[5.3720699,43.2988229],[5.3720592,43.298922],[5.3720294,43.2989734],[5.3718992,43.2991347]]}},{"type":"Feature","properties":{"osm_id":"way/496705141","name":"Impasse Roqueplan","building":null,"highway":"service","tourism":null,"historic":null,"amenity":null,"height_m":null,"height_source":null,"levels":null,"source":"OpenStreetMap"},"geometry":{"type":"LineString","coordinates":[[5.3690391,43.2968129],[5.3689999,43.296999]]}},{"type":"Feature","properties":{"osm_id":"way/496705142","name":"Rue de la Loge","building":null,"highway":"residential","tourism":null,"historic":null,"amenity":null,"height_m":null,"height_source":null,"levels":null,"source":"OpenStreetMap"},"geometry":{"type":"LineString","coordinates":[[5.3656445,43.2958815],[5.3655089,43.2958763],[5.365449,43.2958861],[5.3654121,43.2959008],[5.3653725,43.2959165],[5.365329,43.2959384]]}},{"type":"Feature","properties":{"osm_id":"way/496705143","name":"Rue de la Loge","building":null,"highway":"residential","tourism":null,"historic":null,"amenity":null,"height_m":null,"height_source":null,"levels":null,"source":"OpenStreetMap"},"geometry":{"type":"LineString","coordinates":[[5.3651685,43.2957477],[5.3652102,43.2957689],[5.3652442,43.2957864],[5.3652867,43.2957997],[5.3653155,43.2958071],[5.3656445,43.2958815]]}},{"type":"Feature","properties":{"osm_id":"way/501645068","name":"Montée du Saint-Esprit","building":null,"highway":"footway","tourism":null,"historic":null,"amenity":null,"height_m":null,"height_source":null,"levels":null,"source":"OpenStreetMap"},"geometry":{"type":"LineString","coordinates":[[5.3690764,43.2986846],[5.3690743,43.2987213]]}},{"type":"Feature","properties":{"osm_id":"way/501645069","name":"Rue de l'Hotel-Dieu","building":null,"highway":"pedestrian","tourism":null,"historic":null,"amenity":null,"height_m":null,"height_source":null,"levels":null,"source":"OpenStreetMap"},"geometry":{"type":"LineString","coordinates":[[5.3685953,43.2981244],[5.3692159,43.2981831]]}},{"type":"Feature","properties":{"osm_id":"way/501645070","name":null,"building":null,"highway":"service","tourism":null,"historic":null,"amenity":null,"height_m":null,"height_source":null,"levels":null,"source":"OpenStreetMap"},"geometry":{"type":"LineString","coordinates":[[5.3693069,43.2975703],[5.3692924,43.2976033],[5.3692782,43.2976328],[5.3692635,43.2976465],[5.3692425,43.297659],[5.3691739,43.2976806],[5.3691051,43.2976958],[5.3690609,43.2976894],[5.3690408,43.2976655],[5.3690073,43.2975947]]}},{"type":"Feature","properties":{"osm_id":"way/508862076","name":"Avenue Vaudoyer","building":null,"highway":"tertiary","tourism":null,"historic":null,"amenity":null,"height_m":null,"height_source":null,"levels":null,"source":"OpenStreetMap"},"geometry":{"type":"LineString","coordinates":[[5.3628779,43.296787],[5.3628989,43.296806],[5.3629116,43.2968285],[5.362915,43.2968526],[5.3629061,43.2968816],[5.3628842,43.2969065],[5.3628517,43.2969244]]}},{"type":"Feature","properties":{"osm_id":"way/508862078","name":"Avenue Vaudoyer","building":null,"highway":"tertiary","tourism":null,"historic":null,"amenity":null,"height_m":null,"height_source":null,"levels":null,"source":"OpenStreetMap"},"geometry":{"type":"LineString","coordinates":[[5.362695,43.2968872],[5.362684,43.2968628],[5.3626836,43.2968371]]}},{"type":"Feature","properties":{"osm_id":"way/508862247","name":"Avenue Vaudoyer","building":null,"highway":"tertiary","tourism":null,"historic":null,"amenity":null,"height_m":null,"height_source":null,"levels":null,"source":"OpenStreetMap"},"geometry":{"type":"LineString","coordinates":[[5.3628517,43.2969244],[5.362817,43.2969326],[5.3627805,43.2969326],[5.3627458,43.2969244],[5.3627164,43.2969088],[5.362695,43.2968872]]}},{"type":"Feature","properties":{"osm_id":"way/549015589","name":"Place Commandant G. Bergoin","building":null,"highway":"pedestrian","tourism":null,"historic":null,"amenity":null,"height_m":null,"height_source":null,"levels":null,"source":"OpenStreetMap"},"geometry":{"type":"LineString","coordinates":[[5.3631239,43.2949883],[5.3632017,43.2948889],[5.3632315,43.2948518],[5.3632455,43.2948583],[5.3632704,43.2948313],[5.3635448,43.2949585],[5.363546,43.2949711],[5.3635473,43.2949843],[5.3635701,43.2949943],[5.3635686,43.2950486],[5.3635681,43.2950675],[5.363309,43.2950756],[5.3631239,43.2949883]]}},{"type":"Feature","properties":{"osm_id":"way/549015590","name":"Promenade Louis Brauquier","building":null,"highway":"footway","tourism":null,"historic":null,"amenity":null,"height_m":null,"height_source":null,"levels":null,"source":"OpenStreetMap"},"geometry":{"type":"LineString","coordinates":[[5.3619711,43.2948546],[5.361924,43.2948873],[5.3619555,43.2949329],[5.3614569,43.2951467],[5.3611442,43.2955173],[5.3611042,43.2955264],[5.3610425,43.2955499],[5.3609983,43.295584],[5.3609716,43.2956292],[5.360962,43.2956797],[5.3609795,43.2957275],[5.3610387,43.2957707],[5.3611143,43.2957924],[5.3612237,43.2960824],[5.3615843,43.2960264],[5.3616129,43.2960404],[5.3616669,43.2960668],[5.3618032,43.2961319],[5.3623768,43.2963997]]}},{"type":"Feature","properties":{"osm_id":"way/549015591","name":"Promenade Louis Brauquier","building":null,"highway":"footway","tourism":null,"historic":null,"amenity":null,"height_m":null,"height_source":null,"levels":null,"source":"OpenStreetMap"},"geometry":{"type":"LineString","coordinates":[[5.362948,43.2946287],[5.3629351,43.2946228],[5.3629214,43.2946181],[5.3628671,43.2946104],[5.3628017,43.2946172],[5.3627672,43.2946235],[5.3627517,43.2946296],[5.3627423,43.2946374],[5.3627359,43.2946715],[5.3621272,43.2947463],[5.3620788,43.2947689],[5.3620529,43.2948051],[5.3620055,43.2948334]]}},{"type":"Feature","properties":{"osm_id":"way/553864274","name":"Quai du Port","building":null,"highway":"tertiary","tourism":null,"historic":null,"amenity":null,"height_m":null,"height_source":null,"levels":null,"source":"OpenStreetMap"},"geometry":{"type":"LineString","coordinates":[[5.3648823,43.2954191],[5.3647161,43.2953929],[5.3643971,43.2953339]]}},{"type":"Feature","properties":{"osm_id":"way/570725927","name":null,"building":null,"highway":"footway","tourism":null,"historic":null,"amenity":null,"height_m":null,"height_source":null,"levels":null,"source":"OpenStreetMap"},"geometry":{"type":"LineString","coordinates":[[5.3635686,43.2950486],[5.3632017,43.2948889],[5.3631468,43.2948639],[5.3629719,43.2947842]]}},{"type":"Feature","properties":{"osm_id":"way/570725928","name":null,"building":null,"highway":"footway","tourism":null,"historic":null,"amenity":null,"height_m":null,"height_source":null,"levels":null,"source":"OpenStreetMap"},"geometry":{"type":"LineString","coordinates":[[5.3647657,43.295245],[5.3645649,43.2952057],[5.3641651,43.2951334],[5.3637843,43.2950709],[5.3636469,43.295052],[5.3635686,43.2950486],[5.3634337,43.2950598],[5.363309,43.2950756]]}},{"type":"Feature","properties":{"osm_id":"way/570725929","name":null,"building":null,"highway":"service","tourism":null,"historic":null,"amenity":null,"height_m":null,"height_source":null,"levels":null,"source":"OpenStreetMap"},"geometry":{"type":"LineString","coordinates":[[5.364201,43.2950188],[5.3641651,43.2951334],[5.364157,43.2951574],[5.3641391,43.2952106]]}},{"type":"Feature","properties":{"osm_id":"way/570725930","name":null,"building":null,"highway":"service","tourism":null,"historic":null,"amenity":null,"height_m":null,"height_source":null,"levels":null,"source":"OpenStreetMap"},"geometry":{"type":"LineString","coordinates":[[5.3647309,43.2953142],[5.3647524,43.2952714],[5.3647657,43.295245],[5.3647712,43.2952316],[5.364795,43.2951593],[5.3647986,43.2951483],[5.3647972,43.2951409],[5.3647921,43.2951337],[5.3647828,43.2951291],[5.3643538,43.2950478],[5.364201,43.2950188],[5.3641899,43.295013],[5.3641651,43.2949888],[5.3641552,43.2949827],[5.3636692,43.2948866],[5.3636038,43.2948746]]}},{"type":"Feature","properties":{"osm_id":"way/603501741","name":"Place Sadi Carnot","building":null,"highway":"secondary","tourism":null,"historic":null,"amenity":null,"height_m":null,"height_source":null,"levels":null,"source":"OpenStreetMap"},"geometry":{"type":"LineString","coordinates":[[5.3714141,43.2994762],[5.3713924,43.29943],[5.3713923,43.2993812],[5.3714138,43.2993349],[5.3714547,43.2992962],[5.3715105,43.2992691]]}},{"type":"Feature","properties":{"osm_id":"way/603501742","name":"Place Sadi Carnot","building":null,"highway":"secondary","tourism":null,"historic":null,"amenity":null,"height_m":null,"height_source":null,"levels":null,"source":"OpenStreetMap"},"geometry":{"type":"LineString","coordinates":[[5.3715892,43.2995548],[5.3715362,43.2995486],[5.3715043,43.2995382],[5.3714872,43.2995326],[5.371473,43.2995242],[5.3714455,43.2995079],[5.3714141,43.2994762]]}},{"type":"Feature","properties":{"osm_id":"way/615166094","name":null,"building":null,"highway":"footway","tourism":null,"historic":null,"amenity":null,"height_m":null,"height_source":null,"levels":null,"source":"OpenStreetMap"},"geometry":{"type":"LineString","coordinates":[[5.3710153,43.296509],[5.3709989,43.2965965]]}},{"type":"Feature","properties":{"osm_id":"way/615166096","name":null,"building":null,"highway":"footway","tourism":null,"historic":null,"amenity":null,"height_m":null,"height_source":null,"levels":null,"source":"OpenStreetMap"},"geometry":{"type":"LineString","coordinates":[[5.3710398,43.2963784],[5.3710153,43.296509]]}},{"type":"Feature","properties":{"osm_id":"way/615166098","name":null,"building":null,"highway":"footway","tourism":null,"historic":null,"amenity":null,"height_m":null,"height_source":null,"levels":null,"source":"OpenStreetMap"},"geometry":{"type":"LineString","coordinates":[[5.3710566,43.2962891],[5.3710398,43.2963784]]}},{"type":"Feature","properties":{"osm_id":"way/631214092","name":"Rue Henri Tasso","building":null,"highway":"footway","tourism":null,"historic":null,"amenity":null,"height_m":null,"height_source":null,"levels":null,"source":"OpenStreetMap"},"geometry":{"type":"LineString","coordinates":[[5.36614,43.2963219],[5.3660959,43.2964438]]}},{"type":"Feature","properties":{"osm_id":"way/637597238","name":null,"building":null,"highway":"footway","tourism":null,"historic":null,"amenity":null,"height_m":null,"height_source":null,"levels":null,"source":"OpenStreetMap"},"geometry":{"type":"LineString","coordinates":[[5.3671696,43.2984985],[5.3671759,43.2985134],[5.3671831,43.2985307]]}},{"type":"Feature","properties":{"osm_id":"way/637597242","name":null,"building":null,"highway":"footway","tourism":null,"historic":null,"amenity":null,"height_m":null,"height_source":null,"levels":null,"source":"OpenStreetMap"},"geometry":{"type":"LineString","coordinates":[[5.3670665,43.2982154],[5.367075,43.298234]]}},{"type":"Feature","properties":{"osm_id":"way/637597243","name":"Place Marie Ange de la Pinta","building":null,"highway":"pedestrian","tourism":null,"historic":null,"amenity":null,"height_m":null,"height_source":null,"levels":null,"source":"OpenStreetMap"},"geometry":{"type":"LineString","coordinates":[[5.3667754,43.2980125],[5.3669722,43.2979903],[5.3669553,43.2979344],[5.3669356,43.297876],[5.3667469,43.2978982],[5.3667523,43.2979201],[5.3667754,43.2980125]]}},{"type":"Feature","properties":{"osm_id":"way/637597244","name":null,"building":null,"highway":"footway","tourism":null,"historic":null,"amenity":null,"height_m":null,"height_source":null,"levels":null,"source":"OpenStreetMap"},"geometry":{"type":"LineString","coordinates":[[5.3640221,43.2967915],[5.364115,43.2967527]]}},{"type":"Feature","properties":{"osm_id":"way/637597245","name":null,"building":null,"highway":"footway","tourism":null,"historic":null,"amenity":null,"height_m":null,"height_source":null,"levels":null,"source":"OpenStreetMap"},"geometry":{"type":"LineString","coordinates":[[5.3643759,43.2966374],[5.3643056,43.2966704]]}},{"type":"Feature","properties":{"osm_id":"way/637597246","name":null,"building":null,"highway":"footway","tourism":null,"historic":null,"amenity":null,"height_m":null,"height_source":null,"levels":null,"source":"OpenStreetMap"},"geometry":{"type":"LineString","coordinates":[[5.3634052,43.2962159],[5.3633358,43.2962458]]}},{"type":"Feature","properties":{"osm_id":"way/637597247","name":null,"building":null,"highway":"footway","tourism":null,"historic":null,"amenity":null,"height_m":null,"height_source":null,"levels":null,"source":"OpenStreetMap"},"geometry":{"type":"LineString","coordinates":[[5.3630831,43.2963583],[5.3632069,43.2963006]]}},{"type":"Feature","properties":{"osm_id":"way/637597250","name":"Square Protis","building":null,"highway":"residential","tourism":null,"historic":null,"amenity":null,"height_m":null,"height_source":null,"levels":null,"source":"OpenStreetMap"},"geometry":{"type":"LineString","coordinates":[[5.3639113,43.2960659],[5.3638501,43.2960907],[5.3636844,43.2961592],[5.3636556,43.2961755],[5.363635,43.29619],[5.3636206,43.2962097],[5.3636101,43.296228],[5.3636044,43.2962442],[5.3636006,43.2962633],[5.3636053,43.2962884],[5.3636139,43.2963111],[5.3636328,43.2963397],[5.3637597,43.2964966]]}},{"type":"Feature","properties":{"osm_id":"way/637597251","name":"Quai du Port","building":null,"highway":"pedestrian","tourism":null,"historic":null,"amenity":null,"height_m":null,"height_source":null,"levels":null,"source":"OpenStreetMap"},"geometry":{"type":"LineString","coordinates":[[5.3696291,43.2957882],[5.369592,43.29599],[5.3695819,43.2960427],[5.3695602,43.2961671],[5.3695496,43.2962192],[5.3696249,43.296225],[5.3697206,43.2962324],[5.3698314,43.2962439],[5.3698337,43.2962317],[5.3698898,43.2962374],[5.3698901,43.2962355],[5.3699617,43.2962429],[5.3699614,43.2962449],[5.3700172,43.2962505],[5.3700148,43.296263],[5.3701263,43.2962746],[5.3703171,43.296299],[5.3704753,43.2963192],[5.3704958,43.2962326],[5.3705058,43.2961902],[5.3703433,43.2961728],[5.3703531,43.29612],[5.3703627,43.2960725],[5.3706295,43.2960992],[5.3709327,43.2961325],[5.3709561,43.2961354],[5.3709606,43.2961131],[5.371321,43.2961495],[5.371317,43.2961723],[5.3713456,43.2961761],[5.3716492,43.2962048],[5.3719445,43.2962369],[5.372187,43.2962633],[5.3725867,43.2963034],[5.3727489,43.2963102],[5.3728509,43.2963043],[5.3729179,43.2962877],[5.3736012,43.2961006],[5.3735247,43.2958999],[5.37333,43.2959487],[5.3728266,43.2960747],[5.3726715,43.2961136],[5.3722548,43.2960735],[5.3719797,43.2960463],[5.3717178,43.2960225],[5.3713954,43.2959903],[5.3711828,43.295969],[5.3706465,43.2959163],[5.3705006,43.2959036],[5.3704602,43.2958995],[5.3704209,43.2958966],[5.3704267,43.2958683],[5.3701838,43.2958427],[5.3698472,43.2958095],[5.3696291,43.2957882]]}},{"type":"Feature","properties":{"osm_id":"way/637597252","name":"Rue de la République","building":null,"highway":"secondary","tourism":null,"historic":null,"amenity":null,"height_m":null,"height_source":null,"levels":null,"source":"OpenStreetMap"},"geometry":{"type":"LineString","coordinates":[[5.3713124,43.2996233],[5.3713297,43.2996025],[5.3713573,43.2995684],[5.3714141,43.2994762]]}},{"type":"Feature","properties":{"osm_id":"way/637597254","name":"Rue Méry","building":null,"highway":"tertiary","tourism":null,"historic":null,"amenity":null,"height_m":null,"height_source":null,"levels":null,"source":"OpenStreetMap"},"geometry":{"type":"LineString","coordinates":[[5.3714229,43.2991197],[5.3714387,43.2991466],[5.3714495,43.299165],[5.3715105,43.2992691]]}},{"type":"Feature","properties":{"osm_id":"way/637597255","name":"Rue de la République","building":null,"highway":"secondary","tourism":null,"historic":null,"amenity":null,"height_m":null,"height_source":null,"levels":null,"source":"OpenStreetMap"},"geometry":{"type":"LineString","coordinates":[[5.3717833,43.2991693],[5.3717858,43.2991664],[5.3717977,43.2991521],[5.3717999,43.2991494]]}},{"type":"Feature","properties":{"osm_id":"way/637597258","name":"Rue Puvis de Chavannes","building":null,"highway":"residential","tourism":null,"historic":null,"amenity":null,"height_m":null,"height_source":null,"levels":null,"source":"OpenStreetMap"},"geometry":{"type":"LineString","coordinates":[[5.3742806,43.299926],[5.3741634,43.2996719],[5.3741204,43.2996217],[5.3732529,43.2994608]]}},{"type":"Feature","properties":{"osm_id":"way/666096167","name":"Quai des Belges","building":null,"highway":"secondary","tourism":null,"historic":null,"amenity":null,"height_m":null,"height_source":null,"levels":null,"source":"OpenStreetMap"},"geometry":{"type":"LineString","coordinates":[[5.3743233,43.2958412],[5.3743185,43.2959315],[5.3742931,43.2959938],[5.3742387,43.2960555],[5.3741641,43.2960944],[5.3740373,43.29612]]}},{"type":"Feature","properties":{"osm_id":"way/675598550","name":null,"building":null,"highway":"footway","tourism":null,"historic":null,"amenity":null,"height_m":null,"height_source":null,"levels":null,"source":"OpenStreetMap"},"geometry":{"type":"LineString","coordinates":[[5.3709971,43.2932513],[5.371109,43.2932303],[5.3714163,43.2925228],[5.3714068,43.2925124],[5.3713733,43.2925062]]}},{"type":"Feature","properties":{"osm_id":"way/675598551","name":null,"building":null,"highway":"footway","tourism":null,"historic":null,"amenity":null,"height_m":null,"height_source":null,"levels":null,"source":"OpenStreetMap"},"geometry":{"type":"LineString","coordinates":[[5.3713733,43.2925062],[5.3713859,43.2924637],[5.3714004,43.2924147]]}},{"type":"Feature","properties":{"osm_id":"way/675598558","name":null,"building":null,"highway":"footway","tourism":null,"historic":null,"amenity":null,"height_m":null,"height_source":null,"levels":null,"source":"OpenStreetMap"},"geometry":{"type":"LineString","coordinates":[[5.3710841,43.2934941],[5.3711033,43.2934538],[5.371129,43.2933998],[5.3709473,43.2933535]]}},{"type":"Feature","properties":{"osm_id":"way/676640475","name":null,"building":null,"highway":"footway","tourism":null,"historic":null,"amenity":null,"height_m":null,"height_source":null,"levels":null,"source":"OpenStreetMap"},"geometry":{"type":"LineString","coordinates":[[5.3619015,43.2954332],[5.3618133,43.2954157]]}},{"type":"Feature","properties":{"osm_id":"way/676640476","name":null,"building":null,"highway":"footway","tourism":null,"historic":null,"amenity":null,"height_m":null,"height_source":null,"levels":null,"source":"OpenStreetMap"},"geometry":{"type":"LineString","coordinates":[[5.3618839,43.2952673],[5.3618888,43.2952571],[5.3619137,43.2951989],[5.3619224,43.2951779],[5.3619743,43.2950522],[5.3619853,43.2950311],[5.3620024,43.2949985]]}},{"type":"Feature","properties":{"osm_id":"way/676641426","name":"Parvis Saint-Laurent","building":null,"highway":"residential","tourism":null,"historic":null,"amenity":null,"height_m":null,"height_source":null,"levels":null,"source":"OpenStreetMap"},"geometry":{"type":"LineString","coordinates":[[5.3631585,43.2958008],[5.3631028,43.2958431],[5.3630661,43.295875],[5.3630318,43.2959179],[5.3630164,43.295954],[5.363006,43.2959963],[5.3630003,43.2960427],[5.3630013,43.2960945],[5.3630086,43.296144]]}},{"type":"Feature","properties":{"osm_id":"way/676641427","name":null,"building":null,"highway":"footway","tourism":null,"historic":null,"amenity":null,"height_m":null,"height_source":null,"levels":null,"source":"OpenStreetMap"},"geometry":{"type":"LineString","coordinates":[[5.3656117,43.2972814],[5.3656252,43.2973193],[5.3657832,43.2977637]]}},{"type":"Feature","properties":{"osm_id":"way/676641428","name":null,"building":null,"highway":"footway","tourism":null,"historic":null,"amenity":null,"height_m":null,"height_source":null,"levels":null,"source":"OpenStreetMap"},"geometry":{"type":"LineString","coordinates":[[5.3706295,43.2960992],[5.3704602,43.2958995]]}},{"type":"Feature","properties":{"osm_id":"way/676641429","name":null,"building":null,"highway":"footway","tourism":null,"historic":null,"amenity":null,"height_m":null,"height_source":null,"levels":null,"source":"OpenStreetMap"},"geometry":{"type":"LineString","coordinates":[[5.3689398,43.2973304],[5.3689999,43.2973824],[5.3690629,43.2974302],[5.369128,43.297459],[5.3691904,43.2974749]]}},{"type":"Feature","properties":{"osm_id":"way/676641430","name":"Rue de la Prison","building":null,"highway":"residential","tourism":null,"historic":null,"amenity":null,"height_m":null,"height_source":null,"levels":null,"source":"OpenStreetMap"},"geometry":{"type":"LineString","coordinates":[[5.3691904,43.2974749],[5.3694051,43.297109]]}},{"type":"Feature","properties":{"osm_id":"way/676641431","name":"Rue de la Prison","building":null,"highway":"pedestrian","tourism":null,"historic":null,"amenity":null,"height_m":null,"height_source":null,"levels":null,"source":"OpenStreetMap"},"geometry":{"type":"LineString","coordinates":[[5.3696395,43.2964234],[5.3695941,43.2963938],[5.3696249,43.296225],[5.3696561,43.2960484]]}},{"type":"Feature","properties":{"osm_id":"way/676641432","name":"Rue de la Loge","building":null,"highway":"pedestrian","tourism":null,"historic":null,"amenity":null,"height_m":null,"height_source":null,"levels":null,"source":"OpenStreetMap"},"geometry":{"type":"LineString","coordinates":[[5.3702847,43.2964938],[5.3700333,43.2964666],[5.3699199,43.2964543]]}},{"type":"Feature","properties":{"osm_id":"way/676641433","name":null,"building":null,"highway":"footway","tourism":null,"historic":null,"amenity":null,"height_m":null,"height_source":null,"levels":null,"source":"OpenStreetMap"},"geometry":{"type":"LineString","coordinates":[[5.3706004,43.2962429],[5.3709087,43.296274],[5.3710566,43.2962891],[5.371318,43.2963157],[5.3717457,43.2963607]]}},{"type":"Feature","properties":{"osm_id":"way/679790438","name":"Rue Sainte-Françoise","building":null,"highway":"pedestrian","tourism":null,"historic":null,"amenity":null,"height_m":null,"height_source":null,"levels":null,"source":"OpenStreetMap"},"geometry":{"type":"LineString","coordinates":[[5.3663238,43.2983312],[5.3664008,43.2985845]]}},{"type":"Feature","properties":{"osm_id":"way/679790448","name":"Montée du Saint-Esprit","building":null,"highway":"footway","tourism":null,"historic":null,"amenity":null,"height_m":null,"height_source":null,"levels":null,"source":"OpenStreetMap"},"geometry":{"type":"LineString","coordinates":[[5.3691255,43.2984001],[5.3691246,43.298457]]}},{"type":"Feature","properties":{"osm_id":"way/700660056","name":"Cours Jean Ballard","building":null,"highway":"tertiary","tourism":null,"historic":null,"amenity":null,"height_m":null,"height_source":null,"levels":null,"source":"OpenStreetMap"},"geometry":{"type":"LineString","coordinates":[[5.3742934,43.2938707],[5.3743575,43.2937146]]}},{"type":"Feature","properties":{"osm_id":"way/700660057","name":"Avenue Vaudoyer","building":null,"highway":"tertiary","tourism":null,"historic":null,"amenity":null,"height_m":null,"height_source":null,"levels":null,"source":"OpenStreetMap"},"geometry":{"type":"LineString","coordinates":[[5.3626836,43.2968371],[5.3626729,43.2967967],[5.3626501,43.2967208],[5.3625895,43.2964881],[5.3625687,43.2963661],[5.3625631,43.2963328]]}},{"type":"Feature","properties":{"osm_id":"way/700660060","name":"Cours Jean Ballard","building":null,"highway":"tertiary","tourism":null,"historic":null,"amenity":null,"height_m":null,"height_source":null,"levels":null,"source":"OpenStreetMap"},"geometry":{"type":"LineString","coordinates":[[5.3742044,43.2940884],[5.3742248,43.2940426],[5.3742342,43.2940193]]}},{"type":"Feature","properties":{"osm_id":"way/700788917","name":"Rue de la République","building":null,"highway":"secondary","tourism":null,"historic":null,"amenity":null,"height_m":null,"height_source":null,"levels":null,"source":"OpenStreetMap"},"geometry":{"type":"LineString","coordinates":[[5.3729603,43.2977425],[5.3730385,43.2976464],[5.3735233,43.297047],[5.3736266,43.296921]]}},{"type":"Feature","properties":{"osm_id":"way/700788918","name":"Rue Henri Barbusse","building":null,"highway":"residential","tourism":null,"historic":null,"amenity":null,"height_m":null,"height_source":null,"levels":null,"source":"OpenStreetMap"},"geometry":{"type":"LineString","coordinates":[[5.3740848,43.2987424],[5.3740749,43.2986894],[5.3740692,43.2986589],[5.3740678,43.2986118],[5.3740655,43.2985363],[5.3740653,43.298519],[5.3740633,43.2984199],[5.3740637,43.2984026],[5.3740627,43.2983294],[5.3740611,43.2982132],[5.374062,43.2980734],[5.3740633,43.2978547],[5.374064,43.2977335],[5.3740659,43.2976021],[5.3740665,43.2975766],[5.3740737,43.2972898],[5.3740798,43.2972588],[5.3740877,43.297241],[5.3741263,43.2971686],[5.3742126,43.2970455]]}},{"type":"Feature","properties":{"osm_id":"way/700788919","name":"Rue Reine Élisabeth Von Wittelbach","building":null,"highway":"residential","tourism":null,"historic":null,"amenity":null,"height_m":null,"height_source":null,"levels":null,"source":"OpenStreetMap"},"geometry":{"type":"LineString","coordinates":[[5.3742126,43.2970455],[5.3742792,43.2969564],[5.3742995,43.2969322],[5.3743876,43.2968261],[5.3744387,43.2967671],[5.3745227,43.2966814],[5.3746195,43.2966036],[5.3747083,43.2965278],[5.3747505,43.296497],[5.374787,43.2964744],[5.3748424,43.2964567]]}},{"type":"Feature","properties":{"osm_id":"way/700788920","name":"Rue de la République","building":null,"highway":"secondary","tourism":null,"historic":null,"amenity":null,"height_m":null,"height_source":null,"levels":null,"source":"OpenStreetMap"},"geometry":{"type":"LineString","coordinates":[[5.3736266,43.296921],[5.3740045,43.2964526],[5.374031,43.2964114],[5.3740558,43.2963689],[5.3740716,43.2963258]]}},{"type":"Feature","properties":{"osm_id":"way/700892711","name":"Rue Saint-Saëns","building":null,"highway":"pedestrian","tourism":null,"historic":null,"amenity":null,"height_m":null,"height_source":null,"levels":null,"source":"OpenStreetMap"},"geometry":{"type":"LineString","coordinates":[[5.3756519,43.2938985],[5.3753731,43.2938326],[5.3750163,43.2937482],[5.3749814,43.29374],[5.3744021,43.2936043]]}},{"type":"Feature","properties":{"osm_id":"way/702070227","name":"Cours Jean Ballard","building":null,"highway":"tertiary","tourism":null,"historic":null,"amenity":null,"height_m":null,"height_source":null,"levels":null,"source":"OpenStreetMap"},"geometry":{"type":"LineString","coordinates":[[5.3742342,43.2940193],[5.3742934,43.2938707]]}},{"type":"Feature","properties":{"osm_id":"way/710694070","name":null,"building":null,"highway":"footway","tourism":null,"historic":null,"amenity":null,"height_m":null,"height_source":null,"levels":null,"source":"OpenStreetMap"},"geometry":{"type":"LineString","coordinates":[[5.3740378,43.2992881],[5.3740331,43.2992623],[5.374029,43.2992284],[5.3740271,43.2992129],[5.3740253,43.2991978],[5.3740237,43.2991848]]}},{"type":"Feature","properties":{"osm_id":"way/710694071","name":null,"building":null,"highway":"footway","tourism":null,"historic":null,"amenity":null,"height_m":null,"height_source":null,"levels":null,"source":"OpenStreetMap"},"geometry":{"type":"LineString","coordinates":[[5.3741593,43.2995721],[5.3740876,43.2993261]]}},{"type":"Feature","properties":{"osm_id":"way/741132791","name":"Rue Colbert","building":null,"highway":"residential","tourism":null,"historic":null,"amenity":null,"height_m":null,"height_source":null,"levels":null,"source":"OpenStreetMap"},"geometry":{"type":"LineString","coordinates":[[5.3762367,43.2991953],[5.3762048,43.2991863],[5.3759984,43.2991272],[5.3756257,43.2991525],[5.3751189,43.2991868],[5.3744733,43.2992305],[5.3743328,43.2992413],[5.374294,43.2992433],[5.3742886,43.2992437],[5.3742725,43.2992449],[5.374159,43.2992535],[5.3740331,43.2992623],[5.3730666,43.2993301],[5.3725355,43.2993696],[5.3720192,43.2993996],[5.3719803,43.2994019],[5.3717988,43.2994145]]}},{"type":"Feature","properties":{"osm_id":"way/741825125","name":null,"building":null,"highway":"footway","tourism":null,"historic":null,"amenity":null,"height_m":null,"height_source":null,"levels":null,"source":"OpenStreetMap"},"geometry":{"type":"LineString","coordinates":[[5.3640465,43.2953622],[5.3636938,43.2954816]]}},{"type":"Feature","properties":{"osm_id":"way/741827332","name":null,"building":null,"highway":"footway","tourism":null,"historic":null,"amenity":null,"height_m":null,"height_source":null,"levels":null,"source":"OpenStreetMap"},"geometry":{"type":"LineString","coordinates":[[5.3604083,43.2969301],[5.3603384,43.2970208],[5.3631025,43.298459],[5.363116,43.2985083],[5.3631307,43.2985622],[5.363167,43.2986951]]}},{"type":"Feature","properties":{"osm_id":"way/803399273","name":null,"building":null,"highway":"service","tourism":null,"historic":null,"amenity":null,"height_m":null,"height_source":null,"levels":null,"source":"OpenStreetMap"},"geometry":{"type":"LineString","coordinates":[[5.3670286,43.2963621],[5.3670972,43.2963686],[5.3671255,43.2962399],[5.3671392,43.2961709]]}},{"type":"Feature","properties":{"osm_id":"way/803399274","name":null,"building":null,"highway":"service","tourism":null,"historic":null,"amenity":null,"height_m":null,"height_source":null,"levels":null,"source":"OpenStreetMap"},"geometry":{"type":"LineString","coordinates":[[5.3669133,43.2963492],[5.3670286,43.2963621]]}},{"type":"Feature","properties":{"osm_id":"way/822968318","name":null,"building":null,"highway":"footway","tourism":null,"historic":null,"amenity":null,"height_m":null,"height_source":null,"levels":null,"source":"OpenStreetMap"},"geometry":{"type":"LineString","coordinates":[[5.3742669,43.2977144],[5.3743386,43.2977144]]}},{"type":"Feature","properties":{"osm_id":"way/822968319","name":null,"building":null,"highway":"footway","tourism":null,"historic":null,"amenity":null,"height_m":null,"height_source":null,"levels":null,"source":"OpenStreetMap"},"geometry":{"type":"LineString","coordinates":[[5.3744991,43.29762],[5.374496,43.297575],[5.3744532,43.2975761],[5.3743418,43.2976043]]}},{"type":"Feature","properties":{"osm_id":"way/822968323","name":null,"building":null,"highway":"footway","tourism":null,"historic":null,"amenity":null,"height_m":null,"height_source":null,"levels":null,"source":"OpenStreetMap"},"geometry":{"type":"LineString","coordinates":[[5.3742397,43.2977972],[5.3742399,43.297807]]}},{"type":"Feature","properties":{"osm_id":"way/822968324","name":null,"building":null,"highway":"footway","tourism":null,"historic":null,"amenity":null,"height_m":null,"height_source":null,"levels":null,"source":"OpenStreetMap"},"geometry":{"type":"LineString","coordinates":[[5.3742399,43.297807],[5.3742393,43.2978485],[5.3742353,43.2980145]]}},{"type":"Feature","properties":{"osm_id":"way/822968325","name":null,"building":null,"highway":"footway","tourism":null,"historic":null,"amenity":null,"height_m":null,"height_source":null,"levels":null,"source":"OpenStreetMap"},"geometry":{"type":"LineString","coordinates":[[5.3742353,43.2980145],[5.3742713,43.2980155],[5.3743057,43.2980156]]}},{"type":"Feature","properties":{"osm_id":"way/822968326","name":null,"building":null,"highway":"footway","tourism":null,"historic":null,"amenity":null,"height_m":null,"height_source":null,"levels":null,"source":"OpenStreetMap"},"geometry":{"type":"LineString","coordinates":[[5.3742713,43.2980155],[5.374278,43.2977975],[5.3743183,43.297798],[5.3743651,43.2977984],[5.3743671,43.2977564]]}},{"type":"Feature","properties":{"osm_id":"way/822968327","name":null,"building":null,"highway":"footway","tourism":null,"historic":null,"amenity":null,"height_m":null,"height_source":null,"levels":null,"source":"OpenStreetMap"},"geometry":{"type":"LineString","coordinates":[[5.3743183,43.297798],[5.3743179,43.2978793]]}},{"type":"Feature","properties":{"osm_id":"way/822968329","name":null,"building":null,"highway":"footway","tourism":null,"historic":null,"amenity":null,"height_m":null,"height_source":null,"levels":null,"source":"OpenStreetMap"},"geometry":{"type":"LineString","coordinates":[[5.3743171,43.2978982],[5.3743057,43.2980156]]}},{"type":"Feature","properties":{"osm_id":"way/822968346","name":null,"building":null,"highway":"footway","tourism":null,"historic":null,"amenity":null,"height_m":null,"height_source":null,"levels":null,"source":"OpenStreetMap"},"geometry":{"type":"LineString","coordinates":[[5.3742401,43.2976465],[5.3742268,43.2976465],[5.3742267,43.2976611]]}},{"type":"Feature","properties":{"osm_id":"way/829184727","name":null,"building":null,"highway":"footway","tourism":null,"historic":null,"amenity":null,"height_m":null,"height_source":null,"levels":null,"source":"OpenStreetMap"},"geometry":{"type":"LineString","coordinates":[[5.3642214,43.2990477],[5.3640086,43.2990802],[5.3642012,43.2996892]]}},{"type":"Feature","properties":{"osm_id":"way/839645522","name":null,"building":null,"highway":"footway","tourism":null,"historic":null,"amenity":null,"height_m":null,"height_source":null,"levels":null,"source":"OpenStreetMap"},"geometry":{"type":"LineString","coordinates":[[5.3643424,43.2984648],[5.3644449,43.2985649]]}},{"type":"Feature","properties":{"osm_id":"way/839645523","name":null,"building":null,"highway":"footway","tourism":null,"historic":null,"amenity":null,"height_m":null,"height_source":null,"levels":null,"source":"OpenStreetMap"},"geometry":{"type":"LineString","coordinates":[[5.364619,43.2989833],[5.3642214,43.2990477]]}},{"type":"Feature","properties":{"osm_id":"way/839645524","name":null,"building":null,"highway":"footway","tourism":null,"historic":null,"amenity":null,"height_m":null,"height_source":null,"levels":null,"source":"OpenStreetMap"},"geometry":{"type":"LineString","coordinates":[[5.3644797,43.2985912],[5.3645181,43.2986932],[5.3645709,43.2988333]]}},{"type":"Feature","properties":{"osm_id":"way/839645526","name":null,"building":null,"highway":"footway","tourism":null,"historic":null,"amenity":null,"height_m":null,"height_source":null,"levels":null,"source":"OpenStreetMap"},"geometry":{"type":"LineString","coordinates":[[5.3643041,43.298614],[5.3642378,43.2986225]]}},{"type":"Feature","properties":{"osm_id":"way/839645528","name":null,"building":null,"highway":"footway","tourism":null,"historic":null,"amenity":null,"height_m":null,"height_source":null,"levels":null,"source":"OpenStreetMap"},"geometry":{"type":"LineString","coordinates":[[5.3644046,43.2988567],[5.3645709,43.2988333],[5.364619,43.2989833],[5.3646557,43.2991034]]}},{"type":"Feature","properties":{"osm_id":"way/839645530","name":null,"building":null,"highway":"footway","tourism":null,"historic":null,"amenity":null,"height_m":null,"height_source":null,"levels":null,"source":"OpenStreetMap"},"geometry":{"type":"LineString","coordinates":[[5.3630467,43.2981784],[5.3630818,43.298173],[5.3632246,43.2981516],[5.3632616,43.2981457],[5.3634512,43.2982296],[5.3635584,43.2982886]]}},{"type":"Feature","properties":{"osm_id":"way/839645531","name":null,"building":null,"highway":"footway","tourism":null,"historic":null,"amenity":null,"height_m":null,"height_source":null,"levels":null,"source":"OpenStreetMap"},"geometry":{"type":"LineString","coordinates":[[5.3646471,43.2986717],[5.3645181,43.2986932]]}},{"type":"Feature","properties":{"osm_id":"way/839645532","name":null,"building":null,"highway":"footway","tourism":null,"historic":null,"amenity":null,"height_m":null,"height_source":null,"levels":null,"source":"OpenStreetMap"},"geometry":{"type":"LineString","coordinates":[[5.3644797,43.2985912],[5.364333,43.2986102]]}},{"type":"Feature","properties":{"osm_id":"way/839645533","name":null,"building":null,"highway":"footway","tourism":null,"historic":null,"amenity":null,"height_m":null,"height_source":null,"levels":null,"source":"OpenStreetMap"},"geometry":{"type":"LineString","coordinates":[[5.3638374,43.2984045],[5.3639594,43.2984253],[5.3642035,43.2985278],[5.3642378,43.2986225],[5.3643081,43.2988714],[5.3643644,43.2988635]]}},{"type":"Feature","properties":{"osm_id":"way/839897089","name":"Accès J4","building":null,"highway":"footway","tourism":null,"historic":null,"amenity":null,"height_m":null,"height_source":null,"levels":null,"source":"OpenStreetMap"},"geometry":{"type":"LineString","coordinates":[[5.3612191,43.296459],[5.3615695,43.2960876],[5.3616547,43.2959802],[5.3617992,43.2958302]]}},{"type":"Feature","properties":{"osm_id":"way/839897097","name":null,"building":null,"highway":"footway","tourism":null,"historic":null,"amenity":null,"height_m":null,"height_source":null,"levels":null,"source":"OpenStreetMap"},"geometry":{"type":"LineString","coordinates":[[5.3653301,43.2968814],[5.3654991,43.2966853],[5.3653434,43.296725],[5.3652998,43.296726],[5.3652649,43.2967221],[5.3652368,43.2967289],[5.3652153,43.2967392],[5.3652039,43.2967592],[5.3652053,43.296787],[5.3652214,43.2968241],[5.3652348,43.2968392],[5.3653301,43.2968814],[5.3653208,43.2968922]]}},{"type":"Feature","properties":{"osm_id":"way/840521465","name":null,"building":null,"highway":"footway","tourism":null,"historic":null,"amenity":null,"height_m":null,"height_source":null,"levels":null,"source":"OpenStreetMap"},"geometry":{"type":"LineString","coordinates":[[5.3639594,43.2984253],[5.3638548,43.2983472],[5.363604,43.2982262],[5.3635825,43.2981432]]}},{"type":"Feature","properties":{"osm_id":"way/840521466","name":null,"building":null,"highway":"footway","tourism":null,"historic":null,"amenity":null,"height_m":null,"height_source":null,"levels":null,"source":"OpenStreetMap"},"geometry":{"type":"LineString","coordinates":[[5.3635035,43.2981564],[5.3635551,43.2981478],[5.3635825,43.2981432]]}},{"type":"Feature","properties":{"osm_id":"way/840521467","name":"Avenue Vaudoyer","building":null,"highway":"tertiary","tourism":null,"historic":null,"amenity":null,"height_m":null,"height_source":null,"levels":null,"source":"OpenStreetMap"},"geometry":{"type":"LineString","coordinates":[[5.3644158,43.2984505],[5.3644801,43.29847],[5.3645337,43.2984809],[5.3645974,43.2985071],[5.3646229,43.2985244],[5.3646515,43.2985528]]}},{"type":"Feature","properties":{"osm_id":"way/840521471","name":null,"building":null,"highway":"footway","tourism":null,"historic":null,"amenity":null,"height_m":null,"height_source":null,"levels":null,"source":"OpenStreetMap"},"geometry":{"type":"LineString","coordinates":[[5.3633473,43.2976606],[5.3633902,43.2976532]]}},{"type":"Feature","properties":{"osm_id":"way/860162027","name":null,"building":null,"highway":"footway","tourism":null,"historic":null,"amenity":null,"height_m":null,"height_source":null,"levels":null,"source":"OpenStreetMap"},"geometry":{"type":"LineString","coordinates":[[5.3714978,43.293312],[5.3715242,43.2933183],[5.3715425,43.2933226]]}},{"type":"Feature","properties":{"osm_id":"way/860162028","name":null,"building":null,"highway":"footway","tourism":null,"historic":null,"amenity":null,"height_m":null,"height_source":null,"levels":null,"source":"OpenStreetMap"},"geometry":{"type":"LineString","coordinates":[[5.3716602,43.2933669],[5.3716724,43.2933761],[5.3717103,43.2934092],[5.3717188,43.2934127],[5.371742,43.2934223],[5.3722678,43.2935536],[5.3727825,43.2936834],[5.3728175,43.2936929],[5.3733103,43.2938262],[5.3740512,43.2940154]]}},{"type":"Feature","properties":{"osm_id":"way/860162029","name":null,"building":null,"highway":"footway","tourism":null,"historic":null,"amenity":null,"height_m":null,"height_source":null,"levels":null,"source":"OpenStreetMap"},"geometry":{"type":"LineString","coordinates":[[5.3716602,43.2933669],[5.3716343,43.29335],[5.3716211,43.2933418]]}},{"type":"Feature","properties":{"osm_id":"way/860162030","name":null,"building":null,"highway":"footway","tourism":null,"historic":null,"amenity":null,"height_m":null,"height_source":null,"levels":null,"source":"OpenStreetMap"},"geometry":{"type":"LineString","coordinates":[[5.3716211,43.2933418],[5.3715425,43.2933226]]}},{"type":"Feature","properties":{"osm_id":"way/860162031","name":null,"building":null,"highway":"footway","tourism":null,"historic":null,"amenity":null,"height_m":null,"height_source":null,"levels":null,"source":"OpenStreetMap"},"geometry":{"type":"LineString","coordinates":[[5.3714978,43.293312],[5.3714659,43.2933104],[5.3713623,43.2933021],[5.3712986,43.2932853],[5.3712925,43.2932829],[5.3712493,43.2932574],[5.3712283,43.2932158]]}},{"type":"Feature","properties":{"osm_id":"way/860162032","name":null,"building":null,"highway":"footway","tourism":null,"historic":null,"amenity":null,"height_m":null,"height_source":null,"levels":null,"source":"OpenStreetMap"},"geometry":{"type":"LineString","coordinates":[[5.3712986,43.2932853],[5.3712825,43.2933176]]}},{"type":"Feature","properties":{"osm_id":"way/868036524","name":null,"building":null,"highway":"pedestrian","tourism":null,"historic":null,"amenity":null,"height_m":null,"height_source":null,"levels":null,"source":"OpenStreetMap"},"geometry":{"type":"LineString","coordinates":[[5.3706093,43.2974196],[5.3705693,43.2974152]]}},{"type":"Feature","properties":{"osm_id":"way/868036527","name":null,"building":null,"highway":"footway","tourism":null,"historic":null,"amenity":null,"height_m":null,"height_source":null,"levels":null,"source":"OpenStreetMap"},"geometry":{"type":"LineString","coordinates":[[5.37136,43.2974487],[5.371352,43.2974975]]}},{"type":"Feature","properties":{"osm_id":"way/868036528","name":null,"building":null,"highway":"pedestrian","tourism":null,"historic":null,"amenity":null,"height_m":null,"height_source":null,"levels":null,"source":"OpenStreetMap"},"geometry":{"type":"LineString","coordinates":[[5.3703942,43.2970008],[5.3704333,43.2970052]]}},{"type":"Feature","properties":{"osm_id":"way/868036529","name":null,"building":null,"highway":"pedestrian","tourism":null,"historic":null,"amenity":null,"height_m":null,"height_source":null,"levels":null,"source":"OpenStreetMap"},"geometry":{"type":"LineString","coordinates":[[5.3704333,43.2970052],[5.3705738,43.2970193]]}},{"type":"Feature","properties":{"osm_id":"way/868036530","name":null,"building":null,"highway":"pedestrian","tourism":null,"historic":null,"amenity":null,"height_m":null,"height_source":null,"levels":null,"source":"OpenStreetMap"},"geometry":{"type":"LineString","coordinates":[[5.3705738,43.2970193],[5.3706261,43.297025],[5.3706281,43.2970081]]}},{"type":"Feature","properties":{"osm_id":"way/868036532","name":null,"building":null,"highway":"footway","tourism":null,"historic":null,"amenity":null,"height_m":null,"height_source":null,"levels":null,"source":"OpenStreetMap"},"geometry":{"type":"LineString","coordinates":[[5.3708686,43.2968913],[5.370845,43.2970315]]}},{"type":"Feature","properties":{"osm_id":"way/939978487","name":null,"building":null,"highway":"footway","tourism":null,"historic":null,"amenity":null,"height_m":null,"height_source":null,"levels":null,"source":"OpenStreetMap"},"geometry":{"type":"LineString","coordinates":[[5.368434,43.2967353],[5.3683877,43.2969599],[5.3683739,43.2970307]]}},{"type":"Feature","properties":{"osm_id":"way/939978488","name":null,"building":null,"highway":"footway","tourism":null,"historic":null,"amenity":null,"height_m":null,"height_source":null,"levels":null,"source":"OpenStreetMap"},"geometry":{"type":"LineString","coordinates":[[5.3682446,43.2967163],[5.3682093,43.2968735],[5.3683511,43.2969521],[5.3683877,43.2969599]]}},{"type":"Feature","properties":{"osm_id":"way/939978489","name":null,"building":null,"highway":"footway","tourism":null,"historic":null,"amenity":null,"height_m":null,"height_source":null,"levels":null,"source":"OpenStreetMap"},"geometry":{"type":"LineString","coordinates":[[5.3681586,43.2969568],[5.3681729,43.2968918],[5.3682093,43.2968735]]}},{"type":"Feature","properties":{"osm_id":"way/946836773","name":null,"building":null,"highway":"footway","tourism":null,"historic":null,"amenity":null,"height_m":null,"height_source":null,"levels":null,"source":"OpenStreetMap"},"geometry":{"type":"LineString","coordinates":[[5.3685399,43.2972242],[5.3684891,43.2972009]]}},{"type":"Feature","properties":{"osm_id":"way/946836774","name":null,"building":null,"highway":"footway","tourism":null,"historic":null,"amenity":null,"height_m":null,"height_source":null,"levels":null,"source":"OpenStreetMap"},"geometry":{"type":"LineString","coordinates":[[5.3687803,43.2973997],[5.3688429,43.2974445]]}},{"type":"Feature","properties":{"osm_id":"way/946836775","name":null,"building":null,"highway":"footway","tourism":null,"historic":null,"amenity":null,"height_m":null,"height_source":null,"levels":null,"source":"OpenStreetMap"},"geometry":{"type":"LineString","coordinates":[[5.3689398,43.2973304],[5.3688216,43.2972529]]}},{"type":"Feature","properties":{"osm_id":"way/947375160","name":"Montée des Accoules","building":null,"highway":"pedestrian","tourism":null,"historic":null,"amenity":null,"height_m":null,"height_source":null,"levels":null,"source":"OpenStreetMap"},"geometry":{"type":"LineString","coordinates":[[5.3661252,43.2977312],[5.3661557,43.2977307],[5.3664656,43.2977243]]}},{"type":"Feature","properties":{"osm_id":"way/947375161","name":"Rue du Panier","building":null,"highway":"pedestrian","tourism":null,"historic":null,"amenity":null,"height_m":null,"height_source":null,"levels":null,"source":"OpenStreetMap"},"geometry":{"type":"LineString","coordinates":[[5.3669916,43.2994103],[5.3667174,43.299414],[5.3666607,43.2994211]]}},{"type":"Feature","properties":{"osm_id":"way/953470336","name":null,"building":null,"highway":"footway","tourism":null,"historic":null,"amenity":null,"height_m":null,"height_source":null,"levels":null,"source":"OpenStreetMap"},"geometry":{"type":"LineString","coordinates":[[5.3740307,43.2986588],[5.3740692,43.2986589],[5.3741071,43.2986578]]}},{"type":"Feature","properties":{"osm_id":"way/953470338","name":null,"building":null,"highway":"footway","tourism":null,"historic":null,"amenity":null,"height_m":null,"height_source":null,"levels":null,"source":"OpenStreetMap"},"geometry":{"type":"LineString","coordinates":[[5.3740599,43.2970048],[5.3740546,43.2970346],[5.3740492,43.2970647]]}},{"type":"Feature","properties":{"osm_id":"way/953470339","name":null,"building":null,"highway":"footway","tourism":null,"historic":null,"amenity":null,"height_m":null,"height_source":null,"levels":null,"source":"OpenStreetMap"},"geometry":{"type":"LineString","coordinates":[[5.3744261,43.2969324],[5.3744038,43.2969639],[5.3743782,43.2970001]]}},{"type":"Feature","properties":{"osm_id":"way/953470340","name":null,"building":null,"highway":"footway","tourism":null,"historic":null,"amenity":null,"height_m":null,"height_source":null,"levels":null,"source":"OpenStreetMap"},"geometry":{"type":"LineString","coordinates":[[5.3739687,43.2977551],[5.3739694,43.2977343],[5.3739687,43.2977116]]}},{"type":"Feature","properties":{"osm_id":"way/953470341","name":null,"building":null,"highway":"footway","tourism":null,"historic":null,"amenity":null,"height_m":null,"height_source":null,"levels":null,"source":"OpenStreetMap"},"geometry":{"type":"LineString","coordinates":[[5.3739526,43.2981003],[5.373954,43.2980699],[5.3739553,43.2980442]]}},{"type":"Feature","properties":{"osm_id":"way/953470343","name":null,"building":null,"highway":"service","tourism":null,"historic":null,"amenity":null,"height_m":null,"height_source":null,"levels":null,"source":"OpenStreetMap"},"geometry":{"type":"LineString","coordinates":[[5.3742662,43.2973468],[5.3742363,43.2973131],[5.3741384,43.2972725],[5.3741252,43.2972669],[5.3740798,43.2972588]]}},{"type":"Feature","properties":{"osm_id":"way/953470344","name":null,"building":null,"highway":"footway","tourism":null,"historic":null,"amenity":null,"height_m":null,"height_source":null,"levels":null,"source":"OpenStreetMap"},"geometry":{"type":"LineString","coordinates":[[5.374057,43.2972343],[5.3740877,43.297241],[5.3741306,43.2972504],[5.3741451,43.2972536]]}},{"type":"Feature","properties":{"osm_id":"way/953470346","name":null,"building":null,"highway":"footway","tourism":null,"historic":null,"amenity":null,"height_m":null,"height_source":null,"levels":null,"source":"OpenStreetMap"},"geometry":{"type":"LineString","coordinates":[[5.3739723,43.2987538],[5.373975,43.2987331],[5.3739776,43.2987096]]}},{"type":"Feature","properties":{"osm_id":"way/953470347","name":null,"building":null,"highway":"footway","tourism":null,"historic":null,"amenity":null,"height_m":null,"height_source":null,"levels":null,"source":"OpenStreetMap"},"geometry":{"type":"LineString","coordinates":[[5.3742536,43.2987886],[5.3742532,43.2987571],[5.3742528,43.2987253]]}},{"type":"Feature","properties":{"osm_id":"way/953470348","name":null,"building":null,"highway":"footway","tourism":null,"historic":null,"amenity":null,"height_m":null,"height_source":null,"levels":null,"source":"OpenStreetMap"},"geometry":{"type":"LineString","coordinates":[[5.3740428,43.2988492],[5.3741021,43.2988484],[5.3741657,43.2988467]]}},{"type":"Feature","properties":{"osm_id":"way/953470350","name":null,"building":null,"highway":"footway","tourism":null,"historic":null,"amenity":null,"height_m":null,"height_source":null,"levels":null,"source":"OpenStreetMap"},"geometry":{"type":"LineString","coordinates":[[5.3740876,43.2993261],[5.3740827,43.2993062],[5.3740378,43.2992881]]}},{"type":"Feature","properties":{"osm_id":"way/953470351","name":null,"building":null,"highway":"pedestrian","tourism":null,"historic":null,"amenity":null,"height_m":null,"height_source":null,"levels":null,"source":"OpenStreetMap"},"geometry":{"type":"LineString","coordinates":[[5.3739124,43.2991168],[5.3739109,43.2991295],[5.3739069,43.2991406],[5.3738927,43.2991535],[5.3738726,43.2991605],[5.3738755,43.2991954],[5.3740237,43.2991848],[5.374087,43.2991806],[5.374061,43.2989878],[5.3740428,43.2988492],[5.3740368,43.2988216],[5.3740324,43.2988041],[5.3740296,43.2987961],[5.3740262,43.2987875],[5.3740205,43.2987762],[5.3740135,43.2987684],[5.3740021,43.2987613],[5.3739895,43.2987557],[5.3739723,43.2987538],[5.3738617,43.2987446],[5.3738563,43.2987866],[5.3738757,43.2987885],[5.3738948,43.2987929],[5.3739116,43.2988024],[5.3739198,43.2988179],[5.3739165,43.2988903],[5.3739472,43.2988913],[5.3739439,43.2989813],[5.3739428,43.2990483],[5.3739129,43.2990479],[5.3739124,43.2991168]]}},{"type":"Feature","properties":{"osm_id":"way/953470352","name":null,"building":null,"highway":"pedestrian","tourism":null,"historic":null,"amenity":null,"height_m":null,"height_source":null,"levels":null,"source":"OpenStreetMap"},"geometry":{"type":"LineString","coordinates":[[5.3742909,43.2988277],[5.37429,43.2987865],[5.3742536,43.2987886],[5.374214,43.2987922],[5.3742001,43.298798],[5.3741917,43.2988022],[5.3741843,43.2988074],[5.3741774,43.2988143],[5.3741728,43.2988207],[5.3741692,43.2988265],[5.3741667,43.298836],[5.3741657,43.2988467],[5.3742141,43.2991715],[5.3742805,43.2991676],[5.374281,43.2991347],[5.3742841,43.2990251],[5.3742909,43.2988277]]}},{"type":"Feature","properties":{"osm_id":"way/953470355","name":null,"building":null,"highway":"pedestrian","tourism":null,"historic":null,"amenity":null,"height_m":null,"height_source":null,"levels":null,"source":"OpenStreetMap"},"geometry":{"type":"LineString","coordinates":[[5.3738718,43.2986708],[5.3738682,43.2987007],[5.3739776,43.2987096],[5.3739946,43.2987093],[5.3740099,43.2987064],[5.3740213,43.2987003],[5.3740262,43.2986932],[5.3740283,43.2986888],[5.3740312,43.2986777],[5.3740307,43.2986588],[5.3740279,43.2985363],[5.3740018,43.2985369],[5.373995,43.2983303],[5.374022,43.29833],[5.374022,43.2981401],[5.3740143,43.2981232],[5.3740083,43.2981147],[5.3739939,43.2981056],[5.3739788,43.298101],[5.3739526,43.2981003],[5.3738182,43.2980966],[5.3738176,43.2981184],[5.3738787,43.2981205],[5.3739233,43.2981584],[5.373923,43.2982971],[5.3739627,43.2982977],[5.3739579,43.298396],[5.3739533,43.2984897],[5.3739225,43.2984902],[5.3739222,43.2986402],[5.3738718,43.2986708]]}},{"type":"Feature","properties":{"osm_id":"way/953470356","name":null,"building":null,"highway":"pedestrian","tourism":null,"historic":null,"amenity":null,"height_m":null,"height_source":null,"levels":null,"source":"OpenStreetMap"},"geometry":{"type":"LineString","coordinates":[[5.3738743,43.2977863],[5.3738748,43.2977562],[5.3739687,43.2977551],[5.3739922,43.2977548],[5.3740069,43.2977565],[5.3740193,43.297765],[5.374025,43.2977782],[5.3740275,43.2980143],[5.3740247,43.2980213],[5.374018,43.2980318],[5.3740066,43.298041],[5.3739895,43.2980451],[5.3739553,43.2980442],[5.3738799,43.2980422],[5.3738789,43.2980158],[5.3739224,43.2979839],[5.3739209,43.2978197],[5.3738743,43.2977863]]}},{"type":"Feature","properties":{"osm_id":"way/953470357","name":null,"building":null,"highway":"pedestrian","tourism":null,"historic":null,"amenity":null,"height_m":null,"height_source":null,"levels":null,"source":"OpenStreetMap"},"geometry":{"type":"LineString","coordinates":[[5.3737243,43.2970178],[5.3737419,43.2969962],[5.3738896,43.2970408],[5.3740492,43.2970647],[5.3740686,43.2970676],[5.3741156,43.2970803],[5.3741239,43.2970896],[5.3741256,43.2970984],[5.3741226,43.2971125],[5.3740666,43.297215],[5.374057,43.2972343],[5.3740478,43.2972526],[5.3740371,43.2972888],[5.3740077,43.2972884],[5.3739988,43.2975752],[5.3740244,43.2975761],[5.3740257,43.2976847],[5.3740237,43.297698],[5.3740136,43.2977074],[5.3739959,43.2977111],[5.3739687,43.2977116],[5.3739238,43.2977125],[5.3739239,43.2976794],[5.3738903,43.2970753],[5.3737243,43.2970178]]}},{"type":"Feature","properties":{"osm_id":"way/953470359","name":null,"building":null,"highway":"pedestrian","tourism":null,"historic":null,"amenity":null,"height_m":null,"height_source":null,"levels":null,"source":"OpenStreetMap"},"geometry":{"type":"LineString","coordinates":[[5.3743335,43.2970095],[5.3743087,43.2970286],[5.3742175,43.297132],[5.3741826,43.2971794],[5.3741451,43.2972536],[5.3741384,43.2972725],[5.3741303,43.2972955],[5.3741252,43.2981562],[5.3741077,43.2981554],[5.374094,43.2981551],[5.3741005,43.2984192],[5.3741236,43.2984187],[5.3741263,43.298518],[5.3741032,43.2985183],[5.3741071,43.2986578],[5.3741082,43.298668],[5.3741115,43.2986786],[5.374117,43.29869],[5.3741239,43.2986984],[5.3741323,43.2987059],[5.3741449,43.2987132],[5.3741543,43.2987163],[5.3741665,43.2987193],[5.3742528,43.2987253],[5.3742702,43.2987257],[5.3742685,43.2986847],[5.3742663,43.2985521],[5.3742659,43.2984743],[5.3742647,43.2983427],[5.3742649,43.2982651],[5.374265,43.2981699],[5.3742045,43.2981703],[5.3742108,43.2977935],[5.3742311,43.2977932],[5.3742326,43.2977151],[5.3742328,43.2977098],[5.3742066,43.2977095],[5.3742075,43.2976609],[5.3742166,43.2973225],[5.3742363,43.2973131],[5.3742599,43.2973004],[5.3742402,43.2972781],[5.3743271,43.2971001],[5.3743579,43.2970828],[5.3743938,43.2970626],[5.3744207,43.2970489],[5.3744687,43.2970355],[5.3744989,43.2970367],[5.3745321,43.2970435],[5.3745407,43.2970266],[5.3744441,43.2970037],[5.3744076,43.2969999],[5.3743782,43.2970001],[5.3743565,43.2970022],[5.3743335,43.2970095]]}},{"type":"Feature","properties":{"osm_id":"way/953470360","name":null,"building":null,"highway":"pedestrian","tourism":null,"historic":null,"amenity":null,"height_m":null,"height_source":null,"levels":null,"source":"OpenStreetMap"},"geometry":{"type":"LineString","coordinates":[[5.3747524,43.2967223],[5.3747043,43.2966933],[5.3746768,43.2966816],[5.3746396,43.2966606],[5.3745628,43.2967162],[5.3745058,43.2967748],[5.3743952,43.2969232],[5.3744261,43.2969324],[5.374587,43.2969807],[5.3746297,43.2969181],[5.3747524,43.2967223]]}},{"type":"Feature","properties":{"osm_id":"way/953470361","name":null,"building":null,"highway":"pedestrian","tourism":null,"historic":null,"amenity":null,"height_m":null,"height_source":null,"levels":null,"source":"OpenStreetMap"},"geometry":{"type":"LineString","coordinates":[[5.3742199,43.2964108],[5.3742279,43.2963717],[5.3742309,43.2963578],[5.3742355,43.2963347],[5.3743074,43.2963563],[5.3745576,43.296429],[5.3746464,43.2964549],[5.3745757,43.2964856],[5.3744633,43.2965345],[5.3744241,43.2964823],[5.3744019,43.2964732],[5.3742199,43.2964108]]}},{"type":"Feature","properties":{"osm_id":"way/972394686","name":null,"building":null,"highway":"pedestrian","tourism":null,"historic":null,"amenity":null,"height_m":null,"height_source":null,"levels":null,"source":"OpenStreetMap"},"geometry":{"type":"LineString","coordinates":[[5.3742355,43.2963347],[5.3742309,43.2963578],[5.3742042,43.296347],[5.3741851,43.2963371],[5.3741712,43.2963229],[5.3741638,43.2963107],[5.3741598,43.2962789],[5.3741541,43.2962511],[5.3741529,43.2962178],[5.3741471,43.2961767],[5.3741538,43.296163],[5.3741642,43.2961435],[5.374187,43.2961255],[5.3742265,43.2960984],[5.3742671,43.296071],[5.3742979,43.2960408],[5.3743258,43.2960042],[5.3743419,43.295942],[5.3743705,43.2958166],[5.3744427,43.2954606],[5.3744811,43.2954637],[5.3745123,43.2954663],[5.3745614,43.2954727],[5.3745117,43.2956785],[5.3744638,43.2956737],[5.3744509,43.2958244],[5.3744358,43.2960005],[5.3744169,43.2960731],[5.3743308,43.2961098],[5.3743054,43.2961706],[5.3742552,43.2962891],[5.3742483,43.2963051],[5.3742355,43.2963347]]}},{"type":"Feature","properties":{"osm_id":"way/972394687","name":null,"building":null,"highway":"footway","tourism":null,"historic":null,"amenity":null,"height_m":null,"height_source":null,"levels":null,"source":"OpenStreetMap"},"geometry":{"type":"LineString","coordinates":[[5.3629691,43.2969881],[5.3630746,43.2969579],[5.3631212,43.2969422]]}},{"type":"Feature","properties":{"osm_id":"way/972394688","name":null,"building":null,"highway":"footway","tourism":null,"historic":null,"amenity":null,"height_m":null,"height_source":null,"levels":null,"source":"OpenStreetMap"},"geometry":{"type":"LineString","coordinates":[[5.3642776,43.2953766],[5.3642135,43.2953565],[5.363769,43.2952828],[5.3636917,43.295272],[5.363613,43.295266],[5.3635041,43.295276],[5.3633659,43.2953068],[5.3632312,43.2953648],[5.3631701,43.2954073],[5.3630407,43.2955098],[5.3629488,43.2956625],[5.3629026,43.2958177],[5.3628711,43.2960447],[5.3628677,43.2962487],[5.3628784,43.296399],[5.3629395,43.2966743],[5.3630488,43.2968582],[5.3631212,43.2969422]]}},{"type":"Feature","properties":{"osm_id":"way/972394689","name":null,"building":null,"highway":"footway","tourism":null,"historic":null,"amenity":null,"height_m":null,"height_source":null,"levels":null,"source":"OpenStreetMap"},"geometry":{"type":"LineString","coordinates":[[5.3643668,43.2953941],[5.3643943,43.295379],[5.3644422,43.2953887],[5.3645428,43.2954068]]}},{"type":"Feature","properties":{"osm_id":"way/972394690","name":null,"building":null,"highway":"footway","tourism":null,"historic":null,"amenity":null,"height_m":null,"height_source":null,"levels":null,"source":"OpenStreetMap"},"geometry":{"type":"LineString","coordinates":[[5.3645428,43.2954068],[5.3646259,43.2954288],[5.3648391,43.2954688],[5.3648666,43.2954844],[5.3652307,43.2959441],[5.3653823,43.2961438]]}},{"type":"Feature","properties":{"osm_id":"way/972394691","name":null,"building":null,"highway":"pedestrian","tourism":null,"historic":null,"amenity":null,"height_m":null,"height_source":null,"levels":null,"source":"OpenStreetMap"},"geometry":{"type":"LineString","coordinates":[[5.3653052,43.2954622],[5.3652664,43.2954571],[5.3652197,43.2954539],[5.3651855,43.2954581],[5.3651553,43.2954681],[5.3651442,43.295481],[5.3651257,43.2955208],[5.3651164,43.2955471],[5.3651174,43.2955696],[5.3651238,43.2955871],[5.3651369,43.2956069],[5.3651949,43.2956828],[5.3652063,43.2956952],[5.3652197,43.2957026],[5.3652522,43.2957167],[5.3653109,43.2957421],[5.3653987,43.2957665],[5.3654312,43.2957755],[5.3654453,43.2957508],[5.3654533,43.2957294],[5.3653379,43.295708],[5.3653547,43.2956609],[5.3652403,43.2956404],[5.3652798,43.2955368],[5.3653052,43.2954622]]}},{"type":"Feature","properties":{"osm_id":"way/972394692","name":null,"building":null,"highway":"footway","tourism":null,"historic":null,"amenity":null,"height_m":null,"height_source":null,"levels":null,"source":"OpenStreetMap"},"geometry":{"type":"LineString","coordinates":[[5.3651382,43.2955249],[5.3651257,43.2955208],[5.3650942,43.2955103],[5.3649679,43.2954932],[5.3648666,43.2954844]]}},{"type":"Feature","properties":{"osm_id":"way/972394693","name":null,"building":null,"highway":"footway","tourism":null,"historic":null,"amenity":null,"height_m":null,"height_source":null,"levels":null,"source":"OpenStreetMap"},"geometry":{"type":"LineString","coordinates":[[5.3653089,43.295338],[5.365289,43.295395],[5.3652755,43.2954339],[5.3652664,43.2954571],[5.3652636,43.2954644]]}},{"type":"Feature","properties":{"osm_id":"way/972394694","name":"Passage Claude McKay","building":null,"highway":"pedestrian","tourism":null,"historic":null,"amenity":null,"height_m":null,"height_source":null,"levels":null,"source":"OpenStreetMap"},"geometry":{"type":"LineString","coordinates":[[5.3672944,43.2958],[5.367218,43.2961792]]}},{"type":"Feature","properties":{"osm_id":"way/978681995","name":null,"building":null,"highway":"footway","tourism":null,"historic":null,"amenity":null,"height_m":null,"height_source":null,"levels":null,"source":"OpenStreetMap"},"geometry":{"type":"LineString","coordinates":[[5.3716987,43.293451],[5.3717105,43.2934284],[5.3717188,43.2934127]]}},{"type":"Feature","properties":{"osm_id":"way/978681996","name":null,"building":null,"highway":"footway","tourism":null,"historic":null,"amenity":null,"height_m":null,"height_source":null,"levels":null,"source":"OpenStreetMap"},"geometry":{"type":"LineString","coordinates":[[5.3719,43.2930073],[5.3717103,43.2934092]]}},{"type":"Feature","properties":{"osm_id":"way/1058118898","name":null,"building":null,"highway":"service","tourism":null,"historic":null,"amenity":null,"height_m":null,"height_source":null,"levels":null,"source":"OpenStreetMap"},"geometry":{"type":"LineString","coordinates":[[5.374292,43.2933855],[5.3743819,43.2931671],[5.3744085,43.2931554],[5.3744202,43.2931735],[5.3743383,43.2934006]]}},{"type":"Feature","properties":{"osm_id":"way/1058118899","name":null,"building":null,"highway":"service","tourism":null,"historic":null,"amenity":null,"height_m":null,"height_source":null,"levels":null,"source":"OpenStreetMap"},"geometry":{"type":"LineString","coordinates":[[5.3743383,43.2934006],[5.3743404,43.2934374],[5.3743634,43.2934631],[5.3743918,43.2934779],[5.3744173,43.2934851],[5.3744503,43.2934853]]}},{"type":"Feature","properties":{"osm_id":"way/1076181118","name":"Rue des Repenties","building":null,"highway":"footway","tourism":null,"historic":null,"amenity":null,"height_m":null,"height_source":null,"levels":null,"source":"OpenStreetMap"},"geometry":{"type":"LineString","coordinates":[[5.367152,43.2985184],[5.3671759,43.2985134],[5.3672006,43.2985083]]}},{"type":"Feature","properties":{"osm_id":"way/1076181120","name":null,"building":null,"highway":"footway","tourism":null,"historic":null,"amenity":null,"height_m":null,"height_source":null,"levels":null,"source":"OpenStreetMap"},"geometry":{"type":"LineString","coordinates":[[5.3676159,43.2985749],[5.3676016,43.2985783],[5.3675247,43.2985966],[5.3675465,43.2986446]]}},{"type":"Feature","properties":{"osm_id":"way/1076181122","name":null,"building":null,"highway":"footway","tourism":null,"historic":null,"amenity":null,"height_m":null,"height_source":null,"levels":null,"source":"OpenStreetMap"},"geometry":{"type":"LineString","coordinates":[[5.3674705,43.2986019],[5.3674888,43.298598],[5.3675328,43.2986957],[5.367568,43.2986886],[5.367562,43.2986761]]}},{"type":"Feature","properties":{"osm_id":"way/1076181141","name":null,"building":null,"highway":"footway","tourism":null,"historic":null,"amenity":null,"height_m":null,"height_source":null,"levels":null,"source":"OpenStreetMap"},"geometry":{"type":"LineString","coordinates":[[5.3668596,43.2985802],[5.3668689,43.2986]]}},{"type":"Feature","properties":{"osm_id":"way/1076181153","name":null,"building":null,"highway":"footway","tourism":null,"historic":null,"amenity":null,"height_m":null,"height_source":null,"levels":null,"source":"OpenStreetMap"},"geometry":{"type":"LineString","coordinates":[[5.36693,43.2988682],[5.3669318,43.2988808]]}},{"type":"Feature","properties":{"osm_id":"way/1077046752","name":null,"building":null,"highway":"footway","tourism":null,"historic":null,"amenity":null,"height_m":null,"height_source":null,"levels":null,"source":"OpenStreetMap"},"geometry":{"type":"LineString","coordinates":[[5.3635707,43.2949707],[5.3636692,43.2948866]]}},{"type":"Feature","properties":{"osm_id":"way/1077046755","name":null,"building":null,"highway":"footway","tourism":null,"historic":null,"amenity":null,"height_m":null,"height_source":null,"levels":null,"source":"OpenStreetMap"},"geometry":{"type":"LineString","coordinates":[[5.3633296,43.2947692],[5.3635496,43.2948159],[5.3635684,43.2948393],[5.3636038,43.2948746]]}},{"type":"Feature","properties":{"osm_id":"way/1077046756","name":null,"building":null,"highway":"footway","tourism":null,"historic":null,"amenity":null,"height_m":null,"height_source":null,"levels":null,"source":"OpenStreetMap"},"geometry":{"type":"LineString","coordinates":[[5.3633129,43.2947658],[5.3632452,43.2947509],[5.3629929,43.2946953]]}},{"type":"Feature","properties":{"osm_id":"way/1077046757","name":null,"building":null,"highway":"footway","tourism":null,"historic":null,"amenity":null,"height_m":null,"height_source":null,"levels":null,"source":"OpenStreetMap"},"geometry":{"type":"LineString","coordinates":[[5.3632452,43.2947509],[5.3633078,43.2947845],[5.3635684,43.2948393]]}},{"type":"Feature","properties":{"osm_id":"way/1077046758","name":null,"building":null,"highway":"footway","tourism":null,"historic":null,"amenity":null,"height_m":null,"height_source":null,"levels":null,"source":"OpenStreetMap"},"geometry":{"type":"LineString","coordinates":[[5.3632452,43.2947509],[5.3631696,43.2948365],[5.3631468,43.2948639]]}},{"type":"Feature","properties":{"osm_id":"way/1081839740","name":null,"building":null,"highway":"footway","tourism":null,"historic":null,"amenity":null,"height_m":null,"height_source":null,"levels":null,"source":"OpenStreetMap"},"geometry":{"type":"LineString","coordinates":[[5.3630457,43.2934921],[5.3630874,43.2934906]]}},{"type":"Feature","properties":{"osm_id":"way/1081839741","name":null,"building":null,"highway":"footway","tourism":null,"historic":null,"amenity":null,"height_m":null,"height_source":null,"levels":null,"source":"OpenStreetMap"},"geometry":{"type":"LineString","coordinates":[[5.3631138,43.2934887],[5.363159,43.2934855],[5.3631909,43.293603],[5.3632287,43.2936278],[5.363243,43.2936627]]}},{"type":"Feature","properties":{"osm_id":"way/1117569600","name":"Rue de la Guirlande","building":null,"highway":"footway","tourism":null,"historic":null,"amenity":null,"height_m":null,"height_source":null,"levels":null,"source":"OpenStreetMap"},"geometry":{"type":"LineString","coordinates":[[5.3701506,43.2976814],[5.3701371,43.2977353],[5.3701283,43.2977705]]}},{"type":"Feature","properties":{"osm_id":"way/1154701981","name":null,"building":null,"highway":"footway","tourism":null,"historic":null,"amenity":null,"height_m":null,"height_source":null,"levels":null,"source":"OpenStreetMap"},"geometry":{"type":"LineString","coordinates":[[5.3631468,43.2948639],[5.3630965,43.2948088],[5.3629929,43.2946953],[5.362948,43.2946287]]}},{"type":"Feature","properties":{"osm_id":"way/1190927936","name":null,"building":null,"highway":"footway","tourism":null,"historic":null,"amenity":null,"height_m":null,"height_source":null,"levels":null,"source":"OpenStreetMap"},"geometry":{"type":"LineString","coordinates":[[5.3640263,43.2928088],[5.3639414,43.2927881]]}},{"type":"Feature","properties":{"osm_id":"way/1190927937","name":null,"building":null,"highway":"footway","tourism":null,"historic":null,"amenity":null,"height_m":null,"height_source":null,"levels":null,"source":"OpenStreetMap"},"geometry":{"type":"LineString","coordinates":[[5.3640653,43.2928109],[5.364229,43.2928196],[5.364374,43.2928192],[5.3644525,43.2928053],[5.3645205,43.2927861],[5.3645731,43.2927668],[5.3646296,43.2927443],[5.3646778,43.2927145],[5.36472,43.2926851],[5.3647836,43.2926024],[5.364805,43.2925444],[5.3648305,43.292441],[5.3648564,43.2923908],[5.3648864,43.2923709],[5.3649218,43.2923603]]}},{"type":"Feature","properties":{"osm_id":"way/1190927940","name":null,"building":null,"highway":"footway","tourism":null,"historic":null,"amenity":null,"height_m":null,"height_source":null,"levels":null,"source":"OpenStreetMap"},"geometry":{"type":"LineString","coordinates":[[5.3678777,43.2927606],[5.3678932,43.292714],[5.3679081,43.2926683]]}},{"type":"Feature","properties":{"osm_id":"way/1237724795","name":null,"building":null,"highway":"service","tourism":null,"historic":null,"amenity":null,"height_m":null,"height_source":null,"levels":null,"source":"OpenStreetMap"},"geometry":{"type":"LineString","coordinates":[[5.363142,43.2923275],[5.363141,43.2923798],[5.3631376,43.2923949],[5.3631317,43.2924171],[5.363045,43.2926241],[5.3630346,43.292642],[5.363018,43.2926628],[5.3629758,43.2927034],[5.362964,43.2927181],[5.3628974,43.2928397],[5.3628819,43.2928628],[5.3628562,43.2928818],[5.3628306,43.2928883],[5.3627907,43.2928868],[5.3627615,43.2928807],[5.3627413,43.2928633],[5.3627273,43.2928353],[5.3627163,43.2928051],[5.3626879,43.2924463],[5.3626964,43.2924257],[5.3627212,43.2924156],[5.3628398,43.2924118],[5.3628686,43.2924195],[5.3628804,43.2924401],[5.3628944,43.2926015],[5.362889,43.292632],[5.3628836,43.292654],[5.3628432,43.2927328],[5.3628285,43.2927498],[5.362807,43.292766],[5.3627163,43.2928051]]}},{"type":"Feature","properties":{"osm_id":"way/1237724798","name":null,"building":null,"highway":"service","tourism":null,"historic":null,"amenity":null,"height_m":null,"height_source":null,"levels":null,"source":"OpenStreetMap"},"geometry":{"type":"LineString","coordinates":[[5.3621953,43.2923725],[5.3622899,43.2924494],[5.362306,43.2924607],[5.3623167,43.2924707],[5.3623257,43.292484],[5.3623346,43.2925],[5.3623711,43.2926178],[5.3623693,43.2931104],[5.3623668,43.2931299],[5.3623639,43.2931453],[5.3623523,43.2931582],[5.362152,43.293281],[5.3621408,43.2932948],[5.3621408,43.2933082]]}},{"type":"Feature","properties":{"osm_id":"way/1237724800","name":null,"building":null,"highway":"secondary_link","tourism":null,"historic":null,"amenity":null,"height_m":null,"height_source":null,"levels":null,"source":"OpenStreetMap"},"geometry":{"type":"LineString","coordinates":[[5.3649254,43.2922802],[5.3648896,43.2923038],[5.3648477,43.2923374],[5.3648228,43.2923575],[5.3648039,43.2923755],[5.3647872,43.292395],[5.3647735,43.2924162],[5.3647344,43.2925528],[5.3647243,43.2925762],[5.3646979,43.2926178],[5.3646606,43.2926549],[5.3646135,43.2926907],[5.3645567,43.2927202],[5.3644793,43.2927455],[5.3643981,43.2927635],[5.3643077,43.29277]]}},{"type":"Feature","properties":{"osm_id":"way/1237737153","name":"Quai de Rive-Neuve","building":null,"highway":"secondary","tourism":null,"historic":null,"amenity":null,"height_m":null,"height_source":null,"levels":null,"source":"OpenStreetMap"},"geometry":{"type":"LineString","coordinates":[[5.366315,43.2924359],[5.3663702,43.2924458],[5.3664165,43.292454],[5.3665096,43.2924692],[5.3667868,43.2925089],[5.3668988,43.2925311],[5.3675824,43.2926582],[5.3678932,43.292714],[5.3682629,43.2927835],[5.3687242,43.2928692]]}},{"type":"Feature","properties":{"osm_id":"way/1237737154","name":null,"building":null,"highway":"footway","tourism":null,"historic":null,"amenity":null,"height_m":null,"height_source":null,"levels":null,"source":"OpenStreetMap"},"geometry":{"type":"LineString","coordinates":[[5.3688121,43.292935],[5.3688269,43.2928868],[5.36884,43.2928451]]}},{"type":"Feature","properties":{"osm_id":"way/1237737156","name":"Quai de Rive-Neuve","building":null,"highway":"secondary","tourism":null,"historic":null,"amenity":null,"height_m":null,"height_source":null,"levels":null,"source":"OpenStreetMap"},"geometry":{"type":"LineString","coordinates":[[5.3690983,43.2929318],[5.3701329,43.2931024],[5.370301,43.2931397],[5.3707458,43.2932504],[5.3709338,43.2932941],[5.3709713,43.2933039],[5.371111,43.2933378]]}},{"type":"Feature","properties":{"osm_id":"way/1237737157","name":"Place aux Huiles","building":null,"highway":"secondary_link","tourism":null,"historic":null,"amenity":null,"height_m":null,"height_source":null,"levels":null,"source":"OpenStreetMap"},"geometry":{"type":"LineString","coordinates":[[5.3716089,43.2934092],[5.3715762,43.2934763]]}},{"type":"Feature","properties":{"osm_id":"way/1237789944","name":null,"building":null,"highway":"footway","tourism":null,"historic":null,"amenity":null,"height_m":null,"height_source":null,"levels":null,"source":"OpenStreetMap"},"geometry":{"type":"LineString","coordinates":[[5.3728175,43.2936929],[5.3728087,43.2937114],[5.3727984,43.2937329]]}},{"type":"Feature","properties":{"osm_id":"way/1238288830","name":null,"building":null,"highway":"footway","tourism":null,"historic":null,"amenity":null,"height_m":null,"height_source":null,"levels":null,"source":"OpenStreetMap"},"geometry":{"type":"LineString","coordinates":[[5.3700473,43.2981943],[5.3700185,43.2982505],[5.3698701,43.2982836]]}},{"type":"Feature","properties":{"osm_id":"way/1238288831","name":"Rue des Bannières","building":null,"highway":"footway","tourism":null,"historic":null,"amenity":null,"height_m":null,"height_source":null,"levels":null,"source":"OpenStreetMap"},"geometry":{"type":"LineString","coordinates":[[5.3711382,43.2983991],[5.371055,43.2984213],[5.3710188,43.2984305]]}},{"type":"Feature","properties":{"osm_id":"way/1286518733","name":"Rue de la Coutellerie","building":null,"highway":"residential","tourism":null,"historic":null,"amenity":null,"height_m":null,"height_source":null,"levels":null,"source":"OpenStreetMap"},"geometry":{"type":"LineString","coordinates":[[5.3717243,43.2966678],[5.3718083,43.2966809],[5.3725474,43.2967725]]}},{"type":"Feature","properties":{"osm_id":"way/1286582249","name":null,"building":null,"highway":"footway","tourism":null,"historic":null,"amenity":null,"height_m":null,"height_source":null,"levels":null,"source":"OpenStreetMap"},"geometry":{"type":"LineString","coordinates":[[5.3640263,43.2928088],[5.3640653,43.2928109]]}},{"type":"Feature","properties":{"osm_id":"way/1290055878","name":"Place aux Huiles","building":null,"highway":"pedestrian","tourism":null,"historic":null,"amenity":null,"height_m":null,"height_source":null,"levels":null,"source":"OpenStreetMap"},"geometry":{"type":"LineString","coordinates":[[5.371728,43.292844],[5.3718841,43.2924874]]}},{"type":"Feature","properties":{"osm_id":"way/1290055879","name":"Place aux Huiles","building":null,"highway":"pedestrian","tourism":null,"historic":null,"amenity":null,"height_m":null,"height_source":null,"levels":null,"source":"OpenStreetMap"},"geometry":{"type":"LineString","coordinates":[[5.3718463,43.2928727],[5.3720087,43.2925173]]}},{"type":"Feature","properties":{"osm_id":"way/1290834439","name":null,"building":null,"highway":"service","tourism":null,"historic":null,"amenity":null,"height_m":null,"height_source":null,"levels":null,"source":"OpenStreetMap"},"geometry":{"type":"LineString","coordinates":[[5.3626389,43.2992535],[5.3627014,43.2993233],[5.3627088,43.2993418],[5.3627177,43.2993706],[5.3627202,43.2994179],[5.3627081,43.2994765],[5.3626879,43.2995142],[5.3625526,43.2996893],[5.3622615,43.3000201],[5.3615846,43.3007684],[5.3615559,43.3008382],[5.3615454,43.3009308],[5.3615695,43.3010791],[5.3615802,43.3011455],[5.3616607,43.3013739],[5.3617048,43.3014402],[5.3617895,43.3015066],[5.3635573,43.3023186],[5.3636066,43.302332],[5.3637367,43.3023381],[5.3638037,43.3023526],[5.3638601,43.3023889],[5.3638915,43.3024377],[5.3639004,43.3024826],[5.3638789,43.3025987]]}},{"type":"Feature","properties":{"osm_id":"way/1290834440","name":null,"building":null,"highway":"service","tourism":null,"historic":null,"amenity":null,"height_m":null,"height_source":null,"levels":null,"source":"OpenStreetMap"},"geometry":{"type":"LineString","coordinates":[[5.3615494,43.2983716],[5.3623286,43.298725],[5.3625163,43.2988089],[5.3625891,43.2988498],[5.3626049,43.2988831],[5.3626389,43.2992535],[5.3626197,43.2993465],[5.3626105,43.2993657],[5.3624198,43.2996151],[5.3619558,43.3001656],[5.3613469,43.3008663],[5.3612691,43.3009874],[5.3612637,43.3010596],[5.3612959,43.3011728],[5.3613871,43.3014207],[5.3614542,43.3014793],[5.3616902,43.3015866],[5.3631708,43.3022386],[5.3637072,43.3024943],[5.3638159,43.3025568],[5.3638789,43.3025987],[5.3638722,43.3026358],[5.363844,43.3026622],[5.3637837,43.3026846],[5.3637072,43.3026944]]}},{"type":"Feature","properties":{"osm_id":"way/1293934376","name":null,"building":null,"highway":"service","tourism":null,"historic":null,"amenity":null,"height_m":null,"height_source":null,"levels":null,"source":"OpenStreetMap"},"geometry":{"type":"LineString","coordinates":[[5.3704457,43.2987809],[5.3705582,43.298783],[5.3705661,43.2987821],[5.370573,43.2987805],[5.3705793,43.2987779],[5.3705851,43.2987736],[5.3705881,43.2987694],[5.3705904,43.298764],[5.3705905,43.2987581],[5.3705878,43.2987379]]}},{"type":"Feature","properties":{"osm_id":"way/1293957624","name":null,"building":null,"highway":"footway","tourism":null,"historic":null,"amenity":null,"height_m":null,"height_source":null,"levels":null,"source":"OpenStreetMap"},"geometry":{"type":"LineString","coordinates":[[5.3615591,43.293834],[5.3621771,43.2937686],[5.362217,43.2937615],[5.3623354,43.2937447]]}},{"type":"Feature","properties":{"osm_id":"way/1293957625","name":null,"building":null,"highway":"footway","tourism":null,"historic":null,"amenity":null,"height_m":null,"height_source":null,"levels":null,"source":"OpenStreetMap"},"geometry":{"type":"LineString","coordinates":[[5.3612005,43.294063],[5.36023,43.2941056]]}},{"type":"Feature","properties":{"osm_id":"way/1293957627","name":"Quai des Ligures","building":null,"highway":"service","tourism":null,"historic":null,"amenity":null,"height_m":null,"height_source":null,"levels":null,"source":"OpenStreetMap"},"geometry":{"type":"LineString","coordinates":[[5.363785,43.2928172],[5.3639026,43.2928285],[5.3639597,43.2928433],[5.364022,43.2928578],[5.3640752,43.2928655],[5.3643373,43.2928817],[5.3644225,43.2928774],[5.3645094,43.2928638],[5.3645744,43.2928453],[5.3646453,43.2928194],[5.3646893,43.2927997],[5.3647392,43.2927708],[5.3647806,43.2927411],[5.3648249,43.2926991],[5.3648599,43.292651],[5.3648898,43.2926037],[5.3649093,43.2925535],[5.3649569,43.2923846]]}},{"type":"Feature","properties":{"osm_id":"way/1293957631","name":null,"building":null,"highway":"service","tourism":null,"historic":null,"amenity":null,"height_m":null,"height_source":null,"levels":null,"source":"OpenStreetMap"},"geometry":{"type":"LineString","coordinates":[[5.3637436,43.2962629],[5.3639866,43.2961585]]}},{"type":"Feature","properties":{"osm_id":"way/1296441375","name":"Rue de la Loge","building":null,"highway":"residential","tourism":null,"historic":null,"amenity":null,"height_m":null,"height_source":null,"levels":null,"source":"OpenStreetMap"},"geometry":{"type":"LineString","coordinates":[[5.3675478,43.2961979],[5.3675006,43.2962042],[5.3674501,43.2962043],[5.3673093,43.2961892],[5.367218,43.2961792],[5.3671392,43.2961709],[5.3669081,43.2961428],[5.366254,43.2960099]]}},{"type":"Feature","properties":{"osm_id":"way/1332579934","name":null,"building":null,"highway":"footway","tourism":null,"historic":null,"amenity":null,"height_m":null,"height_source":null,"levels":null,"source":"OpenStreetMap"},"geometry":{"type":"LineString","coordinates":[[5.3743386,43.2977144],[5.3743684,43.2977148],[5.3743671,43.2977564]]}},{"type":"Feature","properties":{"osm_id":"way/1336880840","name":"Place de l'Hôtel des Postes","building":null,"highway":"residential","tourism":null,"historic":null,"amenity":null,"height_m":null,"height_source":null,"levels":null,"source":"OpenStreetMap"},"geometry":{"type":"LineString","coordinates":[[5.3740981,43.2988208],[5.3740848,43.2987424]]}},{"type":"Feature","properties":{"osm_id":"way/1340251228","name":"Rue des Moulins","building":null,"highway":"residential","tourism":null,"historic":null,"amenity":null,"height_m":null,"height_source":null,"levels":null,"source":"OpenStreetMap"},"geometry":{"type":"LineString","coordinates":[[5.3685207,43.298548],[5.3687146,43.2987657],[5.3688152,43.2988825],[5.3688261,43.2989057]]}},{"type":"Feature","properties":{"osm_id":"way/1350335290","name":null,"building":null,"highway":"footway","tourism":null,"historic":null,"amenity":null,"height_m":null,"height_source":null,"levels":null,"source":"OpenStreetMap"},"geometry":{"type":"LineString","coordinates":[[5.3625912,43.2951416],[5.3625838,43.2951501],[5.3625768,43.2951592]]}},{"type":"Feature","properties":{"osm_id":"way/1350338780","name":null,"building":null,"highway":"footway","tourism":null,"historic":null,"amenity":null,"height_m":null,"height_source":null,"levels":null,"source":"OpenStreetMap"},"geometry":{"type":"LineString","coordinates":[[5.3626732,43.2950063],[5.3626953,43.2950227]]}},{"type":"Feature","properties":{"osm_id":"way/1350338781","name":null,"building":null,"highway":"footway","tourism":null,"historic":null,"amenity":null,"height_m":null,"height_source":null,"levels":null,"source":"OpenStreetMap"},"geometry":{"type":"LineString","coordinates":[[5.362653,43.2950156],[5.3626732,43.2950063],[5.3627266,43.2949835],[5.3627707,43.2949646]]}},{"type":"Feature","properties":{"osm_id":"way/1350339659","name":null,"building":null,"highway":"footway","tourism":null,"historic":null,"amenity":null,"height_m":null,"height_source":null,"levels":null,"source":"OpenStreetMap"},"geometry":{"type":"LineString","coordinates":[[5.3627622,43.2949953],[5.3627574,43.2949931]]}},{"type":"Feature","properties":{"osm_id":"way/1350339861","name":null,"building":null,"highway":"footway","tourism":null,"historic":null,"amenity":null,"height_m":null,"height_source":null,"levels":null,"source":"OpenStreetMap"},"geometry":{"type":"LineString","coordinates":[[5.3627574,43.2949931],[5.3627266,43.2949835]]}},{"type":"Feature","properties":{"osm_id":"way/1350342600","name":null,"building":null,"highway":"footway","tourism":null,"historic":null,"amenity":null,"height_m":null,"height_source":null,"levels":null,"source":"OpenStreetMap"},"geometry":{"type":"LineString","coordinates":[[5.3624376,43.2951279],[5.3624924,43.295151]]}},{"type":"Feature","properties":{"osm_id":"way/1350344116","name":null,"building":null,"highway":"footway","tourism":null,"historic":null,"amenity":null,"height_m":null,"height_source":null,"levels":null,"source":"OpenStreetMap"},"geometry":{"type":"LineString","coordinates":[[5.3618724,43.2951225],[5.3618867,43.2951159],[5.3619185,43.2951013],[5.3618977,43.2950773],[5.3618915,43.2950702],[5.3618454,43.2950914],[5.3618724,43.2951225]]}},{"type":"Feature","properties":{"osm_id":"way/1350344117","name":null,"building":null,"highway":"footway","tourism":null,"historic":null,"amenity":null,"height_m":null,"height_source":null,"levels":null,"source":"OpenStreetMap"},"geometry":{"type":"LineString","coordinates":[[5.3619103,43.2951733],[5.3618895,43.2951528],[5.3618867,43.2951159],[5.3618819,43.2950956],[5.3618977,43.2950773],[5.3619356,43.2950582],[5.3619587,43.2950296],[5.361969,43.2950278]]}},{"type":"Feature","properties":{"osm_id":"way/1350344118","name":null,"building":null,"highway":"footway","tourism":null,"historic":null,"amenity":null,"height_m":null,"height_source":null,"levels":null,"source":"OpenStreetMap"},"geometry":{"type":"LineString","coordinates":[[5.361969,43.2950278],[5.3619853,43.2950311]]}},{"type":"Feature","properties":{"osm_id":"way/1350344119","name":null,"building":null,"highway":"footway","tourism":null,"historic":null,"amenity":null,"height_m":null,"height_source":null,"levels":null,"source":"OpenStreetMap"},"geometry":{"type":"LineString","coordinates":[[5.3619224,43.2951779],[5.3619103,43.2951733]]}},{"type":"Feature","properties":{"osm_id":"way/1350621470","name":null,"building":null,"highway":"footway","tourism":null,"historic":null,"amenity":null,"height_m":null,"height_source":null,"levels":null,"source":"OpenStreetMap"},"geometry":{"type":"LineString","coordinates":[[5.3618333,43.2951206],[5.3618238,43.2951246]]}},{"type":"Feature","properties":{"osm_id":"way/1350622274","name":null,"building":null,"highway":"footway","tourism":null,"historic":null,"amenity":null,"height_m":null,"height_source":null,"levels":null,"source":"OpenStreetMap"},"geometry":{"type":"LineString","coordinates":[[5.3617446,43.2951669],[5.3618103,43.2951371],[5.3618065,43.2951325],[5.3617759,43.2950985],[5.3617708,43.2950945],[5.3617624,43.2950936],[5.3617122,43.2951153],[5.3617089,43.2951199],[5.3617096,43.2951267],[5.3617446,43.2951669]]}},{"type":"Feature","properties":{"osm_id":"way/1350622615","name":null,"building":null,"highway":"footway","tourism":null,"historic":null,"amenity":null,"height_m":null,"height_source":null,"levels":null,"source":"OpenStreetMap"},"geometry":{"type":"LineString","coordinates":[[5.3618322,43.295376],[5.3618424,43.2953531]]}},{"type":"Feature","properties":{"osm_id":"way/1350624992","name":null,"building":null,"highway":"footway","tourism":null,"historic":null,"amenity":null,"height_m":null,"height_source":null,"levels":null,"source":"OpenStreetMap"},"geometry":{"type":"LineString","coordinates":[[5.3617444,43.2953347],[5.3618165,43.2953496],[5.3618349,43.2953068],[5.3617979,43.2952625],[5.3617476,43.2952837],[5.3616903,43.2953103],[5.3617227,43.2953316],[5.3617279,43.2953148],[5.361739,43.2953165],[5.3617491,43.2953181],[5.3617444,43.2953347]]}},{"type":"Feature","properties":{"osm_id":"way/1350625357","name":null,"building":null,"highway":"footway","tourism":null,"historic":null,"amenity":null,"height_m":null,"height_source":null,"levels":null,"source":"OpenStreetMap"},"geometry":{"type":"LineString","coordinates":[[5.361739,43.2953165],[5.3617476,43.2952837]]}},{"type":"Feature","properties":{"osm_id":"way/1350631210","name":null,"building":null,"highway":"footway","tourism":null,"historic":null,"amenity":null,"height_m":null,"height_source":null,"levels":null,"source":"OpenStreetMap"},"geometry":{"type":"LineString","coordinates":[[5.361706,43.295147],[5.3617007,43.2951409],[5.3616032,43.2951855]]}},{"type":"Feature","properties":{"osm_id":"way/1350631213","name":null,"building":null,"highway":"footway","tourism":null,"historic":null,"amenity":null,"height_m":null,"height_source":null,"levels":null,"source":"OpenStreetMap"},"geometry":{"type":"LineString","coordinates":[[5.3616948,43.2952685],[5.3617244,43.2952554],[5.3617445,43.2952466],[5.3616969,43.2951893],[5.3616824,43.2951719],[5.3616327,43.2951939],[5.3616948,43.2952685]]}},{"type":"Feature","properties":{"osm_id":"way/1350632647","name":null,"building":null,"highway":"footway","tourism":null,"historic":null,"amenity":null,"height_m":null,"height_source":null,"levels":null,"source":"OpenStreetMap"},"geometry":{"type":"LineString","coordinates":[[5.3617332,43.2952659],[5.3617244,43.2952554]]}},{"type":"Feature","properties":{"osm_id":"way/1350632648","name":null,"building":null,"highway":"footway","tourism":null,"historic":null,"amenity":null,"height_m":null,"height_source":null,"levels":null,"source":"OpenStreetMap"},"geometry":{"type":"LineString","coordinates":[[5.3616969,43.2951893],[5.3617104,43.2951599]]}},{"type":"Feature","properties":{"osm_id":"way/1385332154","name":null,"building":null,"highway":"footway","tourism":null,"historic":null,"amenity":null,"height_m":null,"height_source":null,"levels":null,"source":"OpenStreetMap"},"geometry":{"type":"LineString","coordinates":[[5.361193,43.2957209],[5.3611816,43.295745],[5.3611508,43.2957499],[5.3611168,43.2957466],[5.3610923,43.2957388],[5.3610746,43.2957286],[5.3610639,43.295707]]}},{"type":"Feature","properties":{"osm_id":"way/1385345592","name":null,"building":null,"highway":"footway","tourism":null,"historic":null,"amenity":null,"height_m":null,"height_source":null,"levels":null,"source":"OpenStreetMap"},"geometry":{"type":"LineString","coordinates":[[5.3618879,43.2960877],[5.3619253,43.2960472]]}},{"type":"Feature","properties":{"osm_id":"way/1385345593","name":null,"building":null,"highway":"footway","tourism":null,"historic":null,"amenity":null,"height_m":null,"height_source":null,"levels":null,"source":"OpenStreetMap"},"geometry":{"type":"LineString","coordinates":[[5.3618003,43.2960497],[5.3618387,43.2960077]]}},{"type":"Feature","properties":{"osm_id":"way/1385345594","name":null,"building":null,"highway":"footway","tourism":null,"historic":null,"amenity":null,"height_m":null,"height_source":null,"levels":null,"source":"OpenStreetMap"},"geometry":{"type":"LineString","coordinates":[[5.3619932,43.2960222],[5.362112,43.2960849],[5.3620584,43.2961336],[5.3620458,43.2961451]]}},{"type":"Feature","properties":{"osm_id":"way/1385382928","name":null,"building":null,"highway":"footway","tourism":null,"historic":null,"amenity":null,"height_m":null,"height_source":null,"levels":null,"source":"OpenStreetMap"},"geometry":{"type":"LineString","coordinates":[[5.3611232,43.2966018],[5.3611822,43.2965313],[5.3609018,43.2964046],[5.360586,43.2967824],[5.3608679,43.2969069],[5.3609049,43.2968627],[5.360697,43.2967763],[5.3609155,43.2965058],[5.3611232,43.2966018]]}},{"type":"Feature","properties":{"osm_id":"way/1385386327","name":null,"building":null,"highway":"footway","tourism":null,"historic":null,"amenity":null,"height_m":null,"height_source":null,"levels":null,"source":"OpenStreetMap"},"geometry":{"type":"LineString","coordinates":[[5.3609155,43.2965058],[5.360697,43.2967763],[5.3609049,43.2968627],[5.3611232,43.2966018],[5.3609155,43.2965058]]}},{"type":"Feature","properties":{"osm_id":"way/1385509465","name":null,"building":null,"highway":"footway","tourism":null,"historic":null,"amenity":null,"height_m":null,"height_source":null,"levels":null,"source":"OpenStreetMap"},"geometry":{"type":"LineString","coordinates":[[5.362815,43.295089],[5.3627969,43.2950851],[5.3627627,43.2950826],[5.3627318,43.2951129],[5.3626768,43.2951768],[5.3625977,43.2952593],[5.3625789,43.2952608],[5.3625494,43.2952569],[5.3624301,43.2952403]]}},{"type":"Feature","properties":{"osm_id":"way/1385511206","name":null,"building":null,"highway":"footway","tourism":null,"historic":null,"amenity":null,"height_m":null,"height_source":null,"levels":null,"source":"OpenStreetMap"},"geometry":{"type":"LineString","coordinates":[[5.3621392,43.2954929],[5.3621431,43.2954828],[5.3621017,43.295474]]}},{"type":"Feature","properties":{"osm_id":"way/1385511207","name":null,"building":null,"highway":"footway","tourism":null,"historic":null,"amenity":null,"height_m":null,"height_source":null,"levels":null,"source":"OpenStreetMap"},"geometry":{"type":"LineString","coordinates":[[5.3621956,43.295426],[5.3622072,43.2954287]]}},{"type":"Feature","properties":{"osm_id":"way/1385511208","name":null,"building":null,"highway":"footway","tourism":null,"historic":null,"amenity":null,"height_m":null,"height_source":null,"levels":null,"source":"OpenStreetMap"},"geometry":{"type":"LineString","coordinates":[[5.3622285,43.2953524],[5.3621214,43.295311]]}},{"type":"Feature","properties":{"osm_id":"way/1385517438","name":null,"building":null,"highway":"footway","tourism":null,"historic":null,"amenity":null,"height_m":null,"height_source":null,"levels":null,"source":"OpenStreetMap"},"geometry":{"type":"LineString","coordinates":[[5.3620397,43.2954622],[5.3620382,43.2954697],[5.3620377,43.2954724]]}},{"type":"Feature","properties":{"osm_id":"way/1385517439","name":null,"building":null,"highway":"footway","tourism":null,"historic":null,"amenity":null,"height_m":null,"height_source":null,"levels":null,"source":"OpenStreetMap"},"geometry":{"type":"LineString","coordinates":[[5.3620051,43.2954658],[5.3620103,43.2954558]]}},{"type":"Feature","properties":{"osm_id":"way/1391323222","name":null,"building":null,"highway":"footway","tourism":null,"historic":null,"amenity":null,"height_m":null,"height_source":null,"levels":null,"source":"OpenStreetMap"},"geometry":{"type":"LineString","coordinates":[[5.3627634,43.2948245],[5.36251,43.2948008]]}},{"type":"Feature","properties":{"osm_id":"way/1396470108","name":null,"building":null,"highway":"pedestrian","tourism":null,"historic":null,"amenity":null,"height_m":null,"height_source":null,"levels":null,"source":"OpenStreetMap"},"geometry":{"type":"LineString","coordinates":[[5.374216,43.2927592],[5.3742,43.2928057]]}},{"type":"Feature","properties":{"osm_id":"way/1396470109","name":null,"building":null,"highway":"pedestrian","tourism":null,"historic":null,"amenity":null,"height_m":null,"height_source":null,"levels":null,"source":"OpenStreetMap"},"geometry":{"type":"LineString","coordinates":[[5.3732841,43.2925469],[5.3731807,43.2927858],[5.3731618,43.2928293]]}},{"type":"Feature","properties":{"osm_id":"way/1396470110","name":null,"building":null,"highway":"pedestrian","tourism":null,"historic":null,"amenity":null,"height_m":null,"height_source":null,"levels":null,"source":"OpenStreetMap"},"geometry":{"type":"LineString","coordinates":[[5.3746146,43.2928506],[5.3744979,43.2931013],[5.3737075,43.2929093],[5.3731807,43.2927858],[5.3726569,43.292665],[5.3721288,43.2925466]]}},{"type":"Feature","properties":{"osm_id":"way/1396470111","name":null,"building":null,"highway":"pedestrian","tourism":null,"historic":null,"amenity":null,"height_m":null,"height_source":null,"levels":null,"source":"OpenStreetMap"},"geometry":{"type":"LineString","coordinates":[[5.3738031,43.2926654],[5.3737075,43.2929093],[5.3736905,43.2929527]]}},{"type":"Feature","properties":{"osm_id":"way/1396470112","name":null,"building":null,"highway":"pedestrian","tourism":null,"historic":null,"amenity":null,"height_m":null,"height_source":null,"levels":null,"source":"OpenStreetMap"},"geometry":{"type":"LineString","coordinates":[[5.3744979,43.2931013],[5.3746004,43.2931286]]}},{"type":"Feature","properties":{"osm_id":"way/1396470113","name":null,"building":null,"highway":"pedestrian","tourism":null,"historic":null,"amenity":null,"height_m":null,"height_source":null,"levels":null,"source":"OpenStreetMap"},"geometry":{"type":"LineString","coordinates":[[5.3727671,43.2924289],[5.3726569,43.292665],[5.3726373,43.2927071]]}},{"type":"Feature","properties":{"osm_id":"way/1411114934","name":null,"building":null,"highway":"service","tourism":null,"historic":null,"amenity":null,"height_m":null,"height_source":null,"levels":null,"source":"OpenStreetMap"},"geometry":{"type":"LineString","coordinates":[[5.3630972,43.3005221],[5.363099,43.3004086],[5.3631061,43.3003442],[5.3631273,43.3002875],[5.3632583,43.300133],[5.3633715,43.2999784],[5.3633892,43.2999269],[5.3633963,43.2998471],[5.3633786,43.299726],[5.3630742,43.2987425]]}},{"type":"Feature","properties":{"osm_id":"way/1441484994","name":null,"building":null,"highway":"service","tourism":null,"historic":null,"amenity":null,"height_m":null,"height_source":null,"levels":null,"source":"OpenStreetMap"},"geometry":{"type":"LineString","coordinates":[[5.3614488,43.2926283],[5.3614721,43.292642],[5.3615287,43.2926788],[5.361626,43.2926182],[5.3617743,43.2925541],[5.361843,43.2925264],[5.3618951,43.2925159],[5.3619429,43.2925081],[5.3620047,43.2925224],[5.3621684,43.2926094]]}},{"type":"Feature","properties":{"osm_id":"way/1441954923","name":null,"building":null,"highway":"service","tourism":null,"historic":null,"amenity":null,"height_m":null,"height_source":null,"levels":null,"source":"OpenStreetMap"},"geometry":{"type":"LineString","coordinates":[[5.3615287,43.2926788],[5.361497,43.2927721]]}},{"type":"Feature","properties":{"osm_id":"way/1441954924","name":null,"building":null,"highway":"service","tourism":null,"historic":null,"amenity":null,"height_m":null,"height_source":null,"levels":null,"source":"OpenStreetMap"},"geometry":{"type":"LineString","coordinates":[[5.3615287,43.2926788],[5.3615477,43.2927233],[5.3617365,43.2927768],[5.3618716,43.2928174],[5.3619678,43.2928564]]}},{"type":"Feature","properties":{"osm_id":"way/1441954937","name":null,"building":null,"highway":"footway","tourism":null,"historic":null,"amenity":null,"height_m":null,"height_source":null,"levels":null,"source":"OpenStreetMap"},"geometry":{"type":"LineString","coordinates":[[5.3605723,43.2935005],[5.360547,43.293484]]}},{"type":"Feature","properties":{"osm_id":"way/1442404074","name":null,"building":null,"highway":"service","tourism":null,"historic":null,"amenity":null,"height_m":null,"height_source":null,"levels":null,"source":"OpenStreetMap"},"geometry":{"type":"LineString","coordinates":[[5.3629633,43.2937245],[5.3625569,43.2936905],[5.3622638,43.2935189],[5.3621567,43.2933356]]}},{"type":"Feature","properties":{"osm_id":"way/1442404075","name":"Quai aux Chaînes","building":null,"highway":"service","tourism":null,"historic":null,"amenity":null,"height_m":null,"height_source":null,"levels":null,"source":"OpenStreetMap"},"geometry":{"type":"LineString","coordinates":[[5.3629633,43.2937245],[5.3629051,43.2937799],[5.362895,43.2937856],[5.3628795,43.2937894],[5.3628616,43.293791],[5.3623354,43.2937447]]}},{"type":"Feature","properties":{"osm_id":"way/1442404076","name":"Quai Marcel Pagnol","building":null,"highway":"service","tourism":null,"historic":null,"amenity":null,"height_m":null,"height_source":null,"levels":null,"source":"OpenStreetMap"},"geometry":{"type":"LineString","coordinates":[[5.3636247,43.2930221],[5.3636987,43.2928464],[5.3637087,43.2927478],[5.3636896,43.2927234],[5.3637081,43.2924403]]}},{"type":"Feature","properties":{"osm_id":"way/1442404078","name":"Quai Marcel Pagnol","building":null,"highway":"service","tourism":null,"historic":null,"amenity":null,"height_m":null,"height_source":null,"levels":null,"source":"OpenStreetMap"},"geometry":{"type":"LineString","coordinates":[[5.3637651,43.2922203],[5.3637672,43.2922709],[5.363769,43.2923117],[5.3637903,43.2924714],[5.3637921,43.2925024],[5.3637921,43.2925324],[5.3637892,43.292629],[5.363785,43.2928172],[5.3637757,43.2928998],[5.36377,43.292917],[5.3636688,43.2930128],[5.3636247,43.2930221]]}},{"type":"Feature","properties":{"osm_id":"way/1442404079","name":"Quai Marcel Pagnol","building":null,"highway":"footway","tourism":null,"historic":null,"amenity":null,"height_m":null,"height_source":null,"levels":null,"source":"OpenStreetMap"},"geometry":{"type":"LineString","coordinates":[[5.36377,43.292917],[5.363756,43.2930355],[5.3637805,43.2930829],[5.363759,43.2932552],[5.3637468,43.2933558],[5.3637379,43.293424]]}},{"type":"Feature","properties":{"osm_id":"way/1442404080","name":"Quai Marcel Pagnol","building":null,"highway":"footway","tourism":null,"historic":null,"amenity":null,"height_m":null,"height_source":null,"levels":null,"source":"OpenStreetMap"},"geometry":{"type":"LineString","coordinates":[[5.3639597,43.2928433],[5.3639089,43.293264],[5.3638837,43.2934724],[5.3638174,43.2934671],[5.3637334,43.2934605],[5.3637157,43.2934592],[5.363633,43.2934525],[5.3635743,43.2934478],[5.3635877,43.2933468],[5.3636247,43.2930221]]}},{"type":"Feature","properties":{"osm_id":"way/1442404082","name":null,"building":null,"highway":"footway","tourism":null,"historic":null,"amenity":null,"height_m":null,"height_source":null,"levels":null,"source":"OpenStreetMap"},"geometry":{"type":"LineString","coordinates":[[5.3637122,43.293483],[5.3637157,43.2934592]]}},{"type":"Feature","properties":{"osm_id":"way/1442404083","name":null,"building":null,"highway":"footway","tourism":null,"historic":null,"amenity":null,"height_m":null,"height_source":null,"levels":null,"source":"OpenStreetMap"},"geometry":{"type":"LineString","coordinates":[[5.3636294,43.2934778],[5.363633,43.2934525]]}},{"type":"Feature","properties":{"osm_id":"way/1442404084","name":null,"building":null,"highway":"footway","tourism":null,"historic":null,"amenity":null,"height_m":null,"height_source":null,"levels":null,"source":"OpenStreetMap"},"geometry":{"type":"LineString","coordinates":[[5.3638134,43.2934893],[5.3638174,43.2934671]]}},{"type":"Feature","properties":{"osm_id":"way/1442404086","name":null,"building":null,"highway":"footway","tourism":null,"historic":null,"amenity":null,"height_m":null,"height_source":null,"levels":null,"source":"OpenStreetMap"},"geometry":{"type":"LineString","coordinates":[[5.3636453,43.2933497],[5.3637468,43.2933558]]}},{"type":"Feature","properties":{"osm_id":"way/1442404087","name":null,"building":null,"highway":"footway","tourism":null,"historic":null,"amenity":null,"height_m":null,"height_source":null,"levels":null,"source":"OpenStreetMap"},"geometry":{"type":"LineString","coordinates":[[5.363759,43.2932552],[5.363853,43.2932613]]}},{"type":"Feature","properties":{"osm_id":"way/1486479529","name":null,"building":null,"highway":"footway","tourism":null,"historic":null,"amenity":null,"height_m":null,"height_source":null,"levels":null,"source":"OpenStreetMap"},"geometry":{"type":"LineString","coordinates":[[5.361535,43.2956699],[5.3615156,43.2956603]]}},{"type":"Feature","properties":{"osm_id":"way/1509801644","name":"Place de l'Hôtel des Postes","building":null,"highway":"residential","tourism":null,"historic":null,"amenity":null,"height_m":null,"height_source":null,"levels":null,"source":"OpenStreetMap"},"geometry":{"type":"LineString","coordinates":[[5.3741332,43.2990651],[5.3741069,43.2988785],[5.3741021,43.2988484],[5.3740981,43.2988208]]}},{"type":"Feature","properties":{"osm_id":"way/1510275548","name":"Quai de la Tourette - Boulevard Jacques Saadé","building":null,"highway":"tertiary","tourism":null,"historic":null,"amenity":null,"height_m":null,"height_source":null,"levels":null,"source":"OpenStreetMap"},"geometry":{"type":"LineString","coordinates":[[5.3628517,43.2969244],[5.3628754,43.2970008]]}},{"type":"Feature","properties":{"osm_id":"way/1510275549","name":"Avenue Vaudoyer","building":null,"highway":"tertiary","tourism":null,"historic":null,"amenity":null,"height_m":null,"height_source":null,"levels":null,"source":"OpenStreetMap"},"geometry":{"type":"LineString","coordinates":[[5.362837,43.2966471],[5.3628511,43.296688]]}},{"type":"Feature","properties":{"osm_id":"way/1510275550","name":"Avenue Vaudoyer","building":null,"highway":"tertiary","tourism":null,"historic":null,"amenity":null,"height_m":null,"height_source":null,"levels":null,"source":"OpenStreetMap"},"geometry":{"type":"LineString","coordinates":[[5.3635088,43.2951182],[5.3635603,43.2951217],[5.3636669,43.2951357]]}},{"type":"Feature","properties":{"osm_id":"way/1530792431","name":"Quai du Port","building":null,"highway":"residential","tourism":null,"historic":null,"amenity":null,"height_m":null,"height_source":null,"levels":null,"source":"OpenStreetMap"},"geometry":{"type":"LineString","coordinates":[[5.3663998,43.2956329],[5.3660641,43.2955884],[5.3652998,43.2954385],[5.3652755,43.2954339],[5.3652271,43.2954322],[5.3652007,43.2954345],[5.365097,43.2954544]]}},{"type":"Feature","properties":{"osm_id":"way/1530792432","name":"Quai du Port","building":null,"highway":"residential","tourism":null,"historic":null,"amenity":null,"height_m":null,"height_source":null,"levels":null,"source":"OpenStreetMap"},"geometry":{"type":"LineString","coordinates":[[5.3703531,43.29612],[5.3696561,43.2960484],[5.3695819,43.2960427]]}},{"type":"Feature","properties":{"osm_id":"way/1530792433","name":"Quai du Port","building":null,"highway":"residential","tourism":null,"historic":null,"amenity":null,"height_m":null,"height_source":null,"levels":null,"source":"OpenStreetMap"},"geometry":{"type":"LineString","coordinates":[[5.3706199,43.2961489],[5.3705039,43.2961366],[5.3703531,43.29612]]}},{"type":"Feature","properties":{"osm_id":"way/1530792434","name":"Quai du Port","building":null,"highway":"residential","tourism":null,"historic":null,"amenity":null,"height_m":null,"height_source":null,"levels":null,"source":"OpenStreetMap"},"geometry":{"type":"LineString","coordinates":[[5.3718114,43.2962776],[5.3713917,43.2962901],[5.3713243,43.2962841],[5.3709145,43.2962397],[5.3708532,43.2962327],[5.3706199,43.2961489]]}}]}