{"type":"FeatureCollection","features":[{"type":"Feature","properties":{"type":"Arbre (LiDAR)","hauteur_m":9.8,"source":"LiDAR HD IGN — sommet local du MNH (MNS − MNT)","_modelId":"tree_deciduous","_scale":1.66,"_rotationZ":314},"geometry":{"type":"Point","coordinates":[5.3646789,43.3547378]}},{"type":"Feature","properties":{"type":"Arbre (LiDAR)","hauteur_m":5.7,"source":"LiDAR HD IGN — sommet local du MNH (MNS − MNT)","_modelId":"tree_deciduous","_scale":0.97,"_rotationZ":289},"geometry":{"type":"Point","coordinates":[5.3653565,43.3547185]}},{"type":"Feature","properties":{"type":"Arbre (LiDAR)","hauteur_m":4.7,"source":"LiDAR HD IGN — sommet local du MNH (MNS − MNT)","_modelId":"tree_deciduous","_scale":0.8,"_rotationZ":29},"geometry":{"type":"Point","coordinates":[5.3654057,43.3547174]}},{"type":"Feature","properties":{"type":"Arbre (LiDAR)","hauteur_m":5.3,"source":"LiDAR HD IGN — sommet local du MNH (MNS − MNT)","_modelId":"tree_deciduous","_scale":0.9,"_rotationZ":298},"geometry":{"type":"Point","coordinates":[5.3622201,43.3547825]}},{"type":"Feature","properties":{"type":"Arbre (LiDAR)","hauteur_m":14.9,"source":"LiDAR HD IGN — sommet local du MNH (MNS − MNT)","_modelId":"tree_deciduous","_scale":2.53,"_rotationZ":318},"geometry":{"type":"Point","coordinates":[5.3648572,43.3547249]}},{"type":"Feature","properties":{"type":"Arbre (LiDAR)","hauteur_m":8.2,"source":"LiDAR HD IGN — sommet local du MNH (MNS − MNT)","_modelId":"tree_deciduous","_scale":1.39,"_rotationZ":283},"geometry":{"type":"Point","coordinates":[5.3615358,43.3547885]}},{"type":"Feature","properties":{"type":"Arbre (LiDAR)","hauteur_m":9.6,"source":"LiDAR HD IGN — sommet local du MNH (MNS − MNT)","_modelId":"tree_deciduous","_scale":1.63,"_rotationZ":197},"geometry":{"type":"Point","coordinates":[5.3625461,43.3547619]}},{"type":"Feature","properties":{"type":"Arbre (LiDAR)","hauteur_m":7.2,"source":"LiDAR HD IGN — sommet local du MNH (MNS − MNT)","_modelId":"tree_deciduous","_scale":1.22,"_rotationZ":290},"geometry":{"type":"Point","coordinates":[5.3649858,43.3547041]}},{"type":"Feature","properties":{"type":"Arbre (LiDAR)","hauteur_m":9.6,"source":"LiDAR HD IGN — sommet local du MNH (MNS − MNT)","_modelId":"tree_deciduous","_scale":1.63,"_rotationZ":56},"geometry":{"type":"Point","coordinates":[5.3625642,43.3547525]}},{"type":"Feature","properties":{"type":"Arbre (LiDAR)","hauteur_m":16.3,"source":"LiDAR HD IGN — sommet local du MNH (MNS − MNT)","_modelId":"tree_deciduous","_scale":2.76,"_rotationZ":91},"geometry":{"type":"Point","coordinates":[5.364542,43.3547093]}},{"type":"Feature","properties":{"type":"Arbre (LiDAR)","hauteur_m":9,"source":"LiDAR HD IGN — sommet local du MNH (MNS − MNT)","_modelId":"tree_deciduous","_scale":1.53,"_rotationZ":149},"geometry":{"type":"Point","coordinates":[5.3646838,43.3547062]}},{"type":"Feature","properties":{"type":"Arbre (LiDAR)","hauteur_m":8.8,"source":"LiDAR HD IGN — sommet local du MNH (MNS − MNT)","_modelId":"tree_deciduous","_scale":1.49,"_rotationZ":103},"geometry":{"type":"Point","coordinates":[5.3620095,43.3547601]}},{"type":"Feature","properties":{"type":"Arbre (LiDAR)","hauteur_m":8.1,"source":"LiDAR HD IGN — sommet local du MNH (MNS − MNT)","_modelId":"tree_deciduous","_scale":1.37,"_rotationZ":301},"geometry":{"type":"Point","coordinates":[5.3649362,43.3546962]}},{"type":"Feature","properties":{"type":"Arbre (LiDAR)","hauteur_m":7.4,"source":"LiDAR HD IGN — sommet local du MNH (MNS − MNT)","_modelId":"tree_deciduous","_scale":1.25,"_rotationZ":179},"geometry":{"type":"Point","coordinates":[5.365164,43.3546867]}},{"type":"Feature","properties":{"type":"Arbre (LiDAR)","hauteur_m":7.1,"source":"LiDAR HD IGN — sommet local du MNH (MNS − MNT)","_modelId":"tree_deciduous","_scale":1.2,"_rotationZ":111},"geometry":{"type":"Point","coordinates":[5.3650098,43.3546856]}},{"type":"Feature","properties":{"type":"Arbre (LiDAR)","hauteur_m":8.8,"source":"LiDAR HD IGN — sommet local du MNH (MNS − MNT)","_modelId":"tree_deciduous","_scale":1.49,"_rotationZ":287},"geometry":{"type":"Point","coordinates":[5.3619905,43.354747]}},{"type":"Feature","properties":{"type":"Arbre (LiDAR)","hauteur_m":4.6,"source":"LiDAR HD IGN — sommet local du MNH (MNS − MNT)","_modelId":"tree_deciduous","_scale":0.78,"_rotationZ":69},"geometry":{"type":"Point","coordinates":[5.3623355,43.3547395]}},{"type":"Feature","properties":{"type":"Arbre (LiDAR)","hauteur_m":4.7,"source":"LiDAR HD IGN — sommet local du MNH (MNS − MNT)","_modelId":"tree_deciduous","_scale":0.8,"_rotationZ":274},"geometry":{"type":"Point","coordinates":[5.3653854,43.3546729]}},{"type":"Feature","properties":{"type":"Arbre (LiDAR)","hauteur_m":6.6,"source":"LiDAR HD IGN — sommet local du MNH (MNS − MNT)","_modelId":"tree_deciduous","_scale":1.12,"_rotationZ":143},"geometry":{"type":"Point","coordinates":[5.3654343,43.3546628]}},{"type":"Feature","properties":{"type":"Arbre (LiDAR)","hauteur_m":9.2,"source":"LiDAR HD IGN — sommet local du MNH (MNS − MNT)","_modelId":"tree_deciduous","_scale":1.56,"_rotationZ":142},"geometry":{"type":"Point","coordinates":[5.3625753,43.3547208]}},{"type":"Feature","properties":{"type":"Arbre (LiDAR)","hauteur_m":13.7,"source":"LiDAR HD IGN — sommet local du MNH (MNS − MNT)","_modelId":"tree_deciduous","_scale":2.32,"_rotationZ":297},"geometry":{"type":"Point","coordinates":[5.3648611,43.3546708]}},{"type":"Feature","properties":{"type":"Arbre (LiDAR)","hauteur_m":7.9,"source":"LiDAR HD IGN — sommet local du MNH (MNS − MNT)","_modelId":"tree_deciduous","_scale":1.34,"_rotationZ":224},"geometry":{"type":"Point","coordinates":[5.3628335,43.3547016]}},{"type":"Feature","properties":{"type":"Arbre (LiDAR)","hauteur_m":7.5,"source":"LiDAR HD IGN — sommet local du MNH (MNS − MNT)","_modelId":"tree_deciduous","_scale":1.27,"_rotationZ":48},"geometry":{"type":"Point","coordinates":[5.3646442,43.3546441]}},{"type":"Feature","properties":{"type":"Arbre (LiDAR)","hauteur_m":5.8,"source":"LiDAR HD IGN — sommet local du MNH (MNS − MNT)","_modelId":"tree_deciduous","_scale":0.98,"_rotationZ":90},"geometry":{"type":"Point","coordinates":[5.3621608,43.3546893]}},{"type":"Feature","properties":{"type":"Arbre (LiDAR)","hauteur_m":9.6,"source":"LiDAR HD IGN — sommet local du MNH (MNS − MNT)","_modelId":"tree_deciduous","_scale":1.63,"_rotationZ":1},"geometry":{"type":"Point","coordinates":[5.3615568,43.354698]}},{"type":"Feature","properties":{"type":"Arbre (LiDAR)","hauteur_m":10.6,"source":"LiDAR HD IGN — sommet local du MNH (MNS − MNT)","_modelId":"tree_deciduous","_scale":1.8,"_rotationZ":142},"geometry":{"type":"Point","coordinates":[5.3645882,43.3546318]}},{"type":"Feature","properties":{"type":"Arbre (LiDAR)","hauteur_m":4.1,"source":"LiDAR HD IGN — sommet local du MNH (MNS − MNT)","_modelId":"tree_deciduous","_scale":0.69,"_rotationZ":350},"geometry":{"type":"Point","coordinates":[5.3650378,43.3546175]}},{"type":"Feature","properties":{"type":"Arbre (LiDAR)","hauteur_m":4.2,"source":"LiDAR HD IGN — sommet local du MNH (MNS − MNT)","_modelId":"tree_deciduous","_scale":0.71,"_rotationZ":82},"geometry":{"type":"Point","coordinates":[5.3618399,43.3546828]}},{"type":"Feature","properties":{"type":"Arbre (LiDAR)","hauteur_m":11.2,"source":"LiDAR HD IGN — sommet local du MNH (MNS − MNT)","_modelId":"tree_deciduous","_scale":1.9,"_rotationZ":352},"geometry":{"type":"Point","coordinates":[5.3626532,43.3546651]}},{"type":"Feature","properties":{"type":"Arbre (LiDAR)","hauteur_m":4.8,"source":"LiDAR HD IGN — sommet local du MNH (MNS − MNT)","_modelId":"tree_deciduous","_scale":0.81,"_rotationZ":309},"geometry":{"type":"Point","coordinates":[5.362794,43.3546395]}},{"type":"Feature","properties":{"type":"Arbre (LiDAR)","hauteur_m":9.3,"source":"LiDAR HD IGN — sommet local du MNH (MNS − MNT)","_modelId":"tree_deciduous","_scale":1.58,"_rotationZ":49},"geometry":{"type":"Point","coordinates":[5.3646793,43.3545983]}},{"type":"Feature","properties":{"type":"Arbre (LiDAR)","hauteur_m":5.4,"source":"LiDAR HD IGN — sommet local du MNH (MNS − MNT)","_modelId":"tree_deciduous","_scale":0.92,"_rotationZ":67},"geometry":{"type":"Point","coordinates":[5.3616539,43.3546599]}},{"type":"Feature","properties":{"type":"Arbre (LiDAR)","hauteur_m":5.6,"source":"LiDAR HD IGN — sommet local du MNH (MNS − MNT)","_modelId":"tree_deciduous","_scale":0.95,"_rotationZ":209},"geometry":{"type":"Point","coordinates":[5.3620789,43.3546461]}},{"type":"Feature","properties":{"type":"Arbre (LiDAR)","hauteur_m":5.3,"source":"LiDAR HD IGN — sommet local du MNH (MNS − MNT)","_modelId":"tree_deciduous","_scale":0.9,"_rotationZ":120},"geometry":{"type":"Point","coordinates":[5.3648823,43.3545849]}},{"type":"Feature","properties":{"type":"Arbre (LiDAR)","hauteur_m":9.9,"source":"LiDAR HD IGN — sommet local du MNH (MNS − MNT)","_modelId":"tree_deciduous","_scale":1.68,"_rotationZ":198},"geometry":{"type":"Point","coordinates":[5.3635389,43.3546097]}},{"type":"Feature","properties":{"type":"Arbre (LiDAR)","hauteur_m":4.3,"source":"LiDAR HD IGN — sommet local du MNH (MNS − MNT)","_modelId":"tree_deciduous","_scale":0.73,"_rotationZ":181},"geometry":{"type":"Point","coordinates":[5.3652083,43.3545642]}},{"type":"Feature","properties":{"type":"Arbre (LiDAR)","hauteur_m":4.5,"source":"LiDAR HD IGN — sommet local du MNH (MNS − MNT)","_modelId":"tree_deciduous","_scale":0.76,"_rotationZ":0},"geometry":{"type":"Point","coordinates":[5.3620287,43.3546247]}},{"type":"Feature","properties":{"type":"Arbre (LiDAR)","hauteur_m":9.7,"source":"LiDAR HD IGN — sommet local du MNH (MNS − MNT)","_modelId":"tree_deciduous","_scale":1.64,"_rotationZ":346},"geometry":{"type":"Point","coordinates":[5.3646472,43.3545675]}},{"type":"Feature","properties":{"type":"Arbre (LiDAR)","hauteur_m":4.1,"source":"LiDAR HD IGN — sommet local du MNH (MNS − MNT)","_modelId":"tree_deciduous","_scale":0.69,"_rotationZ":138},"geometry":{"type":"Point","coordinates":[5.3648567,43.3545629]}},{"type":"Feature","properties":{"type":"Arbre (LiDAR)","hauteur_m":4.2,"source":"LiDAR HD IGN — sommet local du MNH (MNS − MNT)","_modelId":"tree_deciduous","_scale":0.71,"_rotationZ":265},"geometry":{"type":"Point","coordinates":[5.365097,43.3545577]}},{"type":"Feature","properties":{"type":"Arbre (LiDAR)","hauteur_m":9.7,"source":"LiDAR HD IGN — sommet local du MNH (MNS − MNT)","_modelId":"tree_deciduous","_scale":1.64,"_rotationZ":152},"geometry":{"type":"Point","coordinates":[5.3626323,43.354607]}},{"type":"Feature","properties":{"type":"Arbre (LiDAR)","hauteur_m":10.3,"source":"LiDAR HD IGN — sommet local du MNH (MNS − MNT)","_modelId":"tree_deciduous","_scale":1.75,"_rotationZ":113},"geometry":{"type":"Point","coordinates":[5.3628541,43.3546022]}},{"type":"Feature","properties":{"type":"Arbre (LiDAR)","hauteur_m":6.9,"source":"LiDAR HD IGN — sommet local du MNH (MNS − MNT)","_modelId":"tree_deciduous","_scale":1.17,"_rotationZ":219},"geometry":{"type":"Point","coordinates":[5.3627977,43.3545809]}},{"type":"Feature","properties":{"type":"Arbre (LiDAR)","hauteur_m":7.2,"source":"LiDAR HD IGN — sommet local du MNH (MNS − MNT)","_modelId":"tree_deciduous","_scale":1.22,"_rotationZ":57},"geometry":{"type":"Point","coordinates":[5.3613126,43.3546088]}},{"type":"Feature","properties":{"type":"Arbre (LiDAR)","hauteur_m":4.4,"source":"LiDAR HD IGN — sommet local du MNH (MNS − MNT)","_modelId":"tree_deciduous","_scale":0.75,"_rotationZ":351},"geometry":{"type":"Point","coordinates":[5.3615158,43.3545999]}},{"type":"Feature","properties":{"type":"Arbre (LiDAR)","hauteur_m":8.8,"source":"LiDAR HD IGN — sommet local du MNH (MNS − MNT)","_modelId":"tree_deciduous","_scale":1.49,"_rotationZ":83},"geometry":{"type":"Point","coordinates":[5.361195,43.3545979]}},{"type":"Feature","properties":{"type":"Arbre (LiDAR)","hauteur_m":4.6,"source":"LiDAR HD IGN — sommet local du MNH (MNS − MNT)","_modelId":"tree_deciduous","_scale":0.78,"_rotationZ":242},"geometry":{"type":"Point","coordinates":[5.3615462,43.3545902]}},{"type":"Feature","properties":{"type":"Arbre (LiDAR)","hauteur_m":8.5,"source":"LiDAR HD IGN — sommet local du MNH (MNS − MNT)","_modelId":"tree_deciduous","_scale":1.44,"_rotationZ":267},"geometry":{"type":"Point","coordinates":[5.3612497,43.3545787]}},{"type":"Feature","properties":{"type":"Arbre (LiDAR)","hauteur_m":8.3,"source":"LiDAR HD IGN — sommet local du MNH (MNS − MNT)","_modelId":"tree_deciduous","_scale":1.41,"_rotationZ":313},"geometry":{"type":"Point","coordinates":[5.3628082,43.3545357]}},{"type":"Feature","properties":{"type":"Arbre (LiDAR)","hauteur_m":5.1,"source":"LiDAR HD IGN — sommet local du MNH (MNS − MNT)","_modelId":"tree_deciduous","_scale":0.86,"_rotationZ":220},"geometry":{"type":"Point","coordinates":[5.3636831,43.3545166]}},{"type":"Feature","properties":{"type":"Arbre (LiDAR)","hauteur_m":7.3,"source":"LiDAR HD IGN — sommet local du MNH (MNS − MNT)","_modelId":"tree_deciduous","_scale":1.24,"_rotationZ":58},"geometry":{"type":"Point","coordinates":[5.3613108,43.3545639]}},{"type":"Feature","properties":{"type":"Arbre (LiDAR)","hauteur_m":8.6,"source":"LiDAR HD IGN — sommet local du MNH (MNS − MNT)","_modelId":"tree_deciduous","_scale":1.46,"_rotationZ":176},"geometry":{"type":"Point","coordinates":[5.3615326,43.354559]}},{"type":"Feature","properties":{"type":"Arbre (LiDAR)","hauteur_m":6.4,"source":"LiDAR HD IGN — sommet local du MNH (MNS − MNT)","_modelId":"tree_deciduous","_scale":1.08,"_rotationZ":264},"geometry":{"type":"Point","coordinates":[5.364946,43.3544845]}},{"type":"Feature","properties":{"type":"Arbre (LiDAR)","hauteur_m":10.6,"source":"LiDAR HD IGN — sommet local du MNH (MNS − MNT)","_modelId":"tree_deciduous","_scale":1.8,"_rotationZ":115},"geometry":{"type":"Point","coordinates":[5.3652783,43.3544682]}},{"type":"Feature","properties":{"type":"Arbre (LiDAR)","hauteur_m":11.8,"source":"LiDAR HD IGN — sommet local du MNH (MNS − MNT)","_modelId":"tree_deciduous","_scale":2,"_rotationZ":151},"geometry":{"type":"Point","coordinates":[5.3626779,43.354516]}},{"type":"Feature","properties":{"type":"Arbre (LiDAR)","hauteur_m":6.6,"source":"LiDAR HD IGN — sommet local du MNH (MNS − MNT)","_modelId":"tree_deciduous","_scale":1.12,"_rotationZ":159},"geometry":{"type":"Point","coordinates":[5.3646988,43.3544719]}},{"type":"Feature","properties":{"type":"Arbre (LiDAR)","hauteur_m":5,"source":"LiDAR HD IGN — sommet local du MNH (MNS − MNT)","_modelId":"tree_deciduous","_scale":0.85,"_rotationZ":84},"geometry":{"type":"Point","coordinates":[5.361926,43.3545279]}},{"type":"Feature","properties":{"type":"Arbre (LiDAR)","hauteur_m":4.1,"source":"LiDAR HD IGN — sommet local du MNH (MNS − MNT)","_modelId":"tree_deciduous","_scale":0.69,"_rotationZ":211},"geometry":{"type":"Point","coordinates":[5.364828,43.3544645]}},{"type":"Feature","properties":{"type":"Arbre (LiDAR)","hauteur_m":10,"source":"LiDAR HD IGN — sommet local du MNH (MNS − MNT)","_modelId":"tree_deciduous","_scale":1.69,"_rotationZ":48},"geometry":{"type":"Point","coordinates":[5.3615377,43.3545319]}},{"type":"Feature","properties":{"type":"Arbre (LiDAR)","hauteur_m":7.4,"source":"LiDAR HD IGN — sommet local du MNH (MNS − MNT)","_modelId":"tree_deciduous","_scale":1.25,"_rotationZ":295},"geometry":{"type":"Point","coordinates":[5.3616917,43.3545286]}},{"type":"Feature","properties":{"type":"Arbre (LiDAR)","hauteur_m":10,"source":"LiDAR HD IGN — sommet local du MNH (MNS − MNT)","_modelId":"tree_deciduous","_scale":1.69,"_rotationZ":143},"geometry":{"type":"Point","coordinates":[5.3611247,43.3545364]}},{"type":"Feature","properties":{"type":"Arbre (LiDAR)","hauteur_m":6.8,"source":"LiDAR HD IGN — sommet local du MNH (MNS − MNT)","_modelId":"tree_deciduous","_scale":1.15,"_rotationZ":126},"geometry":{"type":"Point","coordinates":[5.3653883,43.3544433]}},{"type":"Feature","properties":{"type":"Arbre (LiDAR)","hauteur_m":5.6,"source":"LiDAR HD IGN — sommet local du MNH (MNS − MNT)","_modelId":"tree_deciduous","_scale":0.95,"_rotationZ":77},"geometry":{"type":"Point","coordinates":[5.3613091,43.3545234]}},{"type":"Feature","properties":{"type":"Arbre (LiDAR)","hauteur_m":8.7,"source":"LiDAR HD IGN — sommet local du MNH (MNS − MNT)","_modelId":"tree_deciduous","_scale":1.47,"_rotationZ":227},"geometry":{"type":"Point","coordinates":[5.3636809,43.3544626]}},{"type":"Feature","properties":{"type":"Arbre (LiDAR)","hauteur_m":5.3,"source":"LiDAR HD IGN — sommet local du MNH (MNS − MNT)","_modelId":"tree_deciduous","_scale":0.9,"_rotationZ":237},"geometry":{"type":"Point","coordinates":[5.3649684,43.35443]}},{"type":"Feature","properties":{"type":"Arbre (LiDAR)","hauteur_m":13.2,"source":"LiDAR HD IGN — sommet local du MNH (MNS − MNT)","_modelId":"tree_deciduous","_scale":2.24,"_rotationZ":186},"geometry":{"type":"Point","coordinates":[5.3628672,43.3544714]}},{"type":"Feature","properties":{"type":"Arbre (LiDAR)","hauteur_m":8.9,"source":"LiDAR HD IGN — sommet local du MNH (MNS − MNT)","_modelId":"tree_deciduous","_scale":1.51,"_rotationZ":257},"geometry":{"type":"Point","coordinates":[5.3615177,43.3544964]}},{"type":"Feature","properties":{"type":"Arbre (LiDAR)","hauteur_m":5.3,"source":"LiDAR HD IGN — sommet local du MNH (MNS − MNT)","_modelId":"tree_deciduous","_scale":0.9,"_rotationZ":68},"geometry":{"type":"Point","coordinates":[5.3646662,43.3544276]}},{"type":"Feature","properties":{"type":"Arbre (LiDAR)","hauteur_m":11,"source":"LiDAR HD IGN — sommet local du MNH (MNS − MNT)","_modelId":"tree_deciduous","_scale":1.86,"_rotationZ":80},"geometry":{"type":"Point","coordinates":[5.3611417,43.3545001]}},{"type":"Feature","properties":{"type":"Arbre (LiDAR)","hauteur_m":8.3,"source":"LiDAR HD IGN — sommet local du MNH (MNS − MNT)","_modelId":"tree_deciduous","_scale":1.41,"_rotationZ":73},"geometry":{"type":"Point","coordinates":[5.3628052,43.3544637]}},{"type":"Feature","properties":{"type":"Arbre (LiDAR)","hauteur_m":4.5,"source":"LiDAR HD IGN — sommet local du MNH (MNS − MNT)","_modelId":"tree_deciduous","_scale":0.76,"_rotationZ":116},"geometry":{"type":"Point","coordinates":[5.362152,43.3544735]}},{"type":"Feature","properties":{"type":"Arbre (LiDAR)","hauteur_m":8.9,"source":"LiDAR HD IGN — sommet local du MNH (MNS − MNT)","_modelId":"tree_deciduous","_scale":1.51,"_rotationZ":107},"geometry":{"type":"Point","coordinates":[5.3636676,43.3544404]}},{"type":"Feature","properties":{"type":"Arbre (LiDAR)","hauteur_m":4.4,"source":"LiDAR HD IGN — sommet local du MNH (MNS − MNT)","_modelId":"tree_deciduous","_scale":0.75,"_rotationZ":242},"geometry":{"type":"Point","coordinates":[5.3617328,43.3544782]}},{"type":"Feature","properties":{"type":"Arbre (LiDAR)","hauteur_m":9.9,"source":"LiDAR HD IGN — sommet local du MNH (MNS − MNT)","_modelId":"tree_deciduous","_scale":1.68,"_rotationZ":198},"geometry":{"type":"Point","coordinates":[5.3626383,43.3544539]}},{"type":"Feature","properties":{"type":"Arbre (LiDAR)","hauteur_m":7.2,"source":"LiDAR HD IGN — sommet local du MNH (MNS − MNT)","_modelId":"tree_deciduous","_scale":1.22,"_rotationZ":39},"geometry":{"type":"Point","coordinates":[5.3618865,43.3544658]}},{"type":"Feature","properties":{"type":"Arbre (LiDAR)","hauteur_m":11.6,"source":"LiDAR HD IGN — sommet local du MNH (MNS − MNT)","_modelId":"tree_deciduous","_scale":1.97,"_rotationZ":332},"geometry":{"type":"Point","coordinates":[5.3637718,43.3544246]}},{"type":"Feature","properties":{"type":"Arbre (LiDAR)","hauteur_m":7.2,"source":"LiDAR HD IGN — sommet local du MNH (MNS − MNT)","_modelId":"tree_deciduous","_scale":1.22,"_rotationZ":284},"geometry":{"type":"Point","coordinates":[5.3652444,43.3543924]}},{"type":"Feature","properties":{"type":"Arbre (LiDAR)","hauteur_m":9.3,"source":"LiDAR HD IGN — sommet local du MNH (MNS − MNT)","_modelId":"tree_deciduous","_scale":1.58,"_rotationZ":202},"geometry":{"type":"Point","coordinates":[5.3611467,43.354473]}},{"type":"Feature","properties":{"type":"Arbre (LiDAR)","hauteur_m":6.6,"source":"LiDAR HD IGN — sommet local du MNH (MNS − MNT)","_modelId":"tree_deciduous","_scale":1.12,"_rotationZ":17},"geometry":{"type":"Point","coordinates":[5.362502,43.3544389]}},{"type":"Feature","properties":{"type":"Arbre (LiDAR)","hauteur_m":5.8,"source":"LiDAR HD IGN — sommet local du MNH (MNS − MNT)","_modelId":"tree_deciduous","_scale":0.98,"_rotationZ":196},"geometry":{"type":"Point","coordinates":[5.3627115,43.3544343]}},{"type":"Feature","properties":{"type":"Arbre (LiDAR)","hauteur_m":5.3,"source":"LiDAR HD IGN — sommet local du MNH (MNS − MNT)","_modelId":"tree_deciduous","_scale":0.9,"_rotationZ":215},"geometry":{"type":"Point","coordinates":[5.3647263,43.3543903]}},{"type":"Feature","properties":{"type":"Arbre (LiDAR)","hauteur_m":4.1,"source":"LiDAR HD IGN — sommet local du MNH (MNS − MNT)","_modelId":"tree_deciduous","_scale":0.69,"_rotationZ":28},"geometry":{"type":"Point","coordinates":[5.3616578,43.3544528]}},{"type":"Feature","properties":{"type":"Arbre (LiDAR)","hauteur_m":5,"source":"LiDAR HD IGN — sommet local du MNH (MNS − MNT)","_modelId":"tree_deciduous","_scale":0.85,"_rotationZ":215},"geometry":{"type":"Point","coordinates":[5.3614106,43.3544402]}},{"type":"Feature","properties":{"type":"Arbre (LiDAR)","hauteur_m":4,"source":"LiDAR HD IGN — sommet local du MNH (MNS − MNT)","_modelId":"tree_deciduous","_scale":0.68,"_rotationZ":98},"geometry":{"type":"Point","coordinates":[5.3617063,43.3544337]}},{"type":"Feature","properties":{"type":"Arbre (LiDAR)","hauteur_m":12.2,"source":"LiDAR HD IGN — sommet local du MNH (MNS − MNT)","_modelId":"tree_deciduous","_scale":2.07,"_rotationZ":33},"geometry":{"type":"Point","coordinates":[5.3628277,43.3544093]}},{"type":"Feature","properties":{"type":"Arbre (LiDAR)","hauteur_m":6.6,"source":"LiDAR HD IGN — sommet local du MNH (MNS − MNT)","_modelId":"tree_deciduous","_scale":1.12,"_rotationZ":283},"geometry":{"type":"Point","coordinates":[5.3649841,43.3543621]}},{"type":"Feature","properties":{"type":"Arbre (LiDAR)","hauteur_m":6.5,"source":"LiDAR HD IGN — sommet local du MNH (MNS − MNT)","_modelId":"tree_deciduous","_scale":1.1,"_rotationZ":191},"geometry":{"type":"Point","coordinates":[5.3618721,43.3544166]}},{"type":"Feature","properties":{"type":"Arbre (LiDAR)","hauteur_m":6.7,"source":"LiDAR HD IGN — sommet local du MNH (MNS − MNT)","_modelId":"tree_deciduous","_scale":1.14,"_rotationZ":146},"geometry":{"type":"Point","coordinates":[5.3649898,43.3543485]}},{"type":"Feature","properties":{"type":"Arbre (LiDAR)","hauteur_m":4.3,"source":"LiDAR HD IGN — sommet local du MNH (MNS − MNT)","_modelId":"tree_deciduous","_scale":0.73,"_rotationZ":161},"geometry":{"type":"Point","coordinates":[5.3623587,43.3544015]}},{"type":"Feature","properties":{"type":"Arbre (LiDAR)","hauteur_m":6.4,"source":"LiDAR HD IGN — sommet local du MNH (MNS − MNT)","_modelId":"tree_deciduous","_scale":1.08,"_rotationZ":227},"geometry":{"type":"Point","coordinates":[5.3619026,43.354407]}},{"type":"Feature","properties":{"type":"Arbre (LiDAR)","hauteur_m":5.8,"source":"LiDAR HD IGN — sommet local du MNH (MNS − MNT)","_modelId":"tree_deciduous","_scale":0.98,"_rotationZ":99},"geometry":{"type":"Point","coordinates":[5.3627097,43.3543893]}},{"type":"Feature","properties":{"type":"Arbre (LiDAR)","hauteur_m":8.7,"source":"LiDAR HD IGN — sommet local du MNH (MNS − MNT)","_modelId":"tree_deciduous","_scale":1.47,"_rotationZ":205},"geometry":{"type":"Point","coordinates":[5.3626169,43.3543824]}},{"type":"Feature","properties":{"type":"Arbre (LiDAR)","hauteur_m":4.7,"source":"LiDAR HD IGN — sommet local du MNH (MNS − MNT)","_modelId":"tree_deciduous","_scale":0.8,"_rotationZ":311},"geometry":{"type":"Point","coordinates":[5.3626718,43.3543677]}},{"type":"Feature","properties":{"type":"Arbre (LiDAR)","hauteur_m":9.6,"source":"LiDAR HD IGN — sommet local du MNH (MNS − MNT)","_modelId":"tree_deciduous","_scale":1.63,"_rotationZ":292},"geometry":{"type":"Point","coordinates":[5.3628566,43.3543636]}},{"type":"Feature","properties":{"type":"Arbre (LiDAR)","hauteur_m":6,"source":"LiDAR HD IGN — sommet local du MNH (MNS − MNT)","_modelId":"tree_deciduous","_scale":1.02,"_rotationZ":135},"geometry":{"type":"Point","coordinates":[5.3611003,43.354393]}},{"type":"Feature","properties":{"type":"Arbre (LiDAR)","hauteur_m":7.9,"source":"LiDAR HD IGN — sommet local du MNH (MNS − MNT)","_modelId":"tree_deciduous","_scale":1.34,"_rotationZ":153},"geometry":{"type":"Point","coordinates":[5.3618458,43.3543767]}},{"type":"Feature","properties":{"type":"Arbre (LiDAR)","hauteur_m":8.7,"source":"LiDAR HD IGN — sommet local du MNH (MNS − MNT)","_modelId":"tree_deciduous","_scale":1.47,"_rotationZ":338},"geometry":{"type":"Point","coordinates":[5.3615376,43.3543789]}},{"type":"Feature","properties":{"type":"Arbre (LiDAR)","hauteur_m":7.6,"source":"LiDAR HD IGN — sommet local du MNH (MNS − MNT)","_modelId":"tree_deciduous","_scale":1.29,"_rotationZ":207},"geometry":{"type":"Point","coordinates":[5.3635954,43.354334]}},{"type":"Feature","properties":{"type":"Arbre (LiDAR)","hauteur_m":5.4,"source":"LiDAR HD IGN — sommet local du MNH (MNS − MNT)","_modelId":"tree_deciduous","_scale":0.92,"_rotationZ":50},"geometry":{"type":"Point","coordinates":[5.3611488,43.3543739]}},{"type":"Feature","properties":{"type":"Arbre (LiDAR)","hauteur_m":7.9,"source":"LiDAR HD IGN — sommet local du MNH (MNS − MNT)","_modelId":"tree_deciduous","_scale":1.34,"_rotationZ":171},"geometry":{"type":"Point","coordinates":[5.3625844,43.3543426]}},{"type":"Feature","properties":{"type":"Arbre (LiDAR)","hauteur_m":4,"source":"LiDAR HD IGN — sommet local du MNH (MNS − MNT)","_modelId":"tree_deciduous","_scale":0.68,"_rotationZ":135},"geometry":{"type":"Point","coordinates":[5.3636811,43.3543186]}},{"type":"Feature","properties":{"type":"Arbre (LiDAR)","hauteur_m":9,"source":"LiDAR HD IGN — sommet local du MNH (MNS − MNT)","_modelId":"tree_deciduous","_scale":1.53,"_rotationZ":137},"geometry":{"type":"Point","coordinates":[5.3648087,43.354294]}},{"type":"Feature","properties":{"type":"Arbre (LiDAR)","hauteur_m":4.2,"source":"LiDAR HD IGN — sommet local du MNH (MNS − MNT)","_modelId":"tree_deciduous","_scale":0.71,"_rotationZ":30},"geometry":{"type":"Point","coordinates":[5.36166,43.3543583]}},{"type":"Feature","properties":{"type":"Arbre (LiDAR)","hauteur_m":8,"source":"LiDAR HD IGN — sommet local du MNH (MNS − MNT)","_modelId":"tree_deciduous","_scale":1.36,"_rotationZ":356},"geometry":{"type":"Point","coordinates":[5.3626272,43.3543326]}},{"type":"Feature","properties":{"type":"Arbre (LiDAR)","hauteur_m":5.4,"source":"LiDAR HD IGN — sommet local du MNH (MNS − MNT)","_modelId":"tree_deciduous","_scale":0.92,"_rotationZ":93},"geometry":{"type":"Point","coordinates":[5.3611236,43.354361]}},{"type":"Feature","properties":{"type":"Arbre (LiDAR)","hauteur_m":9.3,"source":"LiDAR HD IGN — sommet local du MNH (MNS − MNT)","_modelId":"tree_deciduous","_scale":1.58,"_rotationZ":232},"geometry":{"type":"Point","coordinates":[5.3615241,43.3543522]}},{"type":"Feature","properties":{"type":"Arbre (LiDAR)","hauteur_m":4.9,"source":"LiDAR HD IGN — sommet local du MNH (MNS − MNT)","_modelId":"tree_deciduous","_scale":0.83,"_rotationZ":335},"geometry":{"type":"Point","coordinates":[5.3638716,43.3543009]}},{"type":"Feature","properties":{"type":"Arbre (LiDAR)","hauteur_m":4.5,"source":"LiDAR HD IGN — sommet local du MNH (MNS − MNT)","_modelId":"tree_deciduous","_scale":0.76,"_rotationZ":94},"geometry":{"type":"Point","coordinates":[5.3622325,43.3543323]}},{"type":"Feature","properties":{"type":"Arbre (LiDAR)","hauteur_m":4.6,"source":"LiDAR HD IGN — sommet local du MNH (MNS − MNT)","_modelId":"tree_deciduous","_scale":0.78,"_rotationZ":196},"geometry":{"type":"Point","coordinates":[5.3624974,43.3543265]}},{"type":"Feature","properties":{"type":"Arbre (LiDAR)","hauteur_m":8.4,"source":"LiDAR HD IGN — sommet local du MNH (MNS − MNT)","_modelId":"tree_deciduous","_scale":1.42,"_rotationZ":310},"geometry":{"type":"Point","coordinates":[5.3628425,43.3543189]}},{"type":"Feature","properties":{"type":"Arbre (LiDAR)","hauteur_m":9,"source":"LiDAR HD IGN — sommet local du MNH (MNS − MNT)","_modelId":"tree_deciduous","_scale":1.53,"_rotationZ":48},"geometry":{"type":"Point","coordinates":[5.3637973,43.3542936]}},{"type":"Feature","properties":{"type":"Arbre (LiDAR)","hauteur_m":6,"source":"LiDAR HD IGN — sommet local du MNH (MNS − MNT)","_modelId":"tree_deciduous","_scale":1.02,"_rotationZ":211},"geometry":{"type":"Point","coordinates":[5.3651343,43.3542643]}},{"type":"Feature","properties":{"type":"Arbre (LiDAR)","hauteur_m":8.2,"source":"LiDAR HD IGN — sommet local du MNH (MNS − MNT)","_modelId":"tree_deciduous","_scale":1.39,"_rotationZ":79},"geometry":{"type":"Point","coordinates":[5.3614003,43.3543414]}},{"type":"Feature","properties":{"type":"Arbre (LiDAR)","hauteur_m":7.4,"source":"LiDAR HD IGN — sommet local du MNH (MNS − MNT)","_modelId":"tree_deciduous","_scale":1.25,"_rotationZ":153},"geometry":{"type":"Point","coordinates":[5.3614743,43.3543398]}},{"type":"Feature","properties":{"type":"Arbre (LiDAR)","hauteur_m":4.4,"source":"LiDAR HD IGN — sommet local du MNH (MNS − MNT)","_modelId":"tree_deciduous","_scale":0.75,"_rotationZ":13},"geometry":{"type":"Point","coordinates":[5.3621274,43.3543255]}},{"type":"Feature","properties":{"type":"Arbre (LiDAR)","hauteur_m":4.2,"source":"LiDAR HD IGN — sommet local du MNH (MNS − MNT)","_modelId":"tree_deciduous","_scale":0.71,"_rotationZ":53},"geometry":{"type":"Point","coordinates":[5.3621767,43.3543245]}},{"type":"Feature","properties":{"type":"Arbre (LiDAR)","hauteur_m":7.8,"source":"LiDAR HD IGN — sommet local du MNH (MNS − MNT)","_modelId":"tree_deciduous","_scale":1.32,"_rotationZ":259},"geometry":{"type":"Point","coordinates":[5.3617822,43.3543286]}},{"type":"Feature","properties":{"type":"Arbre (LiDAR)","hauteur_m":5.3,"source":"LiDAR HD IGN — sommet local du MNH (MNS − MNT)","_modelId":"tree_deciduous","_scale":0.9,"_rotationZ":52},"geometry":{"type":"Point","coordinates":[5.3649855,43.3542451]}},{"type":"Feature","properties":{"type":"Arbre (LiDAR)","hauteur_m":8.1,"source":"LiDAR HD IGN — sommet local du MNH (MNS − MNT)","_modelId":"tree_deciduous","_scale":1.37,"_rotationZ":103},"geometry":{"type":"Point","coordinates":[5.3617753,43.3543107]}},{"type":"Feature","properties":{"type":"Arbre (LiDAR)","hauteur_m":9.5,"source":"LiDAR HD IGN — sommet local du MNH (MNS − MNT)","_modelId":"tree_deciduous","_scale":1.61,"_rotationZ":345},"geometry":{"type":"Point","coordinates":[5.3627981,43.3542884]}},{"type":"Feature","properties":{"type":"Arbre (LiDAR)","hauteur_m":7.2,"source":"LiDAR HD IGN — sommet local du MNH (MNS − MNT)","_modelId":"tree_deciduous","_scale":1.22,"_rotationZ":86},"geometry":{"type":"Point","coordinates":[5.3631801,43.3542801]}},{"type":"Feature","properties":{"type":"Arbre (LiDAR)","hauteur_m":9.4,"source":"LiDAR HD IGN — sommet local du MNH (MNS − MNT)","_modelId":"tree_deciduous","_scale":1.59,"_rotationZ":87},"geometry":{"type":"Point","coordinates":[5.3633587,43.3542762]}},{"type":"Feature","properties":{"type":"Arbre (LiDAR)","hauteur_m":6.6,"source":"LiDAR HD IGN — sommet local du MNH (MNS − MNT)","_modelId":"tree_deciduous","_scale":1.12,"_rotationZ":110},"geometry":{"type":"Point","coordinates":[5.3626931,43.3542862]}},{"type":"Feature","properties":{"type":"Arbre (LiDAR)","hauteur_m":7.3,"source":"LiDAR HD IGN — sommet local du MNH (MNS − MNT)","_modelId":"tree_deciduous","_scale":1.24,"_rotationZ":64},"geometry":{"type":"Point","coordinates":[5.3628468,43.3542738]}},{"type":"Feature","properties":{"type":"Arbre (LiDAR)","hauteur_m":4.4,"source":"LiDAR HD IGN — sommet local du MNH (MNS − MNT)","_modelId":"tree_deciduous","_scale":0.75,"_rotationZ":305},"geometry":{"type":"Point","coordinates":[5.361602,43.3542965]}},{"type":"Feature","properties":{"type":"Arbre (LiDAR)","hauteur_m":7.9,"source":"LiDAR HD IGN — sommet local du MNH (MNS − MNT)","_modelId":"tree_deciduous","_scale":1.34,"_rotationZ":122},"geometry":{"type":"Point","coordinates":[5.3638386,43.3542477]}},{"type":"Feature","properties":{"type":"Arbre (LiDAR)","hauteur_m":7.5,"source":"LiDAR HD IGN — sommet local du MNH (MNS − MNT)","_modelId":"tree_deciduous","_scale":1.27,"_rotationZ":241},"geometry":{"type":"Point","coordinates":[5.3615275,43.3542846]}},{"type":"Feature","properties":{"type":"Arbre (LiDAR)","hauteur_m":7.3,"source":"LiDAR HD IGN — sommet local du MNH (MNS − MNT)","_modelId":"tree_deciduous","_scale":1.24,"_rotationZ":19},"geometry":{"type":"Point","coordinates":[5.3628644,43.354251]}},{"type":"Feature","properties":{"type":"Arbre (LiDAR)","hauteur_m":4,"source":"LiDAR HD IGN — sommet local du MNH (MNS − MNT)","_modelId":"tree_deciduous","_scale":0.68,"_rotationZ":98},"geometry":{"type":"Point","coordinates":[5.3637389,43.3542228]}},{"type":"Feature","properties":{"type":"Arbre (LiDAR)","hauteur_m":7.3,"source":"LiDAR HD IGN — sommet local du MNH (MNS − MNT)","_modelId":"tree_deciduous","_scale":1.24,"_rotationZ":322},"geometry":{"type":"Point","coordinates":[5.3628761,43.3542372]}},{"type":"Feature","properties":{"type":"Arbre (LiDAR)","hauteur_m":7,"source":"LiDAR HD IGN — sommet local du MNH (MNS − MNT)","_modelId":"tree_deciduous","_scale":1.19,"_rotationZ":298},"geometry":{"type":"Point","coordinates":[5.3638739,43.3542064]}},{"type":"Feature","properties":{"type":"Arbre (LiDAR)","hauteur_m":7.3,"source":"LiDAR HD IGN — sommet local du MNH (MNS − MNT)","_modelId":"tree_deciduous","_scale":1.24,"_rotationZ":82},"geometry":{"type":"Point","coordinates":[5.3628937,43.3542143]}},{"type":"Feature","properties":{"type":"Arbre (LiDAR)","hauteur_m":7.3,"source":"LiDAR HD IGN — sommet local du MNH (MNS − MNT)","_modelId":"tree_deciduous","_scale":1.24,"_rotationZ":116},"geometry":{"type":"Point","coordinates":[5.3629114,43.3541959]}},{"type":"Feature","properties":{"type":"Arbre (LiDAR)","hauteur_m":7.1,"source":"LiDAR HD IGN — sommet local du MNH (MNS − MNT)","_modelId":"tree_deciduous","_scale":1.2,"_rotationZ":87},"geometry":{"type":"Point","coordinates":[5.3637925,43.3541767]}},{"type":"Feature","properties":{"type":"Arbre (LiDAR)","hauteur_m":6.6,"source":"LiDAR HD IGN — sommet local du MNH (MNS − MNT)","_modelId":"tree_deciduous","_scale":1.12,"_rotationZ":195},"geometry":{"type":"Point","coordinates":[5.3649198,43.3541475]}},{"type":"Feature","properties":{"type":"Arbre (LiDAR)","hauteur_m":9.3,"source":"LiDAR HD IGN — sommet local du MNH (MNS − MNT)","_modelId":"tree_deciduous","_scale":1.58,"_rotationZ":218},"geometry":{"type":"Point","coordinates":[5.3614874,43.354209]}},{"type":"Feature","properties":{"type":"Arbre (LiDAR)","hauteur_m":6.5,"source":"LiDAR HD IGN — sommet local du MNH (MNS − MNT)","_modelId":"tree_deciduous","_scale":1.1,"_rotationZ":245},"geometry":{"type":"Point","coordinates":[5.3650177,43.3541274]}},{"type":"Feature","properties":{"type":"Arbre (LiDAR)","hauteur_m":7.3,"source":"LiDAR HD IGN — sommet local du MNH (MNS − MNT)","_modelId":"tree_deciduous","_scale":1.24,"_rotationZ":90},"geometry":{"type":"Point","coordinates":[5.363212,43.3541579]}},{"type":"Feature","properties":{"type":"Arbre (LiDAR)","hauteur_m":4,"source":"LiDAR HD IGN — sommet local du MNH (MNS − MNT)","_modelId":"tree_deciduous","_scale":0.68,"_rotationZ":131},"geometry":{"type":"Point","coordinates":[5.3639574,43.3541371]}},{"type":"Feature","properties":{"type":"Arbre (LiDAR)","hauteur_m":11.5,"source":"LiDAR HD IGN — sommet local du MNH (MNS − MNT)","_modelId":"tree_deciduous","_scale":1.95,"_rotationZ":221},"geometry":{"type":"Point","coordinates":[5.3629591,43.3541544]}},{"type":"Feature","properties":{"type":"Arbre (LiDAR)","hauteur_m":8.2,"source":"LiDAR HD IGN — sommet local du MNH (MNS − MNT)","_modelId":"tree_deciduous","_scale":1.39,"_rotationZ":224},"geometry":{"type":"Point","coordinates":[5.3647397,43.3541155]}},{"type":"Feature","properties":{"type":"Arbre (LiDAR)","hauteur_m":13.1,"source":"LiDAR HD IGN — sommet local du MNH (MNS − MNT)","_modelId":"tree_deciduous","_scale":2.22,"_rotationZ":201},"geometry":{"type":"Point","coordinates":[5.3636053,43.3541223]}},{"type":"Feature","properties":{"type":"Arbre (LiDAR)","hauteur_m":4.8,"source":"LiDAR HD IGN — sommet local du MNH (MNS − MNT)","_modelId":"tree_deciduous","_scale":0.81,"_rotationZ":306},"geometry":{"type":"Point","coordinates":[5.3612884,43.3541684]}},{"type":"Feature","properties":{"type":"Arbre (LiDAR)","hauteur_m":5.9,"source":"LiDAR HD IGN — sommet local du MNH (MNS − MNT)","_modelId":"tree_deciduous","_scale":1,"_rotationZ":244},"geometry":{"type":"Point","coordinates":[5.3651208,43.3540846]}},{"type":"Feature","properties":{"type":"Arbre (LiDAR)","hauteur_m":11.4,"source":"LiDAR HD IGN — sommet local du MNH (MNS − MNT)","_modelId":"tree_deciduous","_scale":1.93,"_rotationZ":264},"geometry":{"type":"Point","coordinates":[5.3629641,43.3541273]}},{"type":"Feature","properties":{"type":"Arbre (LiDAR)","hauteur_m":9.6,"source":"LiDAR HD IGN — sommet local du MNH (MNS − MNT)","_modelId":"tree_deciduous","_scale":1.63,"_rotationZ":113},"geometry":{"type":"Point","coordinates":[5.363118,43.3541194]}},{"type":"Feature","properties":{"type":"Arbre (LiDAR)","hauteur_m":8.5,"source":"LiDAR HD IGN — sommet local du MNH (MNS − MNT)","_modelId":"tree_deciduous","_scale":1.44,"_rotationZ":321},"geometry":{"type":"Point","coordinates":[5.3632039,43.3541085]}},{"type":"Feature","properties":{"type":"Arbre (LiDAR)","hauteur_m":6.1,"source":"LiDAR HD IGN — sommet local du MNH (MNS − MNT)","_modelId":"tree_deciduous","_scale":1.03,"_rotationZ":176},"geometry":{"type":"Point","coordinates":[5.3647935,43.3540738]}},{"type":"Feature","properties":{"type":"Arbre (LiDAR)","hauteur_m":5.6,"source":"LiDAR HD IGN — sommet local du MNH (MNS − MNT)","_modelId":"tree_deciduous","_scale":0.95,"_rotationZ":317},"geometry":{"type":"Point","coordinates":[5.3648176,43.3540598]}},{"type":"Feature","properties":{"type":"Arbre (LiDAR)","hauteur_m":11,"source":"LiDAR HD IGN — sommet local du MNH (MNS − MNT)","_modelId":"tree_deciduous","_scale":1.86,"_rotationZ":281},"geometry":{"type":"Point","coordinates":[5.362519,43.354101]}},{"type":"Feature","properties":{"type":"Arbre (LiDAR)","hauteur_m":8,"source":"LiDAR HD IGN — sommet local du MNH (MNS − MNT)","_modelId":"tree_deciduous","_scale":1.36,"_rotationZ":104},"geometry":{"type":"Point","coordinates":[5.3616871,43.3541147]}},{"type":"Feature","properties":{"type":"Arbre (LiDAR)","hauteur_m":7,"source":"LiDAR HD IGN — sommet local du MNH (MNS − MNT)","_modelId":"tree_deciduous","_scale":1.19,"_rotationZ":3},"geometry":{"type":"Point","coordinates":[5.3616437,43.3541111]}},{"type":"Feature","properties":{"type":"Arbre (LiDAR)","hauteur_m":6.1,"source":"LiDAR HD IGN — sommet local du MNH (MNS − MNT)","_modelId":"tree_deciduous","_scale":1.03,"_rotationZ":308},"geometry":{"type":"Point","coordinates":[5.3612737,43.3541102]}},{"type":"Feature","properties":{"type":"Arbre (LiDAR)","hauteur_m":5.1,"source":"LiDAR HD IGN — sommet local du MNH (MNS − MNT)","_modelId":"tree_deciduous","_scale":0.86,"_rotationZ":128},"geometry":{"type":"Point","coordinates":[5.3631406,43.3540694]}},{"type":"Feature","properties":{"type":"Arbre (LiDAR)","hauteur_m":12.4,"source":"LiDAR HD IGN — sommet local du MNH (MNS − MNT)","_modelId":"tree_deciduous","_scale":2.1,"_rotationZ":271},"geometry":{"type":"Point","coordinates":[5.3650132,43.3540195]}},{"type":"Feature","properties":{"type":"Arbre (LiDAR)","hauteur_m":19.1,"source":"LiDAR HD IGN — sommet local du MNH (MNS − MNT)","_modelId":"tree_deciduous","_scale":3.24,"_rotationZ":120},"geometry":{"type":"Point","coordinates":[5.3633187,43.354052]}},{"type":"Feature","properties":{"type":"Arbre (LiDAR)","hauteur_m":8.7,"source":"LiDAR HD IGN — sommet local du MNH (MNS − MNT)","_modelId":"tree_deciduous","_scale":1.47,"_rotationZ":357},"geometry":{"type":"Point","coordinates":[5.3635282,43.3540474]}},{"type":"Feature","properties":{"type":"Arbre (LiDAR)","hauteur_m":16.7,"source":"LiDAR HD IGN — sommet local du MNH (MNS − MNT)","_modelId":"tree_deciduous","_scale":2.83,"_rotationZ":50},"geometry":{"type":"Point","coordinates":[5.3626161,43.3540629]}},{"type":"Feature","properties":{"type":"Arbre (LiDAR)","hauteur_m":5.8,"source":"LiDAR HD IGN — sommet local du MNH (MNS − MNT)","_modelId":"tree_deciduous","_scale":0.98,"_rotationZ":350},"geometry":{"type":"Point","coordinates":[5.3636451,43.3540404]}},{"type":"Feature","properties":{"type":"Arbre (LiDAR)","hauteur_m":6.3,"source":"LiDAR HD IGN — sommet local du MNH (MNS − MNT)","_modelId":"tree_deciduous","_scale":1.07,"_rotationZ":341},"geometry":{"type":"Point","coordinates":[5.3653331,43.353999]}},{"type":"Feature","properties":{"type":"Arbre (LiDAR)","hauteur_m":7.6,"source":"LiDAR HD IGN — sommet local du MNH (MNS − MNT)","_modelId":"tree_deciduous","_scale":1.29,"_rotationZ":268},"geometry":{"type":"Point","coordinates":[5.3616669,43.3540746]}},{"type":"Feature","properties":{"type":"Arbre (LiDAR)","hauteur_m":6.1,"source":"LiDAR HD IGN — sommet local du MNH (MNS − MNT)","_modelId":"tree_deciduous","_scale":1.03,"_rotationZ":294},"geometry":{"type":"Point","coordinates":[5.3648153,43.3540058]}},{"type":"Feature","properties":{"type":"Arbre (LiDAR)","hauteur_m":8.9,"source":"LiDAR HD IGN — sommet local du MNH (MNS − MNT)","_modelId":"tree_deciduous","_scale":1.51,"_rotationZ":298},"geometry":{"type":"Point","coordinates":[5.3635149,43.3540252]}},{"type":"Feature","properties":{"type":"Arbre (LiDAR)","hauteur_m":6.7,"source":"LiDAR HD IGN — sommet local du MNH (MNS − MNT)","_modelId":"tree_deciduous","_scale":1.14,"_rotationZ":137},"geometry":{"type":"Point","coordinates":[5.365123,43.3539901]}},{"type":"Feature","properties":{"type":"Arbre (LiDAR)","hauteur_m":6.5,"source":"LiDAR HD IGN — sommet local du MNH (MNS − MNT)","_modelId":"tree_deciduous","_scale":1.1,"_rotationZ":88},"geometry":{"type":"Point","coordinates":[5.3653448,43.3539852]}},{"type":"Feature","properties":{"type":"Arbre (LiDAR)","hauteur_m":4.9,"source":"LiDAR HD IGN — sommet local du MNH (MNS − MNT)","_modelId":"tree_deciduous","_scale":0.83,"_rotationZ":282},"geometry":{"type":"Point","coordinates":[5.3611735,43.3540719]}},{"type":"Feature","properties":{"type":"Arbre (LiDAR)","hauteur_m":4.6,"source":"LiDAR HD IGN — sommet local du MNH (MNS − MNT)","_modelId":"tree_deciduous","_scale":0.78,"_rotationZ":92},"geometry":{"type":"Point","coordinates":[5.3618818,43.3540519]}},{"type":"Feature","properties":{"type":"Arbre (LiDAR)","hauteur_m":4.9,"source":"LiDAR HD IGN — sommet local du MNH (MNS − MNT)","_modelId":"tree_deciduous","_scale":0.83,"_rotationZ":131},"geometry":{"type":"Point","coordinates":[5.3619186,43.3540466]}},{"type":"Feature","properties":{"type":"Arbre (LiDAR)","hauteur_m":9.7,"source":"LiDAR HD IGN — sommet local du MNH (MNS − MNT)","_modelId":"tree_deciduous","_scale":1.64,"_rotationZ":28},"geometry":{"type":"Point","coordinates":[5.3620417,43.3540394]}},{"type":"Feature","properties":{"type":"Arbre (LiDAR)","hauteur_m":9.9,"source":"LiDAR HD IGN — sommet local du MNH (MNS − MNT)","_modelId":"tree_deciduous","_scale":1.68,"_rotationZ":172},"geometry":{"type":"Point","coordinates":[5.3620904,43.3540249]}},{"type":"Feature","properties":{"type":"Arbre (LiDAR)","hauteur_m":9.7,"source":"LiDAR HD IGN — sommet local du MNH (MNS − MNT)","_modelId":"tree_deciduous","_scale":1.64,"_rotationZ":356},"geometry":{"type":"Point","coordinates":[5.365405,43.3539479]}},{"type":"Feature","properties":{"type":"Arbre (LiDAR)","hauteur_m":4.2,"source":"LiDAR HD IGN — sommet local du MNH (MNS − MNT)","_modelId":"tree_deciduous","_scale":0.71,"_rotationZ":55},"geometry":{"type":"Point","coordinates":[5.3651707,43.3539485]}},{"type":"Feature","properties":{"type":"Arbre (LiDAR)","hauteur_m":8.3,"source":"LiDAR HD IGN — sommet local du MNH (MNS − MNT)","_modelId":"tree_deciduous","_scale":1.41,"_rotationZ":160},"geometry":{"type":"Point","coordinates":[5.3615846,43.3540224]}},{"type":"Feature","properties":{"type":"Arbre (LiDAR)","hauteur_m":5.4,"source":"LiDAR HD IGN — sommet local du MNH (MNS − MNT)","_modelId":"tree_deciduous","_scale":0.92,"_rotationZ":37},"geometry":{"type":"Point","coordinates":[5.3631126,43.353989]}},{"type":"Feature","properties":{"type":"Arbre (LiDAR)","hauteur_m":11.1,"source":"LiDAR HD IGN — sommet local du MNH (MNS − MNT)","_modelId":"tree_deciduous","_scale":1.88,"_rotationZ":253},"geometry":{"type":"Point","coordinates":[5.3640368,43.3539688]}},{"type":"Feature","properties":{"type":"Arbre (LiDAR)","hauteur_m":11.4,"source":"LiDAR HD IGN — sommet local du MNH (MNS − MNT)","_modelId":"tree_deciduous","_scale":1.93,"_rotationZ":305},"geometry":{"type":"Point","coordinates":[5.363556,43.3539748]}},{"type":"Feature","properties":{"type":"Arbre (LiDAR)","hauteur_m":10.8,"source":"LiDAR HD IGN — sommet local du MNH (MNS − MNT)","_modelId":"tree_deciduous","_scale":1.83,"_rotationZ":241},"geometry":{"type":"Point","coordinates":[5.3641414,43.353962]}},{"type":"Feature","properties":{"type":"Arbre (LiDAR)","hauteur_m":5.1,"source":"LiDAR HD IGN — sommet local du MNH (MNS − MNT)","_modelId":"tree_deciduous","_scale":0.86,"_rotationZ":20},"geometry":{"type":"Point","coordinates":[5.3612762,43.3540201]}},{"type":"Feature","properties":{"type":"Arbre (LiDAR)","hauteur_m":4.6,"source":"LiDAR HD IGN — sommet local du MNH (MNS − MNT)","_modelId":"tree_deciduous","_scale":0.78,"_rotationZ":329},"geometry":{"type":"Point","coordinates":[5.3619046,43.3540064]}},{"type":"Feature","properties":{"type":"Arbre (LiDAR)","hauteur_m":10.1,"source":"LiDAR HD IGN — sommet local du MNH (MNS − MNT)","_modelId":"tree_deciduous","_scale":1.71,"_rotationZ":102},"geometry":{"type":"Point","coordinates":[5.3620525,43.3540032]}},{"type":"Feature","properties":{"type":"Arbre (LiDAR)","hauteur_m":7.2,"source":"LiDAR HD IGN — sommet local du MNH (MNS − MNT)","_modelId":"tree_deciduous","_scale":1.22,"_rotationZ":302},"geometry":{"type":"Point","coordinates":[5.365102,43.3539276]}},{"type":"Feature","properties":{"type":"Arbre (LiDAR)","hauteur_m":5.4,"source":"LiDAR HD IGN — sommet local du MNH (MNS − MNT)","_modelId":"tree_deciduous","_scale":0.92,"_rotationZ":310},"geometry":{"type":"Point","coordinates":[5.3614297,43.3540033]}},{"type":"Feature","properties":{"type":"Arbre (LiDAR)","hauteur_m":8.5,"source":"LiDAR HD IGN — sommet local du MNH (MNS − MNT)","_modelId":"tree_deciduous","_scale":1.44,"_rotationZ":60},"geometry":{"type":"Point","coordinates":[5.3622984,43.3539843]}},{"type":"Feature","properties":{"type":"Arbre (LiDAR)","hauteur_m":9.3,"source":"LiDAR HD IGN — sommet local du MNH (MNS − MNT)","_modelId":"tree_deciduous","_scale":1.58,"_rotationZ":65},"geometry":{"type":"Point","coordinates":[5.3653294,43.3539091]}},{"type":"Feature","properties":{"type":"Arbre (LiDAR)","hauteur_m":8.5,"source":"LiDAR HD IGN — sommet local du MNH (MNS − MNT)","_modelId":"tree_deciduous","_scale":1.44,"_rotationZ":44},"geometry":{"type":"Point","coordinates":[5.361583,43.3539819]}},{"type":"Feature","properties":{"type":"Arbre (LiDAR)","hauteur_m":5.7,"source":"LiDAR HD IGN — sommet local du MNH (MNS − MNT)","_modelId":"tree_deciduous","_scale":0.97,"_rotationZ":256},"geometry":{"type":"Point","coordinates":[5.3631048,43.3539487]}},{"type":"Feature","properties":{"type":"Arbre (LiDAR)","hauteur_m":4.7,"source":"LiDAR HD IGN — sommet local du MNH (MNS − MNT)","_modelId":"tree_deciduous","_scale":0.8,"_rotationZ":287},"geometry":{"type":"Point","coordinates":[5.36491,43.3539092]}},{"type":"Feature","properties":{"type":"Arbre (LiDAR)","hauteur_m":6.9,"source":"LiDAR HD IGN — sommet local du MNH (MNS − MNT)","_modelId":"tree_deciduous","_scale":1.17,"_rotationZ":322},"geometry":{"type":"Point","coordinates":[5.3650826,43.3539055]}},{"type":"Feature","properties":{"type":"Arbre (LiDAR)","hauteur_m":18.1,"source":"LiDAR HD IGN — sommet local du MNH (MNS − MNT)","_modelId":"tree_deciduous","_scale":3.07,"_rotationZ":94},"geometry":{"type":"Point","coordinates":[5.3633203,43.3539395]}},{"type":"Feature","properties":{"type":"Arbre (LiDAR)","hauteur_m":11.6,"source":"LiDAR HD IGN — sommet local du MNH (MNS − MNT)","_modelId":"tree_deciduous","_scale":1.97,"_rotationZ":163},"geometry":{"type":"Point","coordinates":[5.3617303,43.3539652]}},{"type":"Feature","properties":{"type":"Arbre (LiDAR)","hauteur_m":5.3,"source":"LiDAR HD IGN — sommet local du MNH (MNS − MNT)","_modelId":"tree_deciduous","_scale":0.9,"_rotationZ":146},"geometry":{"type":"Point","coordinates":[5.3620195,43.3539499]}},{"type":"Feature","properties":{"type":"Arbre (LiDAR)","hauteur_m":4.5,"source":"LiDAR HD IGN — sommet local du MNH (MNS − MNT)","_modelId":"tree_deciduous","_scale":0.76,"_rotationZ":41},"geometry":{"type":"Point","coordinates":[5.3612984,43.3539611]}},{"type":"Feature","properties":{"type":"Arbre (LiDAR)","hauteur_m":4.5,"source":"LiDAR HD IGN — sommet local du MNH (MNS − MNT)","_modelId":"tree_deciduous","_scale":0.76,"_rotationZ":236},"geometry":{"type":"Point","coordinates":[5.3614028,43.3539499]}},{"type":"Feature","properties":{"type":"Arbre (LiDAR)","hauteur_m":11.4,"source":"LiDAR HD IGN — sommet local du MNH (MNS − MNT)","_modelId":"tree_deciduous","_scale":1.93,"_rotationZ":189},"geometry":{"type":"Point","coordinates":[5.3615753,43.3539461]}},{"type":"Feature","properties":{"type":"Arbre (LiDAR)","hauteur_m":6,"source":"LiDAR HD IGN — sommet local du MNH (MNS − MNT)","_modelId":"tree_deciduous","_scale":1.02,"_rotationZ":281},"geometry":{"type":"Point","coordinates":[5.3619696,43.3539375]}},{"type":"Feature","properties":{"type":"Arbre (LiDAR)","hauteur_m":15.4,"source":"LiDAR HD IGN — sommet local du MNH (MNS − MNT)","_modelId":"tree_deciduous","_scale":2.61,"_rotationZ":112},"geometry":{"type":"Point","coordinates":[5.3634545,43.3539051]}},{"type":"Feature","properties":{"type":"Arbre (LiDAR)","hauteur_m":11.1,"source":"LiDAR HD IGN — sommet local du MNH (MNS − MNT)","_modelId":"tree_deciduous","_scale":1.88,"_rotationZ":336},"geometry":{"type":"Point","coordinates":[5.3641631,43.3538896]}},{"type":"Feature","properties":{"type":"Arbre (LiDAR)","hauteur_m":5.8,"source":"LiDAR HD IGN — sommet local du MNH (MNS − MNT)","_modelId":"tree_deciduous","_scale":0.98,"_rotationZ":360},"geometry":{"type":"Point","coordinates":[5.3631214,43.3539033]}},{"type":"Feature","properties":{"type":"Arbre (LiDAR)","hauteur_m":8.7,"source":"LiDAR HD IGN — sommet local du MNH (MNS − MNT)","_modelId":"tree_deciduous","_scale":1.47,"_rotationZ":289},"geometry":{"type":"Point","coordinates":[5.3641009,43.3538774]}},{"type":"Feature","properties":{"type":"Arbre (LiDAR)","hauteur_m":4.8,"source":"LiDAR HD IGN — sommet local du MNH (MNS − MNT)","_modelId":"tree_deciduous","_scale":0.81,"_rotationZ":104},"geometry":{"type":"Point","coordinates":[5.3612973,43.3539342]}},{"type":"Feature","properties":{"type":"Arbre (LiDAR)","hauteur_m":4.8,"source":"LiDAR HD IGN — sommet local du MNH (MNS − MNT)","_modelId":"tree_deciduous","_scale":0.81,"_rotationZ":123},"geometry":{"type":"Point","coordinates":[5.3614019,43.3539274]}},{"type":"Feature","properties":{"type":"Arbre (LiDAR)","hauteur_m":8.5,"source":"LiDAR HD IGN — sommet local du MNH (MNS − MNT)","_modelId":"tree_deciduous","_scale":1.44,"_rotationZ":274},"geometry":{"type":"Point","coordinates":[5.3615246,43.3539112]}},{"type":"Feature","properties":{"type":"Arbre (LiDAR)","hauteur_m":8.5,"source":"LiDAR HD IGN — sommet local du MNH (MNS − MNT)","_modelId":"tree_deciduous","_scale":1.44,"_rotationZ":82},"geometry":{"type":"Point","coordinates":[5.3641181,43.3538456]}},{"type":"Feature","properties":{"type":"Arbre (LiDAR)","hauteur_m":4.8,"source":"LiDAR HD IGN — sommet local du MNH (MNS − MNT)","_modelId":"tree_deciduous","_scale":0.81,"_rotationZ":218},"geometry":{"type":"Point","coordinates":[5.3612652,43.3539034]}},{"type":"Feature","properties":{"type":"Arbre (LiDAR)","hauteur_m":9.8,"source":"LiDAR HD IGN — sommet local du MNH (MNS − MNT)","_modelId":"tree_deciduous","_scale":1.66,"_rotationZ":246},"geometry":{"type":"Point","coordinates":[5.365313,43.3538104]}},{"type":"Feature","properties":{"type":"Arbre (LiDAR)","hauteur_m":5.8,"source":"LiDAR HD IGN — sommet local du MNH (MNS − MNT)","_modelId":"tree_deciduous","_scale":0.98,"_rotationZ":36},"geometry":{"type":"Point","coordinates":[5.3623616,43.3538704]}},{"type":"Feature","properties":{"type":"Arbre (LiDAR)","hauteur_m":10.6,"source":"LiDAR HD IGN — sommet local du MNH (MNS − MNT)","_modelId":"tree_deciduous","_scale":1.8,"_rotationZ":55},"geometry":{"type":"Point","coordinates":[5.3652633,43.3538025]}},{"type":"Feature","properties":{"type":"Arbre (LiDAR)","hauteur_m":12.4,"source":"LiDAR HD IGN — sommet local du MNH (MNS − MNT)","_modelId":"tree_deciduous","_scale":2.1,"_rotationZ":121},"geometry":{"type":"Point","coordinates":[5.3649859,43.3538041]}},{"type":"Feature","properties":{"type":"Arbre (LiDAR)","hauteur_m":12.9,"source":"LiDAR HD IGN — sommet local du MNH (MNS − MNT)","_modelId":"tree_deciduous","_scale":2.19,"_rotationZ":254},"geometry":{"type":"Point","coordinates":[5.36347,43.3538327]}},{"type":"Feature","properties":{"type":"Arbre (LiDAR)","hauteur_m":13.8,"source":"LiDAR HD IGN — sommet local du MNH (MNS − MNT)","_modelId":"tree_deciduous","_scale":2.34,"_rotationZ":316},"geometry":{"type":"Point","coordinates":[5.3650531,43.3537891]}},{"type":"Feature","properties":{"type":"Arbre (LiDAR)","hauteur_m":10,"source":"LiDAR HD IGN — sommet local du MNH (MNS − MNT)","_modelId":"tree_deciduous","_scale":1.69,"_rotationZ":14},"geometry":{"type":"Point","coordinates":[5.3652994,43.3537792]}},{"type":"Feature","properties":{"type":"Arbre (LiDAR)","hauteur_m":5.1,"source":"LiDAR HD IGN — sommet local du MNH (MNS − MNT)","_modelId":"tree_deciduous","_scale":0.86,"_rotationZ":326},"geometry":{"type":"Point","coordinates":[5.3630811,43.3538232]}},{"type":"Feature","properties":{"type":"Arbre (LiDAR)","hauteur_m":7.3,"source":"LiDAR HD IGN — sommet local du MNH (MNS − MNT)","_modelId":"tree_deciduous","_scale":1.24,"_rotationZ":339},"geometry":{"type":"Point","coordinates":[5.3641592,43.3537952]}},{"type":"Feature","properties":{"type":"Arbre (LiDAR)","hauteur_m":4.6,"source":"LiDAR HD IGN — sommet local du MNH (MNS − MNT)","_modelId":"tree_deciduous","_scale":0.78,"_rotationZ":18},"geometry":{"type":"Point","coordinates":[5.3611581,43.3538472]}},{"type":"Feature","properties":{"type":"Arbre (LiDAR)","hauteur_m":14.2,"source":"LiDAR HD IGN — sommet local du MNH (MNS − MNT)","_modelId":"tree_deciduous","_scale":2.41,"_rotationZ":257},"geometry":{"type":"Point","coordinates":[5.3634376,43.3537929]}},{"type":"Feature","properties":{"type":"Arbre (LiDAR)","hauteur_m":12.2,"source":"LiDAR HD IGN — sommet local du MNH (MNS − MNT)","_modelId":"tree_deciduous","_scale":2.07,"_rotationZ":263},"geometry":{"type":"Point","coordinates":[5.364047,43.3537661]}},{"type":"Feature","properties":{"type":"Arbre (LiDAR)","hauteur_m":5.3,"source":"LiDAR HD IGN — sommet local du MNH (MNS − MNT)","_modelId":"tree_deciduous","_scale":0.9,"_rotationZ":250},"geometry":{"type":"Point","coordinates":[5.3642318,43.3537621]}},{"type":"Feature","properties":{"type":"Arbre (LiDAR)","hauteur_m":14.4,"source":"LiDAR HD IGN — sommet local du MNH (MNS − MNT)","_modelId":"tree_deciduous","_scale":2.44,"_rotationZ":206},"geometry":{"type":"Point","coordinates":[5.3651067,43.3537429]}},{"type":"Feature","properties":{"type":"Arbre (LiDAR)","hauteur_m":14.7,"source":"LiDAR HD IGN — sommet local du MNH (MNS − MNT)","_modelId":"tree_deciduous","_scale":2.49,"_rotationZ":337},"geometry":{"type":"Point","coordinates":[5.365193,43.3537411]}},{"type":"Feature","properties":{"type":"Arbre (LiDAR)","hauteur_m":11.3,"source":"LiDAR HD IGN — sommet local du MNH (MNS − MNT)","_modelId":"tree_deciduous","_scale":1.92,"_rotationZ":153},"geometry":{"type":"Point","coordinates":[5.3623461,43.3537943]}},{"type":"Feature","properties":{"type":"Arbre (LiDAR)","hauteur_m":5.6,"source":"LiDAR HD IGN — sommet local du MNH (MNS − MNT)","_modelId":"tree_deciduous","_scale":0.95,"_rotationZ":222},"geometry":{"type":"Point","coordinates":[5.3641822,43.3537542]}},{"type":"Feature","properties":{"type":"Arbre (LiDAR)","hauteur_m":14.6,"source":"LiDAR HD IGN — sommet local du MNH (MNS − MNT)","_modelId":"tree_deciduous","_scale":2.47,"_rotationZ":243},"geometry":{"type":"Point","coordinates":[5.3652294,43.3537268]}},{"type":"Feature","properties":{"type":"Arbre (LiDAR)","hauteur_m":10.2,"source":"LiDAR HD IGN — sommet local du MNH (MNS − MNT)","_modelId":"tree_deciduous","_scale":1.73,"_rotationZ":99},"geometry":{"type":"Point","coordinates":[5.3615074,43.3537946]}},{"type":"Feature","properties":{"type":"Arbre (LiDAR)","hauteur_m":13.2,"source":"LiDAR HD IGN — sommet local du MNH (MNS − MNT)","_modelId":"tree_deciduous","_scale":2.24,"_rotationZ":171},"geometry":{"type":"Point","coordinates":[5.3653582,43.3537104]}},{"type":"Feature","properties":{"type":"Arbre (LiDAR)","hauteur_m":6.6,"source":"LiDAR HD IGN — sommet local du MNH (MNS − MNT)","_modelId":"tree_deciduous","_scale":1.12,"_rotationZ":30},"geometry":{"type":"Point","coordinates":[5.3641874,43.3537315]}},{"type":"Feature","properties":{"type":"Arbre (LiDAR)","hauteur_m":5.3,"source":"LiDAR HD IGN — sommet local du MNH (MNS − MNT)","_modelId":"tree_deciduous","_scale":0.9,"_rotationZ":311},"geometry":{"type":"Point","coordinates":[5.3613222,43.3537896]}},{"type":"Feature","properties":{"type":"Arbre (LiDAR)","hauteur_m":10.3,"source":"LiDAR HD IGN — sommet local du MNH (MNS − MNT)","_modelId":"tree_deciduous","_scale":1.75,"_rotationZ":144},"geometry":{"type":"Point","coordinates":[5.363466,43.3537338]}},{"type":"Feature","properties":{"type":"Arbre (LiDAR)","hauteur_m":9.1,"source":"LiDAR HD IGN — sommet local du MNH (MNS − MNT)","_modelId":"tree_deciduous","_scale":1.54,"_rotationZ":7},"geometry":{"type":"Point","coordinates":[5.3642177,43.3537174]}},{"type":"Feature","properties":{"type":"Arbre (LiDAR)","hauteur_m":21.5,"source":"LiDAR HD IGN — sommet local du MNH (MNS − MNT)","_modelId":"tree_deciduous","_scale":3.64,"_rotationZ":267},"geometry":{"type":"Point","coordinates":[5.3633362,43.3537276]}},{"type":"Feature","properties":{"type":"Arbre (LiDAR)","hauteur_m":4.4,"source":"LiDAR HD IGN — sommet local du MNH (MNS − MNT)","_modelId":"tree_deciduous","_scale":0.75,"_rotationZ":14},"geometry":{"type":"Point","coordinates":[5.3635765,43.3537224]}},{"type":"Feature","properties":{"type":"Arbre (LiDAR)","hauteur_m":7.6,"source":"LiDAR HD IGN — sommet local du MNH (MNS − MNT)","_modelId":"tree_deciduous","_scale":1.29,"_rotationZ":130},"geometry":{"type":"Point","coordinates":[5.3616721,43.3537505]}},{"type":"Feature","properties":{"type":"Arbre (LiDAR)","hauteur_m":5.5,"source":"LiDAR HD IGN — sommet local du MNH (MNS − MNT)","_modelId":"tree_deciduous","_scale":0.93,"_rotationZ":31},"geometry":{"type":"Point","coordinates":[5.3612222,43.3537558]}},{"type":"Feature","properties":{"type":"Arbre (LiDAR)","hauteur_m":9.3,"source":"LiDAR HD IGN — sommet local du MNH (MNS − MNT)","_modelId":"tree_deciduous","_scale":1.58,"_rotationZ":188},"geometry":{"type":"Point","coordinates":[5.3642289,43.3536901]}},{"type":"Feature","properties":{"type":"Arbre (LiDAR)","hauteur_m":14.9,"source":"LiDAR HD IGN — sommet local du MNH (MNS − MNT)","_modelId":"tree_deciduous","_scale":2.53,"_rotationZ":250},"geometry":{"type":"Point","coordinates":[5.362368,43.3537263]}},{"type":"Feature","properties":{"type":"Arbre (LiDAR)","hauteur_m":8.2,"source":"LiDAR HD IGN — sommet local du MNH (MNS − MNT)","_modelId":"tree_deciduous","_scale":1.39,"_rotationZ":273},"geometry":{"type":"Point","coordinates":[5.3614251,43.3537424]}},{"type":"Feature","properties":{"type":"Arbre (LiDAR)","hauteur_m":4.1,"source":"LiDAR HD IGN — sommet local du MNH (MNS − MNT)","_modelId":"tree_deciduous","_scale":0.69,"_rotationZ":200},"geometry":{"type":"Point","coordinates":[5.3613017,43.3537406]}},{"type":"Feature","properties":{"type":"Arbre (LiDAR)","hauteur_m":13.3,"source":"LiDAR HD IGN — sommet local du MNH (MNS − MNT)","_modelId":"tree_deciduous","_scale":2.25,"_rotationZ":311},"geometry":{"type":"Point","coordinates":[5.3652813,43.3536401]}},{"type":"Feature","properties":{"type":"Arbre (LiDAR)","hauteur_m":15,"source":"LiDAR HD IGN — sommet local du MNH (MNS − MNT)","_modelId":"tree_deciduous","_scale":2.54,"_rotationZ":322},"geometry":{"type":"Point","coordinates":[5.363402,43.3536767]}},{"type":"Feature","properties":{"type":"Arbre (LiDAR)","hauteur_m":11,"source":"LiDAR HD IGN — sommet local du MNH (MNS − MNT)","_modelId":"tree_deciduous","_scale":1.86,"_rotationZ":64},"geometry":{"type":"Point","coordinates":[5.3653859,43.3536333]}},{"type":"Feature","properties":{"type":"Arbre (LiDAR)","hauteur_m":6.6,"source":"LiDAR HD IGN — sommet local du MNH (MNS − MNT)","_modelId":"tree_deciduous","_scale":1.12,"_rotationZ":284},"geometry":{"type":"Point","coordinates":[5.3624464,43.3536841]}},{"type":"Feature","properties":{"type":"Arbre (LiDAR)","hauteur_m":4.3,"source":"LiDAR HD IGN — sommet local du MNH (MNS − MNT)","_modelId":"tree_deciduous","_scale":0.73,"_rotationZ":138},"geometry":{"type":"Point","coordinates":[5.3642886,43.3536438]}},{"type":"Feature","properties":{"type":"Arbre (LiDAR)","hauteur_m":8.9,"source":"LiDAR HD IGN — sommet local du MNH (MNS − MNT)","_modelId":"tree_deciduous","_scale":1.51,"_rotationZ":92},"geometry":{"type":"Point","coordinates":[5.3622984,43.3536828]}},{"type":"Feature","properties":{"type":"Arbre (LiDAR)","hauteur_m":6.5,"source":"LiDAR HD IGN — sommet local du MNH (MNS − MNT)","_modelId":"tree_deciduous","_scale":1.1,"_rotationZ":58},"geometry":{"type":"Point","coordinates":[5.3635241,43.353647]}},{"type":"Feature","properties":{"type":"Arbre (LiDAR)","hauteur_m":9.3,"source":"LiDAR HD IGN — sommet local du MNH (MNS − MNT)","_modelId":"tree_deciduous","_scale":1.58,"_rotationZ":132},"geometry":{"type":"Point","coordinates":[5.364023,43.3536316]}},{"type":"Feature","properties":{"type":"Arbre (LiDAR)","hauteur_m":4.3,"source":"LiDAR HD IGN — sommet local du MNH (MNS − MNT)","_modelId":"tree_deciduous","_scale":0.73,"_rotationZ":242},"geometry":{"type":"Point","coordinates":[5.3633264,43.3536379]}},{"type":"Feature","properties":{"type":"Arbre (LiDAR)","hauteur_m":7.1,"source":"LiDAR HD IGN — sommet local du MNH (MNS − MNT)","_modelId":"tree_deciduous","_scale":1.2,"_rotationZ":126},"geometry":{"type":"Point","coordinates":[5.3612683,43.3536783]}},{"type":"Feature","properties":{"type":"Arbre (LiDAR)","hauteur_m":7.7,"source":"LiDAR HD IGN — sommet local du MNH (MNS − MNT)","_modelId":"tree_deciduous","_scale":1.31,"_rotationZ":192},"geometry":{"type":"Point","coordinates":[5.3641764,43.3536148]}},{"type":"Feature","properties":{"type":"Arbre (LiDAR)","hauteur_m":8,"source":"LiDAR HD IGN — sommet local du MNH (MNS − MNT)","_modelId":"tree_deciduous","_scale":1.36,"_rotationZ":274},"geometry":{"type":"Point","coordinates":[5.3652054,43.3535923]}},{"type":"Feature","properties":{"type":"Arbre (LiDAR)","hauteur_m":13.8,"source":"LiDAR HD IGN — sommet local du MNH (MNS − MNT)","_modelId":"tree_deciduous","_scale":2.34,"_rotationZ":194},"geometry":{"type":"Point","coordinates":[5.3653101,43.35359]}},{"type":"Feature","properties":{"type":"Arbre (LiDAR)","hauteur_m":9.9,"source":"LiDAR HD IGN — sommet local du MNH (MNS − MNT)","_modelId":"tree_deciduous","_scale":1.68,"_rotationZ":236},"geometry":{"type":"Point","coordinates":[5.3634123,43.353627]}},{"type":"Feature","properties":{"type":"Arbre (LiDAR)","hauteur_m":9.5,"source":"LiDAR HD IGN — sommet local du MNH (MNS − MNT)","_modelId":"tree_deciduous","_scale":1.61,"_rotationZ":96},"geometry":{"type":"Point","coordinates":[5.3652483,43.3535868]}},{"type":"Feature","properties":{"type":"Arbre (LiDAR)","hauteur_m":8.8,"source":"LiDAR HD IGN — sommet local du MNH (MNS − MNT)","_modelId":"tree_deciduous","_scale":1.49,"_rotationZ":229},"geometry":{"type":"Point","coordinates":[5.3642067,43.3536006]}},{"type":"Feature","properties":{"type":"Arbre (LiDAR)","hauteur_m":8.2,"source":"LiDAR HD IGN — sommet local du MNH (MNS − MNT)","_modelId":"tree_deciduous","_scale":1.39,"_rotationZ":95},"geometry":{"type":"Point","coordinates":[5.3635039,43.353607]}},{"type":"Feature","properties":{"type":"Arbre (LiDAR)","hauteur_m":9.2,"source":"LiDAR HD IGN — sommet local du MNH (MNS − MNT)","_modelId":"tree_deciduous","_scale":1.56,"_rotationZ":179},"geometry":{"type":"Point","coordinates":[5.3640153,43.3535958]}},{"type":"Feature","properties":{"type":"Arbre (LiDAR)","hauteur_m":11.2,"source":"LiDAR HD IGN — sommet local du MNH (MNS − MNT)","_modelId":"tree_deciduous","_scale":1.9,"_rotationZ":333},"geometry":{"type":"Point","coordinates":[5.3614827,43.3536421]}},{"type":"Feature","properties":{"type":"Arbre (LiDAR)","hauteur_m":12.3,"source":"LiDAR HD IGN — sommet local du MNH (MNS − MNT)","_modelId":"tree_deciduous","_scale":2.08,"_rotationZ":270},"geometry":{"type":"Point","coordinates":[5.3632138,43.3535998]}},{"type":"Feature","properties":{"type":"Arbre (LiDAR)","hauteur_m":9.4,"source":"LiDAR HD IGN — sommet local du MNH (MNS − MNT)","_modelId":"tree_deciduous","_scale":1.59,"_rotationZ":325},"geometry":{"type":"Point","coordinates":[5.3613468,43.3536361]}},{"type":"Feature","properties":{"type":"Arbre (LiDAR)","hauteur_m":5.7,"source":"LiDAR HD IGN — sommet local du MNH (MNS − MNT)","_modelId":"tree_deciduous","_scale":0.97,"_rotationZ":122},"geometry":{"type":"Point","coordinates":[5.3615563,43.3536315]}},{"type":"Feature","properties":{"type":"Arbre (LiDAR)","hauteur_m":4.5,"source":"LiDAR HD IGN — sommet local du MNH (MNS − MNT)","_modelId":"tree_deciduous","_scale":0.76,"_rotationZ":160},"geometry":{"type":"Point","coordinates":[5.3612417,43.3536294]}},{"type":"Feature","properties":{"type":"Arbre (LiDAR)","hauteur_m":14.4,"source":"LiDAR HD IGN — sommet local du MNH (MNS − MNT)","_modelId":"tree_deciduous","_scale":2.44,"_rotationZ":174},"geometry":{"type":"Point","coordinates":[5.363355,43.3535832]}},{"type":"Feature","properties":{"type":"Arbre (LiDAR)","hauteur_m":12.1,"source":"LiDAR HD IGN — sommet local du MNH (MNS − MNT)","_modelId":"tree_deciduous","_scale":2.05,"_rotationZ":162},"geometry":{"type":"Point","coordinates":[5.3632377,43.3535813]}},{"type":"Feature","properties":{"type":"Arbre (LiDAR)","hauteur_m":9.3,"source":"LiDAR HD IGN — sommet local du MNH (MNS − MNT)","_modelId":"tree_deciduous","_scale":1.58,"_rotationZ":350},"geometry":{"type":"Point","coordinates":[5.3623811,43.3535955]}},{"type":"Feature","properties":{"type":"Arbre (LiDAR)","hauteur_m":4.3,"source":"LiDAR HD IGN — sommet local du MNH (MNS − MNT)","_modelId":"tree_deciduous","_scale":0.73,"_rotationZ":326},"geometry":{"type":"Point","coordinates":[5.3624551,43.3535939]}},{"type":"Feature","properties":{"type":"Arbre (LiDAR)","hauteur_m":7.1,"source":"LiDAR HD IGN — sommet local du MNH (MNS − MNT)","_modelId":"tree_deciduous","_scale":1.2,"_rotationZ":33},"geometry":{"type":"Point","coordinates":[5.3611056,43.3536188]}},{"type":"Feature","properties":{"type":"Arbre (LiDAR)","hauteur_m":9.7,"source":"LiDAR HD IGN — sommet local du MNH (MNS − MNT)","_modelId":"tree_deciduous","_scale":1.64,"_rotationZ":102},"geometry":{"type":"Point","coordinates":[5.3613828,43.3536128]}},{"type":"Feature","properties":{"type":"Arbre (LiDAR)","hauteur_m":4.9,"source":"LiDAR HD IGN — sommet local du MNH (MNS − MNT)","_modelId":"tree_deciduous","_scale":0.83,"_rotationZ":68},"geometry":{"type":"Point","coordinates":[5.361894,43.3535971]}},{"type":"Feature","properties":{"type":"Arbre (LiDAR)","hauteur_m":9.8,"source":"LiDAR HD IGN — sommet local du MNH (MNS − MNT)","_modelId":"tree_deciduous","_scale":1.66,"_rotationZ":322},"geometry":{"type":"Point","coordinates":[5.3614071,43.3536033]}},{"type":"Feature","properties":{"type":"Arbre (LiDAR)","hauteur_m":5.9,"source":"LiDAR HD IGN — sommet local du MNH (MNS − MNT)","_modelId":"tree_deciduous","_scale":1,"_rotationZ":352},"geometry":{"type":"Point","coordinates":[5.3615919,43.3535992]}},{"type":"Feature","properties":{"type":"Arbre (LiDAR)","hauteur_m":9.3,"source":"LiDAR HD IGN — sommet local du MNH (MNS − MNT)","_modelId":"tree_deciduous","_scale":1.58,"_rotationZ":177},"geometry":{"type":"Point","coordinates":[5.3640071,43.3535465]}},{"type":"Feature","properties":{"type":"Arbre (LiDAR)","hauteur_m":5.3,"source":"LiDAR HD IGN — sommet local du MNH (MNS − MNT)","_modelId":"tree_deciduous","_scale":0.9,"_rotationZ":159},"geometry":{"type":"Point","coordinates":[5.3635633,43.3535517]}},{"type":"Feature","properties":{"type":"Arbre (LiDAR)","hauteur_m":6.2,"source":"LiDAR HD IGN — sommet local du MNH (MNS − MNT)","_modelId":"tree_deciduous","_scale":1.05,"_rotationZ":51},"geometry":{"type":"Point","coordinates":[5.3615361,43.3535915]}},{"type":"Feature","properties":{"type":"Arbre (LiDAR)","hauteur_m":6.4,"source":"LiDAR HD IGN — sommet local du MNH (MNS − MNT)","_modelId":"tree_deciduous","_scale":1.08,"_rotationZ":165},"geometry":{"type":"Point","coordinates":[5.3614866,43.353588]}},{"type":"Feature","properties":{"type":"Arbre (LiDAR)","hauteur_m":16,"source":"LiDAR HD IGN — sommet local du MNH (MNS − MNT)","_modelId":"tree_deciduous","_scale":2.71,"_rotationZ":246},"geometry":{"type":"Point","coordinates":[5.3633288,43.3535478]}},{"type":"Feature","properties":{"type":"Arbre (LiDAR)","hauteur_m":14.3,"source":"LiDAR HD IGN — sommet local du MNH (MNS − MNT)","_modelId":"tree_deciduous","_scale":2.42,"_rotationZ":8},"geometry":{"type":"Point","coordinates":[5.3634336,43.3535455]}},{"type":"Feature","properties":{"type":"Arbre (LiDAR)","hauteur_m":5.8,"source":"LiDAR HD IGN — sommet local du MNH (MNS − MNT)","_modelId":"tree_deciduous","_scale":0.98,"_rotationZ":291},"geometry":{"type":"Point","coordinates":[5.3612213,43.3535848]}},{"type":"Feature","properties":{"type":"Arbre (LiDAR)","hauteur_m":9.5,"source":"LiDAR HD IGN — sommet local du MNH (MNS − MNT)","_modelId":"tree_deciduous","_scale":1.61,"_rotationZ":124},"geometry":{"type":"Point","coordinates":[5.3613138,43.3535828]}},{"type":"Feature","properties":{"type":"Arbre (LiDAR)","hauteur_m":15.8,"source":"LiDAR HD IGN — sommet local du MNH (MNS − MNT)","_modelId":"tree_deciduous","_scale":2.68,"_rotationZ":33},"geometry":{"type":"Point","coordinates":[5.3632854,43.3535398]}},{"type":"Feature","properties":{"type":"Arbre (LiDAR)","hauteur_m":9.2,"source":"LiDAR HD IGN — sommet local du MNH (MNS − MNT)","_modelId":"tree_deciduous","_scale":1.56,"_rotationZ":62},"geometry":{"type":"Point","coordinates":[5.3640001,43.3535241]}},{"type":"Feature","properties":{"type":"Arbre (LiDAR)","hauteur_m":9.2,"source":"LiDAR HD IGN — sommet local du MNH (MNS − MNT)","_modelId":"tree_deciduous","_scale":1.56,"_rotationZ":233},"geometry":{"type":"Point","coordinates":[5.3639993,43.3535062]}},{"type":"Feature","properties":{"type":"Arbre (LiDAR)","hauteur_m":4.6,"source":"LiDAR HD IGN — sommet local du MNH (MNS − MNT)","_modelId":"tree_deciduous","_scale":0.78,"_rotationZ":204},"geometry":{"type":"Point","coordinates":[5.3653849,43.3534579]}},{"type":"Feature","properties":{"type":"Arbre (LiDAR)","hauteur_m":5.7,"source":"LiDAR HD IGN — sommet local du MNH (MNS − MNT)","_modelId":"tree_deciduous","_scale":0.97,"_rotationZ":312},"geometry":{"type":"Point","coordinates":[5.3611887,43.3535405]}},{"type":"Feature","properties":{"type":"Arbre (LiDAR)","hauteur_m":9.3,"source":"LiDAR HD IGN — sommet local du MNH (MNS − MNT)","_modelId":"tree_deciduous","_scale":1.58,"_rotationZ":305},"geometry":{"type":"Point","coordinates":[5.3639917,43.3534703]}},{"type":"Feature","properties":{"type":"Arbre (LiDAR)","hauteur_m":6.9,"source":"LiDAR HD IGN — sommet local du MNH (MNS − MNT)","_modelId":"tree_deciduous","_scale":1.17,"_rotationZ":312},"geometry":{"type":"Point","coordinates":[5.3622047,43.3535049]}},{"type":"Feature","properties":{"type":"Arbre (LiDAR)","hauteur_m":5.9,"source":"LiDAR HD IGN — sommet local du MNH (MNS − MNT)","_modelId":"tree_deciduous","_scale":1,"_rotationZ":102},"geometry":{"type":"Point","coordinates":[5.3610584,43.3535209]}},{"type":"Feature","properties":{"type":"Arbre (LiDAR)","hauteur_m":8.7,"source":"LiDAR HD IGN — sommet local du MNH (MNS − MNT)","_modelId":"tree_deciduous","_scale":1.47,"_rotationZ":284},"geometry":{"type":"Point","coordinates":[5.3612925,43.3535158]}},{"type":"Feature","properties":{"type":"Arbre (LiDAR)","hauteur_m":7.1,"source":"LiDAR HD IGN — sommet local du MNH (MNS − MNT)","_modelId":"tree_deciduous","_scale":1.2,"_rotationZ":15},"geometry":{"type":"Point","coordinates":[5.3616004,43.3535045]}},{"type":"Feature","properties":{"type":"Arbre (LiDAR)","hauteur_m":6.7,"source":"LiDAR HD IGN — sommet local du MNH (MNS − MNT)","_modelId":"tree_deciduous","_scale":1.14,"_rotationZ":176},"geometry":{"type":"Point","coordinates":[5.3621672,43.3534922]}},{"type":"Feature","properties":{"type":"Arbre (LiDAR)","hauteur_m":18.5,"source":"LiDAR HD IGN — sommet local du MNH (MNS − MNT)","_modelId":"tree_deciduous","_scale":3.14,"_rotationZ":300},"geometry":{"type":"Point","coordinates":[5.3632206,43.3534647]}},{"type":"Feature","properties":{"type":"Arbre (LiDAR)","hauteur_m":7.2,"source":"LiDAR HD IGN — sommet local du MNH (MNS − MNT)","_modelId":"tree_deciduous","_scale":1.22,"_rotationZ":215},"geometry":{"type":"Point","coordinates":[5.3611622,43.3534961]}},{"type":"Feature","properties":{"type":"Arbre (LiDAR)","hauteur_m":18.9,"source":"LiDAR HD IGN — sommet local du MNH (MNS − MNT)","_modelId":"tree_deciduous","_scale":3.2,"_rotationZ":191},"geometry":{"type":"Point","coordinates":[5.3633184,43.3534445]}},{"type":"Feature","properties":{"type":"Arbre (LiDAR)","hauteur_m":9.4,"source":"LiDAR HD IGN — sommet local du MNH (MNS − MNT)","_modelId":"tree_deciduous","_scale":1.59,"_rotationZ":197},"geometry":{"type":"Point","coordinates":[5.3639837,43.3534255]}},{"type":"Feature","properties":{"type":"Arbre (LiDAR)","hauteur_m":5.3,"source":"LiDAR HD IGN — sommet local du MNH (MNS − MNT)","_modelId":"tree_deciduous","_scale":0.9,"_rotationZ":339},"geometry":{"type":"Point","coordinates":[5.3611185,43.3534836]}},{"type":"Feature","properties":{"type":"Arbre (LiDAR)","hauteur_m":6.3,"source":"LiDAR HD IGN — sommet local du MNH (MNS − MNT)","_modelId":"tree_deciduous","_scale":1.07,"_rotationZ":167},"geometry":{"type":"Point","coordinates":[5.3617036,43.3534663]}},{"type":"Feature","properties":{"type":"Arbre (LiDAR)","hauteur_m":6.6,"source":"LiDAR HD IGN — sommet local du MNH (MNS − MNT)","_modelId":"tree_deciduous","_scale":1.12,"_rotationZ":14},"geometry":{"type":"Point","coordinates":[5.3615924,43.3534597]}},{"type":"Feature","properties":{"type":"Arbre (LiDAR)","hauteur_m":9,"source":"LiDAR HD IGN — sommet local du MNH (MNS − MNT)","_modelId":"tree_deciduous","_scale":1.53,"_rotationZ":140},"geometry":{"type":"Point","coordinates":[5.3612903,43.3534618]}},{"type":"Feature","properties":{"type":"Arbre (LiDAR)","hauteur_m":8.5,"source":"LiDAR HD IGN — sommet local du MNH (MNS − MNT)","_modelId":"tree_deciduous","_scale":1.44,"_rotationZ":87},"geometry":{"type":"Point","coordinates":[5.3612531,43.3534581]}},{"type":"Feature","properties":{"type":"Arbre (LiDAR)","hauteur_m":5.9,"source":"LiDAR HD IGN — sommet local du MNH (MNS − MNT)","_modelId":"tree_deciduous","_scale":1,"_rotationZ":15},"geometry":{"type":"Point","coordinates":[5.3616534,43.3534449]}},{"type":"Feature","properties":{"type":"Arbre (LiDAR)","hauteur_m":5.7,"source":"LiDAR HD IGN — sommet local du MNH (MNS − MNT)","_modelId":"tree_deciduous","_scale":0.97,"_rotationZ":165},"geometry":{"type":"Point","coordinates":[5.3611473,43.3534334]}},{"type":"Feature","properties":{"type":"Arbre (LiDAR)","hauteur_m":9.6,"source":"LiDAR HD IGN — sommet local du MNH (MNS − MNT)","_modelId":"tree_deciduous","_scale":1.63,"_rotationZ":210},"geometry":{"type":"Point","coordinates":[5.3639691,43.3533718]}},{"type":"Feature","properties":{"type":"Arbre (LiDAR)","hauteur_m":6.3,"source":"LiDAR HD IGN — sommet local du MNH (MNS − MNT)","_modelId":"tree_deciduous","_scale":1.07,"_rotationZ":103},"geometry":{"type":"Point","coordinates":[5.3612388,43.3534089]}},{"type":"Feature","properties":{"type":"Arbre (LiDAR)","hauteur_m":6.2,"source":"LiDAR HD IGN — sommet local du MNH (MNS − MNT)","_modelId":"tree_deciduous","_scale":1.05,"_rotationZ":113},"geometry":{"type":"Point","coordinates":[5.3616578,43.3533998]}},{"type":"Feature","properties":{"type":"Arbre (LiDAR)","hauteur_m":12.9,"source":"LiDAR HD IGN — sommet local du MNH (MNS − MNT)","_modelId":"tree_deciduous","_scale":2.19,"_rotationZ":171},"geometry":{"type":"Point","coordinates":[5.3622184,43.3533876]}},{"type":"Feature","properties":{"type":"Arbre (LiDAR)","hauteur_m":20.9,"source":"LiDAR HD IGN — sommet local du MNH (MNS − MNT)","_modelId":"tree_deciduous","_scale":3.54,"_rotationZ":210},"geometry":{"type":"Point","coordinates":[5.3633394,43.3533541]}},{"type":"Feature","properties":{"type":"Arbre (LiDAR)","hauteur_m":9.3,"source":"LiDAR HD IGN — sommet local du MNH (MNS − MNT)","_modelId":"tree_deciduous","_scale":1.58,"_rotationZ":92},"geometry":{"type":"Point","coordinates":[5.3615336,43.35338]}},{"type":"Feature","properties":{"type":"Arbre (LiDAR)","hauteur_m":11.1,"source":"LiDAR HD IGN — sommet local du MNH (MNS − MNT)","_modelId":"tree_deciduous","_scale":1.88,"_rotationZ":356},"geometry":{"type":"Point","coordinates":[5.3614716,43.3533724]}},{"type":"Feature","properties":{"type":"Arbre (LiDAR)","hauteur_m":11.7,"source":"LiDAR HD IGN — sommet local du MNH (MNS − MNT)","_modelId":"tree_deciduous","_scale":1.98,"_rotationZ":281},"geometry":{"type":"Point","coordinates":[5.3631841,43.353326]}},{"type":"Feature","properties":{"type":"Arbre (LiDAR)","hauteur_m":21.1,"source":"LiDAR HD IGN — sommet local du MNH (MNS − MNT)","_modelId":"tree_deciduous","_scale":3.58,"_rotationZ":280},"geometry":{"type":"Point","coordinates":[5.3632888,43.3533237]}},{"type":"Feature","properties":{"type":"Arbre (LiDAR)","hauteur_m":9.5,"source":"LiDAR HD IGN — sommet local du MNH (MNS − MNT)","_modelId":"tree_deciduous","_scale":1.61,"_rotationZ":195},"geometry":{"type":"Point","coordinates":[5.3635538,43.3533179]}},{"type":"Feature","properties":{"type":"Arbre (LiDAR)","hauteur_m":4.9,"source":"LiDAR HD IGN — sommet local du MNH (MNS − MNT)","_modelId":"tree_deciduous","_scale":0.83,"_rotationZ":95},"geometry":{"type":"Point","coordinates":[5.3637078,43.3533145]}},{"type":"Feature","properties":{"type":"Arbre (LiDAR)","hauteur_m":4.4,"source":"LiDAR HD IGN — sommet local du MNH (MNS − MNT)","_modelId":"tree_deciduous","_scale":0.75,"_rotationZ":84},"geometry":{"type":"Point","coordinates":[5.3618161,43.3533513]}},{"type":"Feature","properties":{"type":"Arbre (LiDAR)","hauteur_m":15.2,"source":"LiDAR HD IGN — sommet local du MNH (MNS − MNT)","_modelId":"tree_deciduous","_scale":2.58,"_rotationZ":182},"geometry":{"type":"Point","coordinates":[5.3621796,43.3533434]}},{"type":"Feature","properties":{"type":"Arbre (LiDAR)","hauteur_m":7.1,"source":"LiDAR HD IGN — sommet local du MNH (MNS − MNT)","_modelId":"tree_deciduous","_scale":1.2,"_rotationZ":189},"geometry":{"type":"Point","coordinates":[5.3636395,43.3533025]}},{"type":"Feature","properties":{"type":"Arbre (LiDAR)","hauteur_m":5.8,"source":"LiDAR HD IGN — sommet local du MNH (MNS − MNT)","_modelId":"tree_deciduous","_scale":0.98,"_rotationZ":194},"geometry":{"type":"Point","coordinates":[5.3637436,43.3532867]}},{"type":"Feature","properties":{"type":"Arbre (LiDAR)","hauteur_m":8.8,"source":"LiDAR HD IGN — sommet local du MNH (MNS − MNT)","_modelId":"tree_deciduous","_scale":1.49,"_rotationZ":261},"geometry":{"type":"Point","coordinates":[5.3610695,43.3533406]}},{"type":"Feature","properties":{"type":"Arbre (LiDAR)","hauteur_m":13.7,"source":"LiDAR HD IGN — sommet local du MNH (MNS − MNT)","_modelId":"tree_deciduous","_scale":2.32,"_rotationZ":96},"geometry":{"type":"Point","coordinates":[5.362135,43.3533084]}},{"type":"Feature","properties":{"type":"Arbre (LiDAR)","hauteur_m":7.6,"source":"LiDAR HD IGN — sommet local du MNH (MNS − MNT)","_modelId":"tree_deciduous","_scale":1.29,"_rotationZ":118},"geometry":{"type":"Point","coordinates":[5.3612414,43.3533234]}},{"type":"Feature","properties":{"type":"Arbre (LiDAR)","hauteur_m":9.4,"source":"LiDAR HD IGN — sommet local du MNH (MNS − MNT)","_modelId":"tree_deciduous","_scale":1.59,"_rotationZ":312},"geometry":{"type":"Point","coordinates":[5.3614384,43.3533146]}},{"type":"Feature","properties":{"type":"Arbre (LiDAR)","hauteur_m":5.8,"source":"LiDAR HD IGN — sommet local du MNH (MNS − MNT)","_modelId":"tree_deciduous","_scale":0.98,"_rotationZ":286},"geometry":{"type":"Point","coordinates":[5.3638964,43.3532519]}},{"type":"Feature","properties":{"type":"Arbre (LiDAR)","hauteur_m":5.8,"source":"LiDAR HD IGN — sommet local du MNH (MNS − MNT)","_modelId":"tree_deciduous","_scale":0.98,"_rotationZ":23},"geometry":{"type":"Point","coordinates":[5.3639332,43.3532466]}},{"type":"Feature","properties":{"type":"Arbre (LiDAR)","hauteur_m":8.4,"source":"LiDAR HD IGN — sommet local du MNH (MNS − MNT)","_modelId":"tree_deciduous","_scale":1.42,"_rotationZ":127},"geometry":{"type":"Point","coordinates":[5.3631688,43.3532543]}},{"type":"Feature","properties":{"type":"Arbre (LiDAR)","hauteur_m":5.1,"source":"LiDAR HD IGN — sommet local du MNH (MNS − MNT)","_modelId":"tree_deciduous","_scale":0.86,"_rotationZ":255},"geometry":{"type":"Point","coordinates":[5.3636555,43.3532437]}},{"type":"Feature","properties":{"type":"Arbre (LiDAR)","hauteur_m":4.1,"source":"LiDAR HD IGN — sommet local du MNH (MNS − MNT)","_modelId":"tree_deciduous","_scale":0.69,"_rotationZ":196},"geometry":{"type":"Point","coordinates":[5.3627926,43.3532535]}},{"type":"Feature","properties":{"type":"Arbre (LiDAR)","hauteur_m":7.5,"source":"LiDAR HD IGN — sommet local du MNH (MNS − MNT)","_modelId":"tree_deciduous","_scale":1.27,"_rotationZ":150},"geometry":{"type":"Point","coordinates":[5.3640248,43.3532266]}},{"type":"Feature","properties":{"type":"Arbre (LiDAR)","hauteur_m":5.1,"source":"LiDAR HD IGN — sommet local du MNH (MNS − MNT)","_modelId":"tree_deciduous","_scale":0.86,"_rotationZ":305},"geometry":{"type":"Point","coordinates":[5.3637474,43.3532282]}},{"type":"Feature","properties":{"type":"Arbre (LiDAR)","hauteur_m":6.2,"source":"LiDAR HD IGN — sommet local du MNH (MNS − MNT)","_modelId":"tree_deciduous","_scale":1.05,"_rotationZ":37},"geometry":{"type":"Point","coordinates":[5.3610972,43.3532635]}},{"type":"Feature","properties":{"type":"Arbre (LiDAR)","hauteur_m":9,"source":"LiDAR HD IGN — sommet local du MNH (MNS − MNT)","_modelId":"tree_deciduous","_scale":1.53,"_rotationZ":225},"geometry":{"type":"Point","coordinates":[5.3612878,43.3532504]}},{"type":"Feature","properties":{"type":"Arbre (LiDAR)","hauteur_m":13,"source":"LiDAR HD IGN — sommet local du MNH (MNS − MNT)","_modelId":"tree_deciduous","_scale":2.2,"_rotationZ":206},"geometry":{"type":"Point","coordinates":[5.3613802,43.3532484]}},{"type":"Feature","properties":{"type":"Arbre (LiDAR)","hauteur_m":6.1,"source":"LiDAR HD IGN — sommet local du MNH (MNS − MNT)","_modelId":"tree_deciduous","_scale":1.03,"_rotationZ":284},"geometry":{"type":"Point","coordinates":[5.3620826,43.353233]}},{"type":"Feature","properties":{"type":"Arbre (LiDAR)","hauteur_m":4.3,"source":"LiDAR HD IGN — sommet local du MNH (MNS − MNT)","_modelId":"tree_deciduous","_scale":0.73,"_rotationZ":282},"geometry":{"type":"Point","coordinates":[5.3643251,43.3531795]}},{"type":"Feature","properties":{"type":"Arbre (LiDAR)","hauteur_m":7.6,"source":"LiDAR HD IGN — sommet local du MNH (MNS − MNT)","_modelId":"tree_deciduous","_scale":1.29,"_rotationZ":315},"geometry":{"type":"Point","coordinates":[5.3645038,43.3531756]}},{"type":"Feature","properties":{"type":"Arbre (LiDAR)","hauteur_m":7.5,"source":"LiDAR HD IGN — sommet local du MNH (MNS − MNT)","_modelId":"tree_deciduous","_scale":1.27,"_rotationZ":325},"geometry":{"type":"Point","coordinates":[5.3646514,43.3531679]}},{"type":"Feature","properties":{"type":"Arbre (LiDAR)","hauteur_m":4.4,"source":"LiDAR HD IGN — sommet local du MNH (MNS − MNT)","_modelId":"tree_deciduous","_scale":0.75,"_rotationZ":11},"geometry":{"type":"Point","coordinates":[5.363425,43.3531857]}},{"type":"Feature","properties":{"type":"Arbre (LiDAR)","hauteur_m":4.9,"source":"LiDAR HD IGN — sommet local du MNH (MNS − MNT)","_modelId":"tree_deciduous","_scale":0.83,"_rotationZ":7},"geometry":{"type":"Point","coordinates":[5.3610835,43.3532323]}},{"type":"Feature","properties":{"type":"Arbre (LiDAR)","hauteur_m":9.6,"source":"LiDAR HD IGN — sommet local du MNH (MNS − MNT)","_modelId":"tree_deciduous","_scale":1.63,"_rotationZ":198},"geometry":{"type":"Point","coordinates":[5.3612865,43.3532189]}},{"type":"Feature","properties":{"type":"Arbre (LiDAR)","hauteur_m":27.1,"source":"LiDAR HD IGN — sommet local du MNH (MNS − MNT)","_modelId":"tree_deciduous","_scale":4.59,"_rotationZ":350},"geometry":{"type":"Point","coordinates":[5.3616377,43.3532112]}},{"type":"Feature","properties":{"type":"Arbre (LiDAR)","hauteur_m":6,"source":"LiDAR HD IGN — sommet local du MNH (MNS − MNT)","_modelId":"tree_deciduous","_scale":1.02,"_rotationZ":80},"geometry":{"type":"Point","coordinates":[5.3620998,43.3532011]}},{"type":"Feature","properties":{"type":"Arbre (LiDAR)","hauteur_m":5.1,"source":"LiDAR HD IGN — sommet local du MNH (MNS − MNT)","_modelId":"tree_deciduous","_scale":0.86,"_rotationZ":326},"geometry":{"type":"Point","coordinates":[5.362044,43.3531934]}},{"type":"Feature","properties":{"type":"Arbre (LiDAR)","hauteur_m":6.9,"source":"LiDAR HD IGN — sommet local du MNH (MNS − MNT)","_modelId":"tree_deciduous","_scale":1.17,"_rotationZ":311},"geometry":{"type":"Point","coordinates":[5.3646869,43.3531311]}},{"type":"Feature","properties":{"type":"Arbre (LiDAR)","hauteur_m":8.2,"source":"LiDAR HD IGN — sommet local du MNH (MNS − MNT)","_modelId":"tree_deciduous","_scale":1.39,"_rotationZ":24},"geometry":{"type":"Point","coordinates":[5.3621108,43.3531694]}},{"type":"Feature","properties":{"type":"Arbre (LiDAR)","hauteur_m":8.5,"source":"LiDAR HD IGN — sommet local du MNH (MNS − MNT)","_modelId":"tree_deciduous","_scale":1.44,"_rotationZ":215},"geometry":{"type":"Point","coordinates":[5.3612665,43.3531833]}},{"type":"Feature","properties":{"type":"Arbre (LiDAR)","hauteur_m":4.4,"source":"LiDAR HD IGN — sommet local du MNH (MNS − MNT)","_modelId":"tree_deciduous","_scale":0.75,"_rotationZ":345},"geometry":{"type":"Point","coordinates":[5.36203,43.3531532]}},{"type":"Feature","properties":{"type":"Arbre (LiDAR)","hauteur_m":4.1,"source":"LiDAR HD IGN — sommet local du MNH (MNS − MNT)","_modelId":"tree_deciduous","_scale":0.69,"_rotationZ":194},"geometry":{"type":"Point","coordinates":[5.3645869,43.3530973]}},{"type":"Feature","properties":{"type":"Arbre (LiDAR)","hauteur_m":5.4,"source":"LiDAR HD IGN — sommet local du MNH (MNS − MNT)","_modelId":"tree_deciduous","_scale":0.92,"_rotationZ":50},"geometry":{"type":"Point","coordinates":[5.3646362,43.3530962]}},{"type":"Feature","properties":{"type":"Arbre (LiDAR)","hauteur_m":7.1,"source":"LiDAR HD IGN — sommet local du MNH (MNS − MNT)","_modelId":"tree_deciduous","_scale":1.2,"_rotationZ":178},"geometry":{"type":"Point","coordinates":[5.3647467,43.3530848]}},{"type":"Feature","properties":{"type":"Arbre (LiDAR)","hauteur_m":12.3,"source":"LiDAR HD IGN — sommet local du MNH (MNS − MNT)","_modelId":"tree_deciduous","_scale":2.08,"_rotationZ":49},"geometry":{"type":"Point","coordinates":[5.361327,43.353155]}},{"type":"Feature","properties":{"type":"Arbre (LiDAR)","hauteur_m":4.1,"source":"LiDAR HD IGN — sommet local du MNH (MNS − MNT)","_modelId":"tree_deciduous","_scale":0.69,"_rotationZ":211},"geometry":{"type":"Point","coordinates":[5.3617214,43.3531464]}},{"type":"Feature","properties":{"type":"Arbre (LiDAR)","hauteur_m":12.7,"source":"LiDAR HD IGN — sommet local du MNH (MNS − MNT)","_modelId":"tree_deciduous","_scale":2.15,"_rotationZ":39},"geometry":{"type":"Point","coordinates":[5.3613821,43.3531448]}},{"type":"Feature","properties":{"type":"Arbre (LiDAR)","hauteur_m":7.6,"source":"LiDAR HD IGN — sommet local du MNH (MNS − MNT)","_modelId":"tree_deciduous","_scale":1.29,"_rotationZ":126},"geometry":{"type":"Point","coordinates":[5.3610552,43.3531429]}},{"type":"Feature","properties":{"type":"Arbre (LiDAR)","hauteur_m":4.3,"source":"LiDAR HD IGN — sommet local du MNH (MNS − MNT)","_modelId":"tree_deciduous","_scale":0.73,"_rotationZ":210},"geometry":{"type":"Point","coordinates":[5.3621456,43.3531146]}},{"type":"Feature","properties":{"type":"Arbre (LiDAR)","hauteur_m":8.9,"source":"LiDAR HD IGN — sommet local du MNH (MNS − MNT)","_modelId":"tree_deciduous","_scale":1.51,"_rotationZ":93},"geometry":{"type":"Point","coordinates":[5.3612828,43.353129]}},{"type":"Feature","properties":{"type":"Arbre (LiDAR)","hauteur_m":9.7,"source":"LiDAR HD IGN — sommet local du MNH (MNS − MNT)","_modelId":"tree_deciduous","_scale":1.64,"_rotationZ":82},"geometry":{"type":"Point","coordinates":[5.3613506,43.3531275]}},{"type":"Feature","properties":{"type":"Arbre (LiDAR)","hauteur_m":25.6,"source":"LiDAR HD IGN — sommet local du MNH (MNS − MNT)","_modelId":"tree_deciduous","_scale":4.34,"_rotationZ":345},"geometry":{"type":"Point","coordinates":[5.363254,43.3530769]}},{"type":"Feature","properties":{"type":"Arbre (LiDAR)","hauteur_m":8.7,"source":"LiDAR HD IGN — sommet local du MNH (MNS − MNT)","_modelId":"tree_deciduous","_scale":1.47,"_rotationZ":266},"geometry":{"type":"Point","coordinates":[5.3641782,43.3530567]}},{"type":"Feature","properties":{"type":"Arbre (LiDAR)","hauteur_m":12.5,"source":"LiDAR HD IGN — sommet local du MNH (MNS − MNT)","_modelId":"tree_deciduous","_scale":2.12,"_rotationZ":218},"geometry":{"type":"Point","coordinates":[5.3629458,43.3530792]}},{"type":"Feature","properties":{"type":"Arbre (LiDAR)","hauteur_m":6.3,"source":"LiDAR HD IGN — sommet local du MNH (MNS − MNT)","_modelId":"tree_deciduous","_scale":1.07,"_rotationZ":36},"geometry":{"type":"Point","coordinates":[5.3610418,43.3531162]}},{"type":"Feature","properties":{"type":"Arbre (LiDAR)","hauteur_m":5.1,"source":"LiDAR HD IGN — sommet local du MNH (MNS − MNT)","_modelId":"tree_deciduous","_scale":0.86,"_rotationZ":17},"geometry":{"type":"Point","coordinates":[5.3635061,43.3530579]}},{"type":"Feature","properties":{"type":"Arbre (LiDAR)","hauteur_m":6.8,"source":"LiDAR HD IGN — sommet local du MNH (MNS − MNT)","_modelId":"tree_deciduous","_scale":1.15,"_rotationZ":180},"geometry":{"type":"Point","coordinates":[5.3648061,43.3530295]}},{"type":"Feature","properties":{"type":"Arbre (LiDAR)","hauteur_m":6.2,"source":"LiDAR HD IGN — sommet local du MNH (MNS − MNT)","_modelId":"tree_deciduous","_scale":1.05,"_rotationZ":119},"geometry":{"type":"Point","coordinates":[5.3646881,43.3530096]}},{"type":"Feature","properties":{"type":"Arbre (LiDAR)","hauteur_m":12.5,"source":"LiDAR HD IGN — sommet local du MNH (MNS − MNT)","_modelId":"tree_deciduous","_scale":2.12,"_rotationZ":331},"geometry":{"type":"Point","coordinates":[5.3629443,43.3530432]}},{"type":"Feature","properties":{"type":"Arbre (LiDAR)","hauteur_m":6.2,"source":"LiDAR HD IGN — sommet local du MNH (MNS − MNT)","_modelId":"tree_deciduous","_scale":1.05,"_rotationZ":272},"geometry":{"type":"Point","coordinates":[5.3646571,43.3530058]}},{"type":"Feature","properties":{"type":"Arbre (LiDAR)","hauteur_m":6.3,"source":"LiDAR HD IGN — sommet local du MNH (MNS − MNT)","_modelId":"tree_deciduous","_scale":1.07,"_rotationZ":140},"geometry":{"type":"Point","coordinates":[5.3648479,43.3529971]}},{"type":"Feature","properties":{"type":"Arbre (LiDAR)","hauteur_m":7.2,"source":"LiDAR HD IGN — sommet local du MNH (MNS − MNT)","_modelId":"tree_deciduous","_scale":1.22,"_rotationZ":61},"geometry":{"type":"Point","coordinates":[5.3611385,43.3530691]}},{"type":"Feature","properties":{"type":"Arbre (LiDAR)","hauteur_m":4.8,"source":"LiDAR HD IGN — sommet local du MNH (MNS − MNT)","_modelId":"tree_deciduous","_scale":0.81,"_rotationZ":246},"geometry":{"type":"Point","coordinates":[5.3610582,43.3530664]}},{"type":"Feature","properties":{"type":"Arbre (LiDAR)","hauteur_m":6.9,"source":"LiDAR HD IGN — sommet local du MNH (MNS − MNT)","_modelId":"tree_deciduous","_scale":1.17,"_rotationZ":162},"geometry":{"type":"Point","coordinates":[5.3615258,43.3530382]}},{"type":"Feature","properties":{"type":"Arbre (LiDAR)","hauteur_m":5,"source":"LiDAR HD IGN — sommet local du MNH (MNS − MNT)","_modelId":"tree_deciduous","_scale":0.85,"_rotationZ":96},"geometry":{"type":"Point","coordinates":[5.3621049,43.3530255]}},{"type":"Feature","properties":{"type":"Arbre (LiDAR)","hauteur_m":13.6,"source":"LiDAR HD IGN — sommet local du MNH (MNS − MNT)","_modelId":"tree_deciduous","_scale":2.31,"_rotationZ":0},"geometry":{"type":"Point","coordinates":[5.36314,43.3530029]}},{"type":"Feature","properties":{"type":"Arbre (LiDAR)","hauteur_m":6.4,"source":"LiDAR HD IGN — sommet local du MNH (MNS − MNT)","_modelId":"tree_deciduous","_scale":1.08,"_rotationZ":106},"geometry":{"type":"Point","coordinates":[5.3611434,43.3530375]}},{"type":"Feature","properties":{"type":"Arbre (LiDAR)","hauteur_m":11.4,"source":"LiDAR HD IGN — sommet local du MNH (MNS − MNT)","_modelId":"tree_deciduous","_scale":1.93,"_rotationZ":82},"geometry":{"type":"Point","coordinates":[5.3613652,43.3530327]}},{"type":"Feature","properties":{"type":"Arbre (LiDAR)","hauteur_m":13.4,"source":"LiDAR HD IGN — sommet local du MNH (MNS − MNT)","_modelId":"tree_deciduous","_scale":2.27,"_rotationZ":174},"geometry":{"type":"Point","coordinates":[5.3631949,43.3529882]}},{"type":"Feature","properties":{"type":"Arbre (LiDAR)","hauteur_m":6.4,"source":"LiDAR HD IGN — sommet local du MNH (MNS − MNT)","_modelId":"tree_deciduous","_scale":1.08,"_rotationZ":2},"geometry":{"type":"Point","coordinates":[5.3611738,43.3530279]}},{"type":"Feature","properties":{"type":"Arbre (LiDAR)","hauteur_m":8.8,"source":"LiDAR HD IGN — sommet local du MNH (MNS − MNT)","_modelId":"tree_deciduous","_scale":1.49,"_rotationZ":320},"geometry":{"type":"Point","coordinates":[5.3612663,43.3530258]}},{"type":"Feature","properties":{"type":"Arbre (LiDAR)","hauteur_m":9.8,"source":"LiDAR HD IGN — sommet local du MNH (MNS − MNT)","_modelId":"tree_deciduous","_scale":1.66,"_rotationZ":34},"geometry":{"type":"Point","coordinates":[5.3628988,43.3529857]}},{"type":"Feature","properties":{"type":"Arbre (LiDAR)","hauteur_m":6.4,"source":"LiDAR HD IGN — sommet local du MNH (MNS − MNT)","_modelId":"tree_deciduous","_scale":1.08,"_rotationZ":221},"geometry":{"type":"Point","coordinates":[5.3611303,43.3530198]}},{"type":"Feature","properties":{"type":"Arbre (LiDAR)","hauteur_m":4.3,"source":"LiDAR HD IGN — sommet local du MNH (MNS − MNT)","_modelId":"tree_deciduous","_scale":0.73,"_rotationZ":68},"geometry":{"type":"Point","coordinates":[5.3634223,43.3529698]}},{"type":"Feature","properties":{"type":"Arbre (LiDAR)","hauteur_m":11.8,"source":"LiDAR HD IGN — sommet local du MNH (MNS − MNT)","_modelId":"tree_deciduous","_scale":2,"_rotationZ":316},"geometry":{"type":"Point","coordinates":[5.3647589,43.3529315]}},{"type":"Feature","properties":{"type":"Arbre (LiDAR)","hauteur_m":14.4,"source":"LiDAR HD IGN — sommet local du MNH (MNS − MNT)","_modelId":"tree_deciduous","_scale":2.44,"_rotationZ":109},"geometry":{"type":"Point","coordinates":[5.3630581,43.3529597]}},{"type":"Feature","properties":{"type":"Arbre (LiDAR)","hauteur_m":8.8,"source":"LiDAR HD IGN — sommet local du MNH (MNS − MNT)","_modelId":"tree_deciduous","_scale":1.49,"_rotationZ":316},"geometry":{"type":"Point","coordinates":[5.3613017,43.3529891]}},{"type":"Feature","properties":{"type":"Arbre (LiDAR)","hauteur_m":5.2,"source":"LiDAR HD IGN — sommet local du MNH (MNS − MNT)","_modelId":"tree_deciduous","_scale":0.88,"_rotationZ":168},"geometry":{"type":"Point","coordinates":[5.3620278,43.3529507]}},{"type":"Feature","properties":{"type":"Arbre (LiDAR)","hauteur_m":9.8,"source":"LiDAR HD IGN — sommet local du MNH (MNS − MNT)","_modelId":"tree_deciduous","_scale":1.66,"_rotationZ":223},"geometry":{"type":"Point","coordinates":[5.3647819,43.3528905]}},{"type":"Feature","properties":{"type":"Arbre (LiDAR)","hauteur_m":16.2,"source":"LiDAR HD IGN — sommet local du MNH (MNS − MNT)","_modelId":"tree_deciduous","_scale":2.75,"_rotationZ":228},"geometry":{"type":"Point","coordinates":[5.3639249,43.3528958]}},{"type":"Feature","properties":{"type":"Arbre (LiDAR)","hauteur_m":21.5,"source":"LiDAR HD IGN — sommet local du MNH (MNS − MNT)","_modelId":"tree_deciduous","_scale":3.64,"_rotationZ":239},"geometry":{"type":"Point","coordinates":[5.363284,43.3529053]}},{"type":"Feature","properties":{"type":"Arbre (LiDAR)","hauteur_m":16.5,"source":"LiDAR HD IGN — sommet local du MNH (MNS − MNT)","_modelId":"tree_deciduous","_scale":2.8,"_rotationZ":357},"geometry":{"type":"Point","coordinates":[5.3639802,43.3528901]}},{"type":"Feature","properties":{"type":"Arbre (LiDAR)","hauteur_m":12.6,"source":"LiDAR HD IGN — sommet local du MNH (MNS − MNT)","_modelId":"tree_deciduous","_scale":2.14,"_rotationZ":324},"geometry":{"type":"Point","coordinates":[5.3631051,43.3529047]}},{"type":"Feature","properties":{"type":"Arbre (LiDAR)","hauteur_m":7.8,"source":"LiDAR HD IGN — sommet local du MNH (MNS − MNT)","_modelId":"tree_deciduous","_scale":1.32,"_rotationZ":25},"geometry":{"type":"Point","coordinates":[5.3648301,43.3528625]}},{"type":"Feature","properties":{"type":"Arbre (LiDAR)","hauteur_m":7.4,"source":"LiDAR HD IGN — sommet local du MNH (MNS − MNT)","_modelId":"tree_deciduous","_scale":1.25,"_rotationZ":202},"geometry":{"type":"Point","coordinates":[5.3648977,43.3528565]}},{"type":"Feature","properties":{"type":"Arbre (LiDAR)","hauteur_m":5.4,"source":"LiDAR HD IGN — sommet local du MNH (MNS − MNT)","_modelId":"tree_deciduous","_scale":0.92,"_rotationZ":160},"geometry":{"type":"Point","coordinates":[5.3613236,43.3529211]}},{"type":"Feature","properties":{"type":"Arbre (LiDAR)","hauteur_m":8,"source":"LiDAR HD IGN — sommet local du MNH (MNS − MNT)","_modelId":"tree_deciduous","_scale":1.36,"_rotationZ":258},"geometry":{"type":"Point","coordinates":[5.3634123,43.3528755]}},{"type":"Feature","properties":{"type":"Arbre (LiDAR)","hauteur_m":5.5,"source":"LiDAR HD IGN — sommet local du MNH (MNS − MNT)","_modelId":"tree_deciduous","_scale":0.93,"_rotationZ":328},"geometry":{"type":"Point","coordinates":[5.3613974,43.352915]}},{"type":"Feature","properties":{"type":"Arbre (LiDAR)","hauteur_m":15.5,"source":"LiDAR HD IGN — sommet local du MNH (MNS − MNT)","_modelId":"tree_deciduous","_scale":2.63,"_rotationZ":139},"geometry":{"type":"Point","coordinates":[5.3629857,43.3528488]}},{"type":"Feature","properties":{"type":"Arbre (LiDAR)","hauteur_m":10.5,"source":"LiDAR HD IGN — sommet local du MNH (MNS − MNT)","_modelId":"tree_deciduous","_scale":1.78,"_rotationZ":76},"geometry":{"type":"Point","coordinates":[5.3647967,43.3528002]}},{"type":"Feature","properties":{"type":"Arbre (LiDAR)","hauteur_m":8.6,"source":"LiDAR HD IGN — sommet local du MNH (MNS − MNT)","_modelId":"tree_deciduous","_scale":1.46,"_rotationZ":52},"geometry":{"type":"Point","coordinates":[5.3648953,43.3527981]}},{"type":"Feature","properties":{"type":"Arbre (LiDAR)","hauteur_m":5.3,"source":"LiDAR HD IGN — sommet local du MNH (MNS − MNT)","_modelId":"tree_deciduous","_scale":0.9,"_rotationZ":20},"geometry":{"type":"Point","coordinates":[5.3633856,43.3528266]}},{"type":"Feature","properties":{"type":"Arbre (LiDAR)","hauteur_m":12.9,"source":"LiDAR HD IGN — sommet local du MNH (MNS − MNT)","_modelId":"tree_deciduous","_scale":2.19,"_rotationZ":181},"geometry":{"type":"Point","coordinates":[5.3638723,43.3528159]}},{"type":"Feature","properties":{"type":"Arbre (LiDAR)","hauteur_m":9.6,"source":"LiDAR HD IGN — sommet local du MNH (MNS − MNT)","_modelId":"tree_deciduous","_scale":1.63,"_rotationZ":26},"geometry":{"type":"Point","coordinates":[5.364932,43.3527928]}},{"type":"Feature","properties":{"type":"Arbre (LiDAR)","hauteur_m":9.8,"source":"LiDAR HD IGN — sommet local du MNH (MNS − MNT)","_modelId":"tree_deciduous","_scale":1.66,"_rotationZ":214},"geometry":{"type":"Point","coordinates":[5.3627749,43.3528219]}},{"type":"Feature","properties":{"type":"Arbre (LiDAR)","hauteur_m":4.7,"source":"LiDAR HD IGN — sommet local du MNH (MNS − MNT)","_modelId":"tree_deciduous","_scale":0.8,"_rotationZ":199},"geometry":{"type":"Point","coordinates":[5.3610434,43.3528552]}},{"type":"Feature","properties":{"type":"Arbre (LiDAR)","hauteur_m":8.4,"source":"LiDAR HD IGN — sommet local du MNH (MNS − MNT)","_modelId":"tree_deciduous","_scale":1.42,"_rotationZ":202},"geometry":{"type":"Point","coordinates":[5.3628548,43.3528157]}},{"type":"Feature","properties":{"type":"Arbre (LiDAR)","hauteur_m":4.6,"source":"LiDAR HD IGN — sommet local du MNH (MNS − MNT)","_modelId":"tree_deciduous","_scale":0.78,"_rotationZ":185},"geometry":{"type":"Point","coordinates":[5.3634401,43.3528029]}},{"type":"Feature","properties":{"type":"Arbre (LiDAR)","hauteur_m":5.1,"source":"LiDAR HD IGN — sommet local du MNH (MNS − MNT)","_modelId":"tree_deciduous","_scale":0.86,"_rotationZ":101},"geometry":{"type":"Point","coordinates":[5.3633906,43.3527994]}},{"type":"Feature","properties":{"type":"Arbre (LiDAR)","hauteur_m":10.9,"source":"LiDAR HD IGN — sommet local du MNH (MNS − MNT)","_modelId":"tree_deciduous","_scale":1.85,"_rotationZ":229},"geometry":{"type":"Point","coordinates":[5.3649001,43.3527665]}},{"type":"Feature","properties":{"type":"Arbre (LiDAR)","hauteur_m":7.7,"source":"LiDAR HD IGN — sommet local du MNH (MNS − MNT)","_modelId":"tree_deciduous","_scale":1.31,"_rotationZ":44},"geometry":{"type":"Point","coordinates":[5.3650973,43.3527621]}},{"type":"Feature","properties":{"type":"Arbre (LiDAR)","hauteur_m":9.6,"source":"LiDAR HD IGN — sommet local du MNH (MNS − MNT)","_modelId":"tree_deciduous","_scale":1.63,"_rotationZ":349},"geometry":{"type":"Point","coordinates":[5.3614004,43.3528384]}},{"type":"Feature","properties":{"type":"Arbre (LiDAR)","hauteur_m":11.7,"source":"LiDAR HD IGN — sommet local du MNH (MNS − MNT)","_modelId":"tree_deciduous","_scale":1.98,"_rotationZ":304},"geometry":{"type":"Point","coordinates":[5.3631563,43.3528001]}},{"type":"Feature","properties":{"type":"Arbre (LiDAR)","hauteur_m":11.6,"source":"LiDAR HD IGN — sommet local du MNH (MNS − MNT)","_modelId":"tree_deciduous","_scale":1.97,"_rotationZ":19},"geometry":{"type":"Point","coordinates":[5.3647829,43.3527645]}},{"type":"Feature","properties":{"type":"Arbre (LiDAR)","hauteur_m":9.5,"source":"LiDAR HD IGN — sommet local du MNH (MNS − MNT)","_modelId":"tree_deciduous","_scale":1.61,"_rotationZ":83},"geometry":{"type":"Point","coordinates":[5.3618991,43.3528185]}},{"type":"Feature","properties":{"type":"Arbre (LiDAR)","hauteur_m":16.1,"source":"LiDAR HD IGN — sommet local du MNH (MNS − MNT)","_modelId":"tree_deciduous","_scale":2.73,"_rotationZ":223},"geometry":{"type":"Point","coordinates":[5.3629894,43.3527902]}},{"type":"Feature","properties":{"type":"Arbre (LiDAR)","hauteur_m":10.9,"source":"LiDAR HD IGN — sommet local du MNH (MNS − MNT)","_modelId":"tree_deciduous","_scale":1.85,"_rotationZ":18},"geometry":{"type":"Point","coordinates":[5.3648563,43.3527494]}},{"type":"Feature","properties":{"type":"Arbre (LiDAR)","hauteur_m":10,"source":"LiDAR HD IGN — sommet local du MNH (MNS − MNT)","_modelId":"tree_deciduous","_scale":1.69,"_rotationZ":109},"geometry":{"type":"Point","coordinates":[5.3627674,43.3527906]}},{"type":"Feature","properties":{"type":"Arbre (LiDAR)","hauteur_m":10,"source":"LiDAR HD IGN — sommet local du MNH (MNS − MNT)","_modelId":"tree_deciduous","_scale":1.69,"_rotationZ":224},"geometry":{"type":"Point","coordinates":[5.3627363,43.3527822]}},{"type":"Feature","properties":{"type":"Arbre (LiDAR)","hauteur_m":7.8,"source":"LiDAR HD IGN — sommet local du MNH (MNS − MNT)","_modelId":"tree_deciduous","_scale":1.32,"_rotationZ":283},"geometry":{"type":"Point","coordinates":[5.3651145,43.3527303]}},{"type":"Feature","properties":{"type":"Arbre (LiDAR)","hauteur_m":5.3,"source":"LiDAR HD IGN — sommet local du MNH (MNS − MNT)","_modelId":"tree_deciduous","_scale":0.9,"_rotationZ":191},"geometry":{"type":"Point","coordinates":[5.3615647,43.3527853]}},{"type":"Feature","properties":{"type":"Arbre (LiDAR)","hauteur_m":14.8,"source":"LiDAR HD IGN — sommet local du MNH (MNS − MNT)","_modelId":"tree_deciduous","_scale":2.51,"_rotationZ":22},"geometry":{"type":"Point","coordinates":[5.3630615,43.3527436]}},{"type":"Feature","properties":{"type":"Arbre (LiDAR)","hauteur_m":12,"source":"LiDAR HD IGN — sommet local du MNH (MNS − MNT)","_modelId":"tree_deciduous","_scale":2.03,"_rotationZ":193},"geometry":{"type":"Point","coordinates":[5.3632587,43.3527393]}},{"type":"Feature","properties":{"type":"Arbre (LiDAR)","hauteur_m":7.2,"source":"LiDAR HD IGN — sommet local du MNH (MNS − MNT)","_modelId":"tree_deciduous","_scale":1.22,"_rotationZ":56},"geometry":{"type":"Point","coordinates":[5.3651686,43.3526976]}},{"type":"Feature","properties":{"type":"Arbre (LiDAR)","hauteur_m":8.8,"source":"LiDAR HD IGN — sommet local du MNH (MNS − MNT)","_modelId":"tree_deciduous","_scale":1.49,"_rotationZ":186},"geometry":{"type":"Point","coordinates":[5.3628702,43.3527388]}},{"type":"Feature","properties":{"type":"Arbre (LiDAR)","hauteur_m":8.3,"source":"LiDAR HD IGN — sommet local du MNH (MNS − MNT)","_modelId":"tree_deciduous","_scale":1.41,"_rotationZ":254},"geometry":{"type":"Point","coordinates":[5.3628392,43.352735]}},{"type":"Feature","properties":{"type":"Arbre (LiDAR)","hauteur_m":8.3,"source":"LiDAR HD IGN — sommet local du MNH (MNS − MNT)","_modelId":"tree_deciduous","_scale":1.41,"_rotationZ":224},"geometry":{"type":"Point","coordinates":[5.3631655,43.3527234]}},{"type":"Feature","properties":{"type":"Arbre (LiDAR)","hauteur_m":9.6,"source":"LiDAR HD IGN — sommet local du MNH (MNS − MNT)","_modelId":"tree_deciduous","_scale":1.63,"_rotationZ":51},"geometry":{"type":"Point","coordinates":[5.3650075,43.3526786]}},{"type":"Feature","properties":{"type":"Arbre (LiDAR)","hauteur_m":13.9,"source":"LiDAR HD IGN — sommet local du MNH (MNS − MNT)","_modelId":"tree_deciduous","_scale":2.36,"_rotationZ":132},"geometry":{"type":"Point","coordinates":[5.363005,43.3527179]}},{"type":"Feature","properties":{"type":"Arbre (LiDAR)","hauteur_m":7.1,"source":"LiDAR HD IGN — sommet local du MNH (MNS − MNT)","_modelId":"tree_deciduous","_scale":1.2,"_rotationZ":76},"geometry":{"type":"Point","coordinates":[5.363356,43.3527057]}},{"type":"Feature","properties":{"type":"Arbre (LiDAR)","hauteur_m":4.1,"source":"LiDAR HD IGN — sommet local du MNH (MNS − MNT)","_modelId":"tree_deciduous","_scale":0.69,"_rotationZ":101},"geometry":{"type":"Point","coordinates":[5.3614458,43.3527429]}},{"type":"Feature","properties":{"type":"Arbre (LiDAR)","hauteur_m":7.7,"source":"LiDAR HD IGN — sommet local du MNH (MNS − MNT)","_modelId":"tree_deciduous","_scale":1.31,"_rotationZ":201},"geometry":{"type":"Point","coordinates":[5.3633926,43.3526959]}},{"type":"Feature","properties":{"type":"Arbre (LiDAR)","hauteur_m":6.4,"source":"LiDAR HD IGN — sommet local du MNH (MNS − MNT)","_modelId":"tree_deciduous","_scale":1.08,"_rotationZ":66},"geometry":{"type":"Point","coordinates":[5.3627574,43.3526963]}},{"type":"Feature","properties":{"type":"Arbre (LiDAR)","hauteur_m":10.9,"source":"LiDAR HD IGN — sommet local du MNH (MNS − MNT)","_modelId":"tree_deciduous","_scale":1.85,"_rotationZ":166},"geometry":{"type":"Point","coordinates":[5.3631949,43.3526867]}},{"type":"Feature","properties":{"type":"Arbre (LiDAR)","hauteur_m":6.9,"source":"LiDAR HD IGN — sommet local du MNH (MNS − MNT)","_modelId":"tree_deciduous","_scale":1.17,"_rotationZ":133},"geometry":{"type":"Point","coordinates":[5.3648029,43.3526516]}},{"type":"Feature","properties":{"type":"Arbre (LiDAR)","hauteur_m":10.7,"source":"LiDAR HD IGN — sommet local du MNH (MNS − MNT)","_modelId":"tree_deciduous","_scale":1.81,"_rotationZ":326},"geometry":{"type":"Point","coordinates":[5.365074,43.3526457]}},{"type":"Feature","properties":{"type":"Arbre (LiDAR)","hauteur_m":13.6,"source":"LiDAR HD IGN — sommet local du MNH (MNS − MNT)","_modelId":"tree_deciduous","_scale":2.31,"_rotationZ":53},"geometry":{"type":"Point","coordinates":[5.3630959,43.3526799]}},{"type":"Feature","properties":{"type":"Arbre (LiDAR)","hauteur_m":11.7,"source":"LiDAR HD IGN — sommet local du MNH (MNS − MNT)","_modelId":"tree_deciduous","_scale":1.98,"_rotationZ":162},"geometry":{"type":"Point","coordinates":[5.3631637,43.3526784]}},{"type":"Feature","properties":{"type":"Arbre (LiDAR)","hauteur_m":9.9,"source":"LiDAR HD IGN — sommet local du MNH (MNS − MNT)","_modelId":"tree_deciduous","_scale":1.68,"_rotationZ":127},"geometry":{"type":"Point","coordinates":[5.3649504,43.3526394]}},{"type":"Feature","properties":{"type":"Arbre (LiDAR)","hauteur_m":11.4,"source":"LiDAR HD IGN — sommet local du MNH (MNS − MNT)","_modelId":"tree_deciduous","_scale":1.93,"_rotationZ":338},"geometry":{"type":"Point","coordinates":[5.3632313,43.3526724]}},{"type":"Feature","properties":{"type":"Arbre (LiDAR)","hauteur_m":5.4,"source":"LiDAR HD IGN — sommet local du MNH (MNS − MNT)","_modelId":"tree_deciduous","_scale":0.92,"_rotationZ":107},"geometry":{"type":"Point","coordinates":[5.3651534,43.3526259]}},{"type":"Feature","properties":{"type":"Arbre (LiDAR)","hauteur_m":10.1,"source":"LiDAR HD IGN — sommet local du MNH (MNS − MNT)","_modelId":"tree_deciduous","_scale":1.71,"_rotationZ":351},"geometry":{"type":"Point","coordinates":[5.3650238,43.3526243]}},{"type":"Feature","properties":{"type":"Arbre (LiDAR)","hauteur_m":8.5,"source":"LiDAR HD IGN — sommet local du MNH (MNS − MNT)","_modelId":"tree_deciduous","_scale":1.44,"_rotationZ":52},"geometry":{"type":"Point","coordinates":[5.363286,43.3526532]}},{"type":"Feature","properties":{"type":"Arbre (LiDAR)","hauteur_m":13.4,"source":"LiDAR HD IGN — sommet local du MNH (MNS − MNT)","_modelId":"tree_deciduous","_scale":2.27,"_rotationZ":90},"geometry":{"type":"Point","coordinates":[5.3630883,43.352644]}},{"type":"Feature","properties":{"type":"Arbre (LiDAR)","hauteur_m":9.8,"source":"LiDAR HD IGN — sommet local du MNH (MNS − MNT)","_modelId":"tree_deciduous","_scale":1.66,"_rotationZ":84},"geometry":{"type":"Point","coordinates":[5.3650845,43.3526004]}},{"type":"Feature","properties":{"type":"Arbre (LiDAR)","hauteur_m":8.6,"source":"LiDAR HD IGN — sommet local du MNH (MNS − MNT)","_modelId":"tree_deciduous","_scale":1.46,"_rotationZ":106},"geometry":{"type":"Point","coordinates":[5.3647762,43.3526027]}},{"type":"Feature","properties":{"type":"Arbre (LiDAR)","hauteur_m":12.5,"source":"LiDAR HD IGN — sommet local du MNH (MNS − MNT)","_modelId":"tree_deciduous","_scale":2.12,"_rotationZ":37},"geometry":{"type":"Point","coordinates":[5.3624964,43.352648]}},{"type":"Feature","properties":{"type":"Arbre (LiDAR)","hauteur_m":5.6,"source":"LiDAR HD IGN — sommet local du MNH (MNS − MNT)","_modelId":"tree_deciduous","_scale":0.95,"_rotationZ":204},"geometry":{"type":"Point","coordinates":[5.3627429,43.3526426]}},{"type":"Feature","properties":{"type":"Arbre (LiDAR)","hauteur_m":6.4,"source":"LiDAR HD IGN — sommet local du MNH (MNS − MNT)","_modelId":"tree_deciduous","_scale":1.08,"_rotationZ":198},"geometry":{"type":"Point","coordinates":[5.3628723,43.3526398]}},{"type":"Feature","properties":{"type":"Arbre (LiDAR)","hauteur_m":12.9,"source":"LiDAR HD IGN — sommet local du MNH (MNS − MNT)","_modelId":"tree_deciduous","_scale":2.19,"_rotationZ":254},"geometry":{"type":"Point","coordinates":[5.3625515,43.3526378]}},{"type":"Feature","properties":{"type":"Arbre (LiDAR)","hauteur_m":9.2,"source":"LiDAR HD IGN — sommet local du MNH (MNS − MNT)","_modelId":"tree_deciduous","_scale":1.56,"_rotationZ":351},"geometry":{"type":"Point","coordinates":[5.3632046,43.3526235]}},{"type":"Feature","properties":{"type":"Arbre (LiDAR)","hauteur_m":8.3,"source":"LiDAR HD IGN — sommet local du MNH (MNS − MNT)","_modelId":"tree_deciduous","_scale":1.41,"_rotationZ":153},"geometry":{"type":"Point","coordinates":[5.364751,43.3525897]}},{"type":"Feature","properties":{"type":"Arbre (LiDAR)","hauteur_m":5.1,"source":"LiDAR HD IGN — sommet local du MNH (MNS − MNT)","_modelId":"tree_deciduous","_scale":0.86,"_rotationZ":185},"geometry":{"type":"Point","coordinates":[5.3649112,43.3525862]}},{"type":"Feature","properties":{"type":"Arbre (LiDAR)","hauteur_m":11,"source":"LiDAR HD IGN — sommet local du MNH (MNS − MNT)","_modelId":"tree_deciduous","_scale":1.86,"_rotationZ":295},"geometry":{"type":"Point","coordinates":[5.3613992,43.3526584]}},{"type":"Feature","properties":{"type":"Arbre (LiDAR)","hauteur_m":6.5,"source":"LiDAR HD IGN — sommet local du MNH (MNS − MNT)","_modelId":"tree_deciduous","_scale":1.1,"_rotationZ":312},"geometry":{"type":"Point","coordinates":[5.3619843,43.3526412]}},{"type":"Feature","properties":{"type":"Arbre (LiDAR)","hauteur_m":4.8,"source":"LiDAR HD IGN — sommet local du MNH (MNS − MNT)","_modelId":"tree_deciduous","_scale":0.81,"_rotationZ":89},"geometry":{"type":"Point","coordinates":[5.3619164,43.3526381]}},{"type":"Feature","properties":{"type":"Arbre (LiDAR)","hauteur_m":8.7,"source":"LiDAR HD IGN — sommet local du MNH (MNS − MNT)","_modelId":"tree_deciduous","_scale":1.47,"_rotationZ":167},"geometry":{"type":"Point","coordinates":[5.3631915,43.3526058]}},{"type":"Feature","properties":{"type":"Arbre (LiDAR)","hauteur_m":6.8,"source":"LiDAR HD IGN — sommet local du MNH (MNS − MNT)","_modelId":"tree_deciduous","_scale":1.15,"_rotationZ":319},"geometry":{"type":"Point","coordinates":[5.3627108,43.3526118]}},{"type":"Feature","properties":{"type":"Arbre (LiDAR)","hauteur_m":9.3,"source":"LiDAR HD IGN — sommet local du MNH (MNS − MNT)","_modelId":"tree_deciduous","_scale":1.58,"_rotationZ":185},"geometry":{"type":"Point","coordinates":[5.3631605,43.352602]}},{"type":"Feature","properties":{"type":"Arbre (LiDAR)","hauteur_m":9.6,"source":"LiDAR HD IGN — sommet local du MNH (MNS − MNT)","_modelId":"tree_deciduous","_scale":1.63,"_rotationZ":54},"geometry":{"type":"Point","coordinates":[5.3633269,43.3525983]}},{"type":"Feature","properties":{"type":"Arbre (LiDAR)","hauteur_m":13.7,"source":"LiDAR HD IGN — sommet local du MNH (MNS − MNT)","_modelId":"tree_deciduous","_scale":2.32,"_rotationZ":139},"geometry":{"type":"Point","coordinates":[5.3630741,43.3525994]}},{"type":"Feature","properties":{"type":"Arbre (LiDAR)","hauteur_m":12.5,"source":"LiDAR HD IGN — sommet local du MNH (MNS − MNT)","_modelId":"tree_deciduous","_scale":2.12,"_rotationZ":249},"geometry":{"type":"Point","coordinates":[5.3625256,43.3526068]}},{"type":"Feature","properties":{"type":"Arbre (LiDAR)","hauteur_m":8.9,"source":"LiDAR HD IGN — sommet local du MNH (MNS − MNT)","_modelId":"tree_deciduous","_scale":1.51,"_rotationZ":327},"geometry":{"type":"Point","coordinates":[5.3615702,43.3526187]}},{"type":"Feature","properties":{"type":"Arbre (LiDAR)","hauteur_m":4,"source":"LiDAR HD IGN — sommet local du MNH (MNS − MNT)","_modelId":"tree_deciduous","_scale":0.68,"_rotationZ":352},"geometry":{"type":"Point","coordinates":[5.361866,43.3526122]}},{"type":"Feature","properties":{"type":"Arbre (LiDAR)","hauteur_m":5.4,"source":"LiDAR HD IGN — sommet local du MNH (MNS − MNT)","_modelId":"tree_deciduous","_scale":0.92,"_rotationZ":291},"geometry":{"type":"Point","coordinates":[5.3634369,43.3525734]}},{"type":"Feature","properties":{"type":"Arbre (LiDAR)","hauteur_m":9.3,"source":"LiDAR HD IGN — sommet local du MNH (MNS − MNT)","_modelId":"tree_deciduous","_scale":1.58,"_rotationZ":357},"geometry":{"type":"Point","coordinates":[5.3613727,43.352614]}},{"type":"Feature","properties":{"type":"Arbre (LiDAR)","hauteur_m":15.4,"source":"LiDAR HD IGN — sommet local du MNH (MNS − MNT)","_modelId":"tree_deciduous","_scale":2.61,"_rotationZ":21},"geometry":{"type":"Point","coordinates":[5.3629066,43.352576]}},{"type":"Feature","properties":{"type":"Arbre (LiDAR)","hauteur_m":9.6,"source":"LiDAR HD IGN — sommet local du MNH (MNS − MNT)","_modelId":"tree_deciduous","_scale":1.63,"_rotationZ":179},"geometry":{"type":"Point","coordinates":[5.3626477,43.3525772]}},{"type":"Feature","properties":{"type":"Arbre (LiDAR)","hauteur_m":7.5,"source":"LiDAR HD IGN — sommet local du MNH (MNS − MNT)","_modelId":"tree_deciduous","_scale":1.27,"_rotationZ":237},"geometry":{"type":"Point","coordinates":[5.363233,43.3525644]}},{"type":"Feature","properties":{"type":"Arbre (LiDAR)","hauteur_m":5.5,"source":"LiDAR HD IGN — sommet local du MNH (MNS − MNT)","_modelId":"tree_deciduous","_scale":0.93,"_rotationZ":19},"geometry":{"type":"Point","coordinates":[5.3648903,43.3525282]}},{"type":"Feature","properties":{"type":"Arbre (LiDAR)","hauteur_m":4.7,"source":"LiDAR HD IGN — sommet local du MNH (MNS − MNT)","_modelId":"tree_deciduous","_scale":0.8,"_rotationZ":141},"geometry":{"type":"Point","coordinates":[5.3623514,43.3525701]}},{"type":"Feature","properties":{"type":"Arbre (LiDAR)","hauteur_m":6.6,"source":"LiDAR HD IGN — sommet local du MNH (MNS − MNT)","_modelId":"tree_deciduous","_scale":1.12,"_rotationZ":33},"geometry":{"type":"Point","coordinates":[5.3627211,43.3525621]}},{"type":"Feature","properties":{"type":"Arbre (LiDAR)","hauteur_m":4.6,"source":"LiDAR HD IGN — sommet local du MNH (MNS − MNT)","_modelId":"tree_deciduous","_scale":0.78,"_rotationZ":163},"geometry":{"type":"Point","coordinates":[5.3652471,43.3525069]}},{"type":"Feature","properties":{"type":"Arbre (LiDAR)","hauteur_m":8.7,"source":"LiDAR HD IGN — sommet local du MNH (MNS − MNT)","_modelId":"tree_deciduous","_scale":1.47,"_rotationZ":331},"geometry":{"type":"Point","coordinates":[5.3613346,43.3525878]}},{"type":"Feature","properties":{"type":"Arbre (LiDAR)","hauteur_m":10.5,"source":"LiDAR HD IGN — sommet local du MNH (MNS − MNT)","_modelId":"tree_deciduous","_scale":1.78,"_rotationZ":16},"geometry":{"type":"Point","coordinates":[5.3631335,43.3525441]}},{"type":"Feature","properties":{"type":"Arbre (LiDAR)","hauteur_m":4.5,"source":"LiDAR HD IGN — sommet local du MNH (MNS − MNT)","_modelId":"tree_deciduous","_scale":0.76,"_rotationZ":138},"geometry":{"type":"Point","coordinates":[5.3612476,43.3525717]}},{"type":"Feature","properties":{"type":"Arbre (LiDAR)","hauteur_m":7.3,"source":"LiDAR HD IGN — sommet local du MNH (MNS − MNT)","_modelId":"tree_deciduous","_scale":1.24,"_rotationZ":226},"geometry":{"type":"Point","coordinates":[5.3629358,43.3525349]}},{"type":"Feature","properties":{"type":"Arbre (LiDAR)","hauteur_m":11.1,"source":"LiDAR HD IGN — sommet local du MNH (MNS − MNT)","_modelId":"tree_deciduous","_scale":1.88,"_rotationZ":137},"geometry":{"type":"Point","coordinates":[5.36325,43.352528]}},{"type":"Feature","properties":{"type":"Arbre (LiDAR)","hauteur_m":5.4,"source":"LiDAR HD IGN — sommet local du MNH (MNS − MNT)","_modelId":"tree_deciduous","_scale":0.92,"_rotationZ":294},"geometry":{"type":"Point","coordinates":[5.3623441,43.3525433]}},{"type":"Feature","properties":{"type":"Arbre (LiDAR)","hauteur_m":4.4,"source":"LiDAR HD IGN — sommet local du MNH (MNS − MNT)","_modelId":"tree_deciduous","_scale":0.75,"_rotationZ":93},"geometry":{"type":"Point","coordinates":[5.3652397,43.3524755]}},{"type":"Feature","properties":{"type":"Arbre (LiDAR)","hauteur_m":6,"source":"LiDAR HD IGN — sommet local du MNH (MNS − MNT)","_modelId":"tree_deciduous","_scale":1.02,"_rotationZ":174},"geometry":{"type":"Point","coordinates":[5.3618509,43.3525451]}},{"type":"Feature","properties":{"type":"Arbre (LiDAR)","hauteur_m":4.4,"source":"LiDAR HD IGN — sommet local du MNH (MNS − MNT)","_modelId":"tree_deciduous","_scale":0.75,"_rotationZ":169},"geometry":{"type":"Point","coordinates":[5.365221,43.3524714]}},{"type":"Feature","properties":{"type":"Arbre (LiDAR)","hauteur_m":5.6,"source":"LiDAR HD IGN — sommet local du MNH (MNS − MNT)","_modelId":"tree_deciduous","_scale":0.95,"_rotationZ":172},"geometry":{"type":"Point","coordinates":[5.3610621,43.3525578]}},{"type":"Feature","properties":{"type":"Arbre (LiDAR)","hauteur_m":5.7,"source":"LiDAR HD IGN — sommet local du MNH (MNS − MNT)","_modelId":"tree_deciduous","_scale":0.97,"_rotationZ":104},"geometry":{"type":"Point","coordinates":[5.3615734,43.3525466]}},{"type":"Feature","properties":{"type":"Arbre (LiDAR)","hauteur_m":7.5,"source":"LiDAR HD IGN — sommet local du MNH (MNS − MNT)","_modelId":"tree_deciduous","_scale":1.27,"_rotationZ":207},"geometry":{"type":"Point","coordinates":[5.3625099,43.3525262]}},{"type":"Feature","properties":{"type":"Arbre (LiDAR)","hauteur_m":7.2,"source":"LiDAR HD IGN — sommet local du MNH (MNS − MNT)","_modelId":"tree_deciduous","_scale":1.22,"_rotationZ":296},"geometry":{"type":"Point","coordinates":[5.3629227,43.3525172]}},{"type":"Feature","properties":{"type":"Arbre (LiDAR)","hauteur_m":9.2,"source":"LiDAR HD IGN — sommet local du MNH (MNS − MNT)","_modelId":"tree_deciduous","_scale":1.56,"_rotationZ":223},"geometry":{"type":"Point","coordinates":[5.3628421,43.3525054]}},{"type":"Feature","properties":{"type":"Arbre (LiDAR)","hauteur_m":4.7,"source":"LiDAR HD IGN — sommet local du MNH (MNS − MNT)","_modelId":"tree_deciduous","_scale":0.8,"_rotationZ":184},"geometry":{"type":"Point","coordinates":[5.3622319,43.3525143]}},{"type":"Feature","properties":{"type":"Arbre (LiDAR)","hauteur_m":7.9,"source":"LiDAR HD IGN — sommet local du MNH (MNS − MNT)","_modelId":"tree_deciduous","_scale":1.34,"_rotationZ":303},"geometry":{"type":"Point","coordinates":[5.3624414,43.3525097]}},{"type":"Feature","properties":{"type":"Arbre (LiDAR)","hauteur_m":5.4,"source":"LiDAR HD IGN — sommet local du MNH (MNS − MNT)","_modelId":"tree_deciduous","_scale":0.92,"_rotationZ":185},"geometry":{"type":"Point","coordinates":[5.3626509,43.3525051]}},{"type":"Feature","properties":{"type":"Arbre (LiDAR)","hauteur_m":5,"source":"LiDAR HD IGN — sommet local du MNH (MNS − MNT)","_modelId":"tree_deciduous","_scale":0.85,"_rotationZ":308},"geometry":{"type":"Point","coordinates":[5.362164,43.3525112]}},{"type":"Feature","properties":{"type":"Arbre (LiDAR)","hauteur_m":14.2,"source":"LiDAR HD IGN — sommet local du MNH (MNS − MNT)","_modelId":"tree_deciduous","_scale":2.41,"_rotationZ":346},"geometry":{"type":"Point","coordinates":[5.3629894,43.3524887]}},{"type":"Feature","properties":{"type":"Arbre (LiDAR)","hauteur_m":8.7,"source":"LiDAR HD IGN — sommet local du MNH (MNS − MNT)","_modelId":"tree_deciduous","_scale":1.47,"_rotationZ":240},"geometry":{"type":"Point","coordinates":[5.3651086,43.3524379]}},{"type":"Feature","properties":{"type":"Arbre (LiDAR)","hauteur_m":4.8,"source":"LiDAR HD IGN — sommet local du MNH (MNS − MNT)","_modelId":"tree_deciduous","_scale":0.81,"_rotationZ":346},"geometry":{"type":"Point","coordinates":[5.3617568,43.3525066]}},{"type":"Feature","properties":{"type":"Arbre (LiDAR)","hauteur_m":7.3,"source":"LiDAR HD IGN — sommet local du MNH (MNS − MNT)","_modelId":"tree_deciduous","_scale":1.24,"_rotationZ":303},"geometry":{"type":"Point","coordinates":[5.3612391,43.3525134]}},{"type":"Feature","properties":{"type":"Arbre (LiDAR)","hauteur_m":7,"source":"LiDAR HD IGN — sommet local du MNH (MNS − MNT)","_modelId":"tree_deciduous","_scale":1.19,"_rotationZ":283},"geometry":{"type":"Point","coordinates":[5.3612822,43.3525125]}},{"type":"Feature","properties":{"type":"Arbre (LiDAR)","hauteur_m":8.3,"source":"LiDAR HD IGN — sommet local du MNH (MNS − MNT)","_modelId":"tree_deciduous","_scale":1.41,"_rotationZ":95},"geometry":{"type":"Point","coordinates":[5.3615348,43.352507]}},{"type":"Feature","properties":{"type":"Arbre (LiDAR)","hauteur_m":4.4,"source":"LiDAR HD IGN — sommet local du MNH (MNS − MNT)","_modelId":"tree_deciduous","_scale":0.75,"_rotationZ":248},"geometry":{"type":"Point","coordinates":[5.362576,43.3524842]}},{"type":"Feature","properties":{"type":"Arbre (LiDAR)","hauteur_m":5.4,"source":"LiDAR HD IGN — sommet local du MNH (MNS − MNT)","_modelId":"tree_deciduous","_scale":0.92,"_rotationZ":0},"geometry":{"type":"Point","coordinates":[5.3621812,43.3524794]}},{"type":"Feature","properties":{"type":"Arbre (LiDAR)","hauteur_m":12.2,"source":"LiDAR HD IGN — sommet local du MNH (MNS − MNT)","_modelId":"tree_deciduous","_scale":2.07,"_rotationZ":119},"geometry":{"type":"Point","coordinates":[5.3629562,43.3524309]}},{"type":"Feature","properties":{"type":"Arbre (LiDAR)","hauteur_m":6.2,"source":"LiDAR HD IGN — sommet local du MNH (MNS − MNT)","_modelId":"tree_deciduous","_scale":1.05,"_rotationZ":169},"geometry":{"type":"Point","coordinates":[5.3640152,43.3523898]}},{"type":"Feature","properties":{"type":"Arbre (LiDAR)","hauteur_m":4.1,"source":"LiDAR HD IGN — sommet local du MNH (MNS − MNT)","_modelId":"tree_deciduous","_scale":0.69,"_rotationZ":205},"geometry":{"type":"Point","coordinates":[5.3610761,43.3524495]}},{"type":"Feature","properties":{"type":"Arbre (LiDAR)","hauteur_m":4.7,"source":"LiDAR HD IGN — sommet local du MNH (MNS − MNT)","_modelId":"tree_deciduous","_scale":0.8,"_rotationZ":133},"geometry":{"type":"Point","coordinates":[5.3621605,43.3524258]}},{"type":"Feature","properties":{"type":"Arbre (LiDAR)","hauteur_m":8,"source":"LiDAR HD IGN — sommet local du MNH (MNS − MNT)","_modelId":"tree_deciduous","_scale":1.36,"_rotationZ":358},"geometry":{"type":"Point","coordinates":[5.3614333,43.3524372]}},{"type":"Feature","properties":{"type":"Arbre (LiDAR)","hauteur_m":6.2,"source":"LiDAR HD IGN — sommet local du MNH (MNS − MNT)","_modelId":"tree_deciduous","_scale":1.05,"_rotationZ":43},"geometry":{"type":"Point","coordinates":[5.363066,43.3524015]}},{"type":"Feature","properties":{"type":"Arbre (LiDAR)","hauteur_m":8,"source":"LiDAR HD IGN — sommet local du MNH (MNS − MNT)","_modelId":"tree_deciduous","_scale":1.36,"_rotationZ":274},"geometry":{"type":"Point","coordinates":[5.3630104,43.3523983]}},{"type":"Feature","properties":{"type":"Arbre (LiDAR)","hauteur_m":4.9,"source":"LiDAR HD IGN — sommet local du MNH (MNS − MNT)","_modelId":"tree_deciduous","_scale":0.83,"_rotationZ":321},"geometry":{"type":"Point","coordinates":[5.3621164,43.3524043]}},{"type":"Feature","properties":{"type":"Arbre (LiDAR)","hauteur_m":6.8,"source":"LiDAR HD IGN — sommet local du MNH (MNS − MNT)","_modelId":"tree_deciduous","_scale":1.15,"_rotationZ":318},"geometry":{"type":"Point","coordinates":[5.3615369,43.3524079]}},{"type":"Feature","properties":{"type":"Arbre (LiDAR)","hauteur_m":12.5,"source":"LiDAR HD IGN — sommet local du MNH (MNS − MNT)","_modelId":"tree_deciduous","_scale":2.12,"_rotationZ":352},"geometry":{"type":"Point","coordinates":[5.363151,43.3523682]}},{"type":"Feature","properties":{"type":"Arbre (LiDAR)","hauteur_m":4.8,"source":"LiDAR HD IGN — sommet local du MNH (MNS − MNT)","_modelId":"tree_deciduous","_scale":0.81,"_rotationZ":350},"geometry":{"type":"Point","coordinates":[5.361056,43.3524094]}},{"type":"Feature","properties":{"type":"Arbre (LiDAR)","hauteur_m":5.4,"source":"LiDAR HD IGN — sommet local du MNH (MNS − MNT)","_modelId":"tree_deciduous","_scale":0.92,"_rotationZ":140},"geometry":{"type":"Point","coordinates":[5.3613022,43.3523995]}},{"type":"Feature","properties":{"type":"Arbre (LiDAR)","hauteur_m":6.9,"source":"LiDAR HD IGN — sommet local du MNH (MNS − MNT)","_modelId":"tree_deciduous","_scale":1.17,"_rotationZ":130},"geometry":{"type":"Point","coordinates":[5.3615672,43.3523938]}},{"type":"Feature","properties":{"type":"Arbre (LiDAR)","hauteur_m":14.2,"source":"LiDAR HD IGN — sommet local du MNH (MNS − MNT)","_modelId":"tree_deciduous","_scale":2.41,"_rotationZ":196},"geometry":{"type":"Point","coordinates":[5.3628547,43.3523612]}},{"type":"Feature","properties":{"type":"Arbre (LiDAR)","hauteur_m":5.2,"source":"LiDAR HD IGN — sommet local du MNH (MNS − MNT)","_modelId":"tree_deciduous","_scale":0.88,"_rotationZ":249},"geometry":{"type":"Point","coordinates":[5.3621521,43.352372]}},{"type":"Feature","properties":{"type":"Arbre (LiDAR)","hauteur_m":11.2,"source":"LiDAR HD IGN — sommet local du MNH (MNS − MNT)","_modelId":"tree_deciduous","_scale":1.9,"_rotationZ":199},"geometry":{"type":"Point","coordinates":[5.3629406,43.3523503]}},{"type":"Feature","properties":{"type":"Arbre (LiDAR)","hauteur_m":5.6,"source":"LiDAR HD IGN — sommet local du MNH (MNS − MNT)","_modelId":"tree_deciduous","_scale":0.95,"_rotationZ":31},"geometry":{"type":"Point","coordinates":[5.3612584,43.3523825]}},{"type":"Feature","properties":{"type":"Arbre (LiDAR)","hauteur_m":12.7,"source":"LiDAR HD IGN — sommet local du MNH (MNS − MNT)","_modelId":"tree_deciduous","_scale":2.15,"_rotationZ":141},"geometry":{"type":"Point","coordinates":[5.3631745,43.3523407]}},{"type":"Feature","properties":{"type":"Arbre (LiDAR)","hauteur_m":5.4,"source":"LiDAR HD IGN — sommet local du MNH (MNS − MNT)","_modelId":"tree_deciduous","_scale":0.92,"_rotationZ":335},"geometry":{"type":"Point","coordinates":[5.3612272,43.3523742]}},{"type":"Feature","properties":{"type":"Arbre (LiDAR)","hauteur_m":9.6,"source":"LiDAR HD IGN — sommet local du MNH (MNS − MNT)","_modelId":"tree_deciduous","_scale":1.63,"_rotationZ":34},"geometry":{"type":"Point","coordinates":[5.3630817,43.3523337]}},{"type":"Feature","properties":{"type":"Arbre (LiDAR)","hauteur_m":8.1,"source":"LiDAR HD IGN — sommet local du MNH (MNS − MNT)","_modelId":"tree_deciduous","_scale":1.37,"_rotationZ":124},"geometry":{"type":"Point","coordinates":[5.3633097,43.3523287]}},{"type":"Feature","properties":{"type":"Arbre (LiDAR)","hauteur_m":4.8,"source":"LiDAR HD IGN — sommet local du MNH (MNS − MNT)","_modelId":"tree_deciduous","_scale":0.81,"_rotationZ":210},"geometry":{"type":"Point","coordinates":[5.3611897,43.3523615]}},{"type":"Feature","properties":{"type":"Arbre (LiDAR)","hauteur_m":5.5,"source":"LiDAR HD IGN — sommet local du MNH (MNS − MNT)","_modelId":"tree_deciduous","_scale":0.93,"_rotationZ":112},"geometry":{"type":"Point","coordinates":[5.3621385,43.3523408]}},{"type":"Feature","properties":{"type":"Arbre (LiDAR)","hauteur_m":4.6,"source":"LiDAR HD IGN — sommet local du MNH (MNS − MNT)","_modelId":"tree_deciduous","_scale":0.78,"_rotationZ":130},"geometry":{"type":"Point","coordinates":[5.3611647,43.3523531]}},{"type":"Feature","properties":{"type":"Arbre (LiDAR)","hauteur_m":4.3,"source":"LiDAR HD IGN — sommet local du MNH (MNS − MNT)","_modelId":"tree_deciduous","_scale":0.73,"_rotationZ":5},"geometry":{"type":"Point","coordinates":[5.3611335,43.3523447]}},{"type":"Feature","properties":{"type":"Arbre (LiDAR)","hauteur_m":10.1,"source":"LiDAR HD IGN — sommet local du MNH (MNS − MNT)","_modelId":"tree_deciduous","_scale":1.71,"_rotationZ":318},"geometry":{"type":"Point","coordinates":[5.3628155,43.352308]}},{"type":"Feature","properties":{"type":"Arbre (LiDAR)","hauteur_m":7.7,"source":"LiDAR HD IGN — sommet local du MNH (MNS − MNT)","_modelId":"tree_deciduous","_scale":1.31,"_rotationZ":194},"geometry":{"type":"Point","coordinates":[5.3633577,43.3522962]}},{"type":"Feature","properties":{"type":"Arbre (LiDAR)","hauteur_m":4.1,"source":"LiDAR HD IGN — sommet local du MNH (MNS − MNT)","_modelId":"tree_deciduous","_scale":0.69,"_rotationZ":118},"geometry":{"type":"Point","coordinates":[5.3611025,43.3523409]}},{"type":"Feature","properties":{"type":"Arbre (LiDAR)","hauteur_m":4.7,"source":"LiDAR HD IGN — sommet local du MNH (MNS − MNT)","_modelId":"tree_deciduous","_scale":0.8,"_rotationZ":206},"geometry":{"type":"Point","coordinates":[5.3614229,43.3523339]}},{"type":"Feature","properties":{"type":"Arbre (LiDAR)","hauteur_m":8.3,"source":"LiDAR HD IGN — sommet local du MNH (MNS − MNT)","_modelId":"tree_deciduous","_scale":1.41,"_rotationZ":59},"geometry":{"type":"Point","coordinates":[5.3630309,43.3522988]}},{"type":"Feature","properties":{"type":"Arbre (LiDAR)","hauteur_m":10.2,"source":"LiDAR HD IGN — sommet local du MNH (MNS − MNT)","_modelId":"tree_deciduous","_scale":1.73,"_rotationZ":273},"geometry":{"type":"Point","coordinates":[5.3630864,43.3522976]}},{"type":"Feature","properties":{"type":"Arbre (LiDAR)","hauteur_m":12.7,"source":"LiDAR HD IGN — sommet local du MNH (MNS − MNT)","_modelId":"tree_deciduous","_scale":2.15,"_rotationZ":83},"geometry":{"type":"Point","coordinates":[5.3628891,43.3522974]}},{"type":"Feature","properties":{"type":"Arbre (LiDAR)","hauteur_m":4.1,"source":"LiDAR HD IGN — sommet local du MNH (MNS − MNT)","_modelId":"tree_deciduous","_scale":0.69,"_rotationZ":52},"geometry":{"type":"Point","coordinates":[5.3610713,43.3523326]}},{"type":"Feature","properties":{"type":"Arbre (LiDAR)","hauteur_m":4.4,"source":"LiDAR HD IGN — sommet local du MNH (MNS − MNT)","_modelId":"tree_deciduous","_scale":0.75,"_rotationZ":239},"geometry":{"type":"Point","coordinates":[5.3613729,43.352317]}},{"type":"Feature","properties":{"type":"Arbre (LiDAR)","hauteur_m":8.9,"source":"LiDAR HD IGN — sommet local du MNH (MNS − MNT)","_modelId":"tree_deciduous","_scale":1.51,"_rotationZ":177},"geometry":{"type":"Point","coordinates":[5.3633131,43.3522611]}},{"type":"Feature","properties":{"type":"Arbre (LiDAR)","hauteur_m":11.6,"source":"LiDAR HD IGN — sommet local du MNH (MNS − MNT)","_modelId":"tree_deciduous","_scale":1.97,"_rotationZ":90},"geometry":{"type":"Point","coordinates":[5.3628693,43.3522663]}},{"type":"Feature","properties":{"type":"Arbre (LiDAR)","hauteur_m":5.3,"source":"LiDAR HD IGN — sommet local du MNH (MNS − MNT)","_modelId":"tree_deciduous","_scale":0.9,"_rotationZ":342},"geometry":{"type":"Point","coordinates":[5.3612734,43.3522967]}},{"type":"Feature","properties":{"type":"Arbre (LiDAR)","hauteur_m":4.4,"source":"LiDAR HD IGN — sommet local du MNH (MNS − MNT)","_modelId":"tree_deciduous","_scale":0.75,"_rotationZ":340},"geometry":{"type":"Point","coordinates":[5.3613533,43.3522904]}},{"type":"Feature","properties":{"type":"Arbre (LiDAR)","hauteur_m":5.7,"source":"LiDAR HD IGN — sommet local du MNH (MNS − MNT)","_modelId":"tree_deciduous","_scale":0.97,"_rotationZ":206},"geometry":{"type":"Point","coordinates":[5.3612976,43.3522871]}},{"type":"Feature","properties":{"type":"Arbre (LiDAR)","hauteur_m":10.8,"source":"LiDAR HD IGN — sommet local du MNH (MNS − MNT)","_modelId":"tree_deciduous","_scale":1.83,"_rotationZ":104},"geometry":{"type":"Point","coordinates":[5.3628071,43.3522542]}},{"type":"Feature","properties":{"type":"Arbre (LiDAR)","hauteur_m":4.2,"source":"LiDAR HD IGN — sommet local du MNH (MNS − MNT)","_modelId":"tree_deciduous","_scale":0.71,"_rotationZ":229},"geometry":{"type":"Point","coordinates":[5.3616669,43.3522701]}},{"type":"Feature","properties":{"type":"Arbre (LiDAR)","hauteur_m":4.1,"source":"LiDAR HD IGN — sommet local du MNH (MNS − MNT)","_modelId":"tree_deciduous","_scale":0.69,"_rotationZ":93},"geometry":{"type":"Point","coordinates":[5.362671,43.3522437]}},{"type":"Feature","properties":{"type":"Arbre (LiDAR)","hauteur_m":6,"source":"LiDAR HD IGN — sommet local du MNH (MNS − MNT)","_modelId":"tree_deciduous","_scale":1.02,"_rotationZ":173},"geometry":{"type":"Point","coordinates":[5.3613154,43.3522688]}},{"type":"Feature","properties":{"type":"Arbre (LiDAR)","hauteur_m":15.6,"source":"LiDAR HD IGN — sommet local du MNH (MNS − MNT)","_modelId":"tree_deciduous","_scale":2.64,"_rotationZ":262},"geometry":{"type":"Point","coordinates":[5.363003,43.3522184]}},{"type":"Feature","properties":{"type":"Arbre (LiDAR)","hauteur_m":9,"source":"LiDAR HD IGN — sommet local du MNH (MNS − MNT)","_modelId":"tree_deciduous","_scale":1.53,"_rotationZ":323},"geometry":{"type":"Point","coordinates":[5.3632123,43.3522093]}},{"type":"Feature","properties":{"type":"Arbre (LiDAR)","hauteur_m":6.5,"source":"LiDAR HD IGN — sommet local du MNH (MNS − MNT)","_modelId":"tree_deciduous","_scale":1.1,"_rotationZ":179},"geometry":{"type":"Point","coordinates":[5.3653009,43.3521637]}},{"type":"Feature","properties":{"type":"Arbre (LiDAR)","hauteur_m":9.3,"source":"LiDAR HD IGN — sommet local du MNH (MNS − MNT)","_modelId":"tree_deciduous","_scale":1.58,"_rotationZ":18},"geometry":{"type":"Point","coordinates":[5.3628917,43.3522118]}},{"type":"Feature","properties":{"type":"Arbre (LiDAR)","hauteur_m":6.1,"source":"LiDAR HD IGN — sommet local du MNH (MNS − MNT)","_modelId":"tree_deciduous","_scale":1.03,"_rotationZ":344},"geometry":{"type":"Point","coordinates":[5.3612586,43.3522385]}},{"type":"Feature","properties":{"type":"Arbre (LiDAR)","hauteur_m":8.3,"source":"LiDAR HD IGN — sommet local du MNH (MNS − MNT)","_modelId":"tree_deciduous","_scale":1.41,"_rotationZ":196},"geometry":{"type":"Point","coordinates":[5.3632543,43.3521814]}},{"type":"Feature","properties":{"type":"Arbre (LiDAR)","hauteur_m":8.4,"source":"LiDAR HD IGN — sommet local du MNH (MNS − MNT)","_modelId":"tree_deciduous","_scale":1.42,"_rotationZ":98},"geometry":{"type":"Point","coordinates":[5.3620342,43.3522036]}},{"type":"Feature","properties":{"type":"Arbre (LiDAR)","hauteur_m":4.2,"source":"LiDAR HD IGN — sommet local du MNH (MNS − MNT)","_modelId":"tree_deciduous","_scale":0.71,"_rotationZ":300},"geometry":{"type":"Point","coordinates":[5.3612941,43.3522017]}},{"type":"Feature","properties":{"type":"Arbre (LiDAR)","hauteur_m":16.4,"source":"LiDAR HD IGN — sommet local du MNH (MNS − MNT)","_modelId":"tree_deciduous","_scale":2.78,"_rotationZ":345},"geometry":{"type":"Point","coordinates":[5.3610968,43.3522015]}},{"type":"Feature","properties":{"type":"Arbre (LiDAR)","hauteur_m":12.4,"source":"LiDAR HD IGN — sommet local du MNH (MNS − MNT)","_modelId":"tree_deciduous","_scale":2.1,"_rotationZ":100},"geometry":{"type":"Point","coordinates":[5.362871,43.3521583]}},{"type":"Feature","properties":{"type":"Arbre (LiDAR)","hauteur_m":6.9,"source":"LiDAR HD IGN — sommet local du MNH (MNS − MNT)","_modelId":"tree_deciduous","_scale":1.17,"_rotationZ":169},"geometry":{"type":"Point","coordinates":[5.3632033,43.352142]}},{"type":"Feature","properties":{"type":"Arbre (LiDAR)","hauteur_m":10.7,"source":"LiDAR HD IGN — sommet local du MNH (MNS − MNT)","_modelId":"tree_deciduous","_scale":1.81,"_rotationZ":257},"geometry":{"type":"Point","coordinates":[5.3612006,43.3521768]}},{"type":"Feature","properties":{"type":"Arbre (LiDAR)","hauteur_m":9.9,"source":"LiDAR HD IGN — sommet local du MNH (MNS − MNT)","_modelId":"tree_deciduous","_scale":1.68,"_rotationZ":83},"geometry":{"type":"Point","coordinates":[5.3620077,43.3521591]}},{"type":"Feature","properties":{"type":"Arbre (LiDAR)","hauteur_m":7.4,"source":"LiDAR HD IGN — sommet local du MNH (MNS − MNT)","_modelId":"tree_deciduous","_scale":1.25,"_rotationZ":326},"geometry":{"type":"Point","coordinates":[5.3629997,43.3521375]}},{"type":"Feature","properties":{"type":"Arbre (LiDAR)","hauteur_m":16.6,"source":"LiDAR HD IGN — sommet local du MNH (MNS − MNT)","_modelId":"tree_deciduous","_scale":2.81,"_rotationZ":188},"geometry":{"type":"Point","coordinates":[5.3610587,43.3521754]}},{"type":"Feature","properties":{"type":"Arbre (LiDAR)","hauteur_m":6.8,"source":"LiDAR HD IGN — sommet local du MNH (MNS − MNT)","_modelId":"tree_deciduous","_scale":1.15,"_rotationZ":341},"geometry":{"type":"Point","coordinates":[5.3632089,43.3521284]}},{"type":"Feature","properties":{"type":"Arbre (LiDAR)","hauteur_m":6.9,"source":"LiDAR HD IGN — sommet local du MNH (MNS − MNT)","_modelId":"tree_deciduous","_scale":1.17,"_rotationZ":262},"geometry":{"type":"Point","coordinates":[5.3639106,43.3520951]}},{"type":"Feature","properties":{"type":"Arbre (LiDAR)","hauteur_m":12.2,"source":"LiDAR HD IGN — sommet local du MNH (MNS − MNT)","_modelId":"tree_deciduous","_scale":2.07,"_rotationZ":139},"geometry":{"type":"Point","coordinates":[5.3631029,43.3520992]}},{"type":"Feature","properties":{"type":"Arbre (LiDAR)","hauteur_m":7.1,"source":"LiDAR HD IGN — sommet local du MNH (MNS − MNT)","_modelId":"tree_deciduous","_scale":1.2,"_rotationZ":232},"geometry":{"type":"Point","coordinates":[5.3640517,43.3520785]}},{"type":"Feature","properties":{"type":"Arbre (LiDAR)","hauteur_m":7,"source":"LiDAR HD IGN — sommet local du MNH (MNS − MNT)","_modelId":"tree_deciduous","_scale":1.19,"_rotationZ":17},"geometry":{"type":"Point","coordinates":[5.3640885,43.3520732]}},{"type":"Feature","properties":{"type":"Arbre (LiDAR)","hauteur_m":5,"source":"LiDAR HD IGN — sommet local du MNH (MNS − MNT)","_modelId":"tree_deciduous","_scale":0.85,"_rotationZ":350},"geometry":{"type":"Point","coordinates":[5.3632258,43.3520875]}},{"type":"Feature","properties":{"type":"Arbre (LiDAR)","hauteur_m":4.1,"source":"LiDAR HD IGN — sommet local du MNH (MNS − MNT)","_modelId":"tree_deciduous","_scale":0.69,"_rotationZ":35},"geometry":{"type":"Point","coordinates":[5.361328,43.3521245]}},{"type":"Feature","properties":{"type":"Arbre (LiDAR)","hauteur_m":8.1,"source":"LiDAR HD IGN — sommet local du MNH (MNS − MNT)","_modelId":"tree_deciduous","_scale":1.37,"_rotationZ":245},"geometry":{"type":"Point","coordinates":[5.3626773,43.352095]}},{"type":"Feature","properties":{"type":"Arbre (LiDAR)","hauteur_m":4.3,"source":"LiDAR HD IGN — sommet local du MNH (MNS − MNT)","_modelId":"tree_deciduous","_scale":0.73,"_rotationZ":294},"geometry":{"type":"Point","coordinates":[5.3632749,43.352082]}},{"type":"Feature","properties":{"type":"Arbre (LiDAR)","hauteur_m":7.2,"source":"LiDAR HD IGN — sommet local du MNH (MNS − MNT)","_modelId":"tree_deciduous","_scale":1.22,"_rotationZ":283},"geometry":{"type":"Point","coordinates":[5.3641744,43.3520623]}},{"type":"Feature","properties":{"type":"Arbre (LiDAR)","hauteur_m":6.4,"source":"LiDAR HD IGN — sommet local du MNH (MNS − MNT)","_modelId":"tree_deciduous","_scale":1.08,"_rotationZ":275},"geometry":{"type":"Point","coordinates":[5.3633486,43.3520759]}},{"type":"Feature","properties":{"type":"Arbre (LiDAR)","hauteur_m":6.5,"source":"LiDAR HD IGN — sommet local du MNH (MNS − MNT)","_modelId":"tree_deciduous","_scale":1.1,"_rotationZ":312},"geometry":{"type":"Point","coordinates":[5.3633477,43.3520534]}},{"type":"Feature","properties":{"type":"Arbre (LiDAR)","hauteur_m":4.8,"source":"LiDAR HD IGN — sommet local du MNH (MNS − MNT)","_modelId":"tree_deciduous","_scale":0.81,"_rotationZ":304},"geometry":{"type":"Point","coordinates":[5.361567,43.3520878]}},{"type":"Feature","properties":{"type":"Arbre (LiDAR)","hauteur_m":14.8,"source":"LiDAR HD IGN — sommet local du MNH (MNS − MNT)","_modelId":"tree_deciduous","_scale":2.51,"_rotationZ":57},"geometry":{"type":"Point","coordinates":[5.3629777,43.3520525]}},{"type":"Feature","properties":{"type":"Arbre (LiDAR)","hauteur_m":8.4,"source":"LiDAR HD IGN — sommet local du MNH (MNS − MNT)","_modelId":"tree_deciduous","_scale":1.42,"_rotationZ":286},"geometry":{"type":"Point","coordinates":[5.3651094,43.3520059]}},{"type":"Feature","properties":{"type":"Arbre (LiDAR)","hauteur_m":14,"source":"LiDAR HD IGN — sommet local du MNH (MNS − MNT)","_modelId":"tree_deciduous","_scale":2.37,"_rotationZ":260},"geometry":{"type":"Point","coordinates":[5.3629155,43.3520403]}},{"type":"Feature","properties":{"type":"Arbre (LiDAR)","hauteur_m":4.3,"source":"LiDAR HD IGN — sommet local du MNH (MNS − MNT)","_modelId":"tree_deciduous","_scale":0.73,"_rotationZ":210},"geometry":{"type":"Point","coordinates":[5.3632294,43.3520245]}},{"type":"Feature","properties":{"type":"Arbre (LiDAR)","hauteur_m":4.6,"source":"LiDAR HD IGN — sommet local du MNH (MNS − MNT)","_modelId":"tree_deciduous","_scale":0.78,"_rotationZ":245},"geometry":{"type":"Point","coordinates":[5.361159,43.3520652]}},{"type":"Feature","properties":{"type":"Arbre (LiDAR)","hauteur_m":10.4,"source":"LiDAR HD IGN — sommet local du MNH (MNS − MNT)","_modelId":"tree_deciduous","_scale":1.76,"_rotationZ":233},"geometry":{"type":"Point","coordinates":[5.3619908,43.352047]}},{"type":"Feature","properties":{"type":"Arbre (LiDAR)","hauteur_m":4.4,"source":"LiDAR HD IGN — sommet local du MNH (MNS − MNT)","_modelId":"tree_deciduous","_scale":0.75,"_rotationZ":348},"geometry":{"type":"Point","coordinates":[5.3621198,43.3520352]}},{"type":"Feature","properties":{"type":"Arbre (LiDAR)","hauteur_m":12.2,"source":"LiDAR HD IGN — sommet local du MNH (MNS − MNT)","_modelId":"tree_deciduous","_scale":2.07,"_rotationZ":214},"geometry":{"type":"Point","coordinates":[5.3630186,43.3519976]}},{"type":"Feature","properties":{"type":"Arbre (LiDAR)","hauteur_m":8.9,"source":"LiDAR HD IGN — sommet local du MNH (MNS − MNT)","_modelId":"tree_deciduous","_scale":1.51,"_rotationZ":116},"geometry":{"type":"Point","coordinates":[5.3611144,43.3520301]}},{"type":"Feature","properties":{"type":"Arbre (LiDAR)","hauteur_m":12.3,"source":"LiDAR HD IGN — sommet local du MNH (MNS − MNT)","_modelId":"tree_deciduous","_scale":2.08,"_rotationZ":146},"geometry":{"type":"Point","coordinates":[5.362901,43.3519866]}},{"type":"Feature","properties":{"type":"Arbre (LiDAR)","hauteur_m":5.4,"source":"LiDAR HD IGN — sommet local du MNH (MNS − MNT)","_modelId":"tree_deciduous","_scale":0.92,"_rotationZ":116},"geometry":{"type":"Point","coordinates":[5.363283,43.3519783]}},{"type":"Feature","properties":{"type":"Arbre (LiDAR)","hauteur_m":5.8,"source":"LiDAR HD IGN — sommet local du MNH (MNS − MNT)","_modelId":"tree_deciduous","_scale":0.98,"_rotationZ":124},"geometry":{"type":"Point","coordinates":[5.365273,43.3519348]}},{"type":"Feature","properties":{"type":"Arbre (LiDAR)","hauteur_m":14.2,"source":"LiDAR HD IGN — sommet local du MNH (MNS − MNT)","_modelId":"tree_deciduous","_scale":2.41,"_rotationZ":13},"geometry":{"type":"Point","coordinates":[5.3629805,43.3519714]}},{"type":"Feature","properties":{"type":"Arbre (LiDAR)","hauteur_m":4.6,"source":"LiDAR HD IGN — sommet local du MNH (MNS − MNT)","_modelId":"tree_deciduous","_scale":0.78,"_rotationZ":193},"geometry":{"type":"Point","coordinates":[5.3614031,43.3520013]}},{"type":"Feature","properties":{"type":"Arbre (LiDAR)","hauteur_m":11.8,"source":"LiDAR HD IGN — sommet local du MNH (MNS − MNT)","_modelId":"tree_deciduous","_scale":2,"_rotationZ":93},"geometry":{"type":"Point","coordinates":[5.3637495,43.3519276]}},{"type":"Feature","properties":{"type":"Arbre (LiDAR)","hauteur_m":4.2,"source":"LiDAR HD IGN — sommet local du MNH (MNS − MNT)","_modelId":"tree_deciduous","_scale":0.71,"_rotationZ":255},"geometry":{"type":"Point","coordinates":[5.3626896,43.3519463]}},{"type":"Feature","properties":{"type":"Arbre (LiDAR)","hauteur_m":8.2,"source":"LiDAR HD IGN — sommet local du MNH (MNS − MNT)","_modelId":"tree_deciduous","_scale":1.39,"_rotationZ":194},"geometry":{"type":"Point","coordinates":[5.3632624,43.3519292]}},{"type":"Feature","properties":{"type":"Arbre (LiDAR)","hauteur_m":4.7,"source":"LiDAR HD IGN — sommet local du MNH (MNS − MNT)","_modelId":"tree_deciduous","_scale":0.8,"_rotationZ":314},"geometry":{"type":"Point","coordinates":[5.3652525,43.3518857]}},{"type":"Feature","properties":{"type":"Arbre (LiDAR)","hauteur_m":8.4,"source":"LiDAR HD IGN — sommet local du MNH (MNS − MNT)","_modelId":"tree_deciduous","_scale":1.42,"_rotationZ":274},"geometry":{"type":"Point","coordinates":[5.3610689,43.3519726]}},{"type":"Feature","properties":{"type":"Arbre (LiDAR)","hauteur_m":5.4,"source":"LiDAR HD IGN — sommet local du MNH (MNS − MNT)","_modelId":"tree_deciduous","_scale":0.92,"_rotationZ":253},"geometry":{"type":"Point","coordinates":[5.3653014,43.3518757]}},{"type":"Feature","properties":{"type":"Arbre (LiDAR)","hauteur_m":8.4,"source":"LiDAR HD IGN — sommet local du MNH (MNS − MNT)","_modelId":"tree_deciduous","_scale":1.42,"_rotationZ":179},"geometry":{"type":"Point","coordinates":[5.3610807,43.3519589]}},{"type":"Feature","properties":{"type":"Arbre (LiDAR)","hauteur_m":9.5,"source":"LiDAR HD IGN — sommet local du MNH (MNS − MNT)","_modelId":"tree_deciduous","_scale":1.61,"_rotationZ":88},"geometry":{"type":"Point","coordinates":[5.3631939,43.3519127]}},{"type":"Feature","properties":{"type":"Arbre (LiDAR)","hauteur_m":8,"source":"LiDAR HD IGN — sommet local du MNH (MNS − MNT)","_modelId":"tree_deciduous","_scale":1.36,"_rotationZ":330},"geometry":{"type":"Point","coordinates":[5.3632738,43.3519065]}},{"type":"Feature","properties":{"type":"Arbre (LiDAR)","hauteur_m":5,"source":"LiDAR HD IGN — sommet local du MNH (MNS − MNT)","_modelId":"tree_deciduous","_scale":0.85,"_rotationZ":88},"geometry":{"type":"Point","coordinates":[5.3613822,43.3519433]}},{"type":"Feature","properties":{"type":"Arbre (LiDAR)","hauteur_m":4.2,"source":"LiDAR HD IGN — sommet local du MNH (MNS − MNT)","_modelId":"tree_deciduous","_scale":0.71,"_rotationZ":150},"geometry":{"type":"Point","coordinates":[5.3613389,43.3519397]}},{"type":"Feature","properties":{"type":"Arbre (LiDAR)","hauteur_m":24,"source":"LiDAR HD IGN — sommet local du MNH (MNS − MNT)","_modelId":"tree_deciduous","_scale":4.07,"_rotationZ":241},"geometry":{"type":"Point","coordinates":[5.3630143,43.3518942]}},{"type":"Feature","properties":{"type":"Arbre (LiDAR)","hauteur_m":6.9,"source":"LiDAR HD IGN — sommet local du MNH (MNS − MNT)","_modelId":"tree_deciduous","_scale":1.17,"_rotationZ":95},"geometry":{"type":"Point","coordinates":[5.3628601,43.351893]}},{"type":"Feature","properties":{"type":"Arbre (LiDAR)","hauteur_m":11.1,"source":"LiDAR HD IGN — sommet local du MNH (MNS − MNT)","_modelId":"tree_deciduous","_scale":1.88,"_rotationZ":234},"geometry":{"type":"Point","coordinates":[5.3650227,43.3518458]}},{"type":"Feature","properties":{"type":"Arbre (LiDAR)","hauteur_m":6.2,"source":"LiDAR HD IGN — sommet local du MNH (MNS − MNT)","_modelId":"tree_deciduous","_scale":1.05,"_rotationZ":6},"geometry":{"type":"Point","coordinates":[5.3615045,43.3519181]}},{"type":"Feature","properties":{"type":"Arbre (LiDAR)","hauteur_m":8.1,"source":"LiDAR HD IGN — sommet local du MNH (MNS − MNT)","_modelId":"tree_deciduous","_scale":1.37,"_rotationZ":12},"geometry":{"type":"Point","coordinates":[5.3619728,43.3519079]}},{"type":"Feature","properties":{"type":"Arbre (LiDAR)","hauteur_m":7.1,"source":"LiDAR HD IGN — sommet local du MNH (MNS − MNT)","_modelId":"tree_deciduous","_scale":1.2,"_rotationZ":102},"geometry":{"type":"Point","coordinates":[5.3632479,43.3518756]}},{"type":"Feature","properties":{"type":"Arbre (LiDAR)","hauteur_m":6.3,"source":"LiDAR HD IGN — sommet local du MNH (MNS − MNT)","_modelId":"tree_deciduous","_scale":1.07,"_rotationZ":278},"geometry":{"type":"Point","coordinates":[5.365293,43.3518219]}},{"type":"Feature","properties":{"type":"Arbre (LiDAR)","hauteur_m":17.1,"source":"LiDAR HD IGN — sommet local du MNH (MNS − MNT)","_modelId":"tree_deciduous","_scale":2.9,"_rotationZ":40},"geometry":{"type":"Point","coordinates":[5.3637957,43.3518501]}},{"type":"Feature","properties":{"type":"Arbre (LiDAR)","hauteur_m":4.3,"source":"LiDAR HD IGN — sommet local du MNH (MNS − MNT)","_modelId":"tree_deciduous","_scale":0.73,"_rotationZ":314},"geometry":{"type":"Point","coordinates":[5.3627291,43.3518554]}},{"type":"Feature","properties":{"type":"Arbre (LiDAR)","hauteur_m":4.3,"source":"LiDAR HD IGN — sommet local du MNH (MNS − MNT)","_modelId":"tree_deciduous","_scale":0.73,"_rotationZ":132},"geometry":{"type":"Point","coordinates":[5.3627838,43.3518362]}},{"type":"Feature","properties":{"type":"Arbre (LiDAR)","hauteur_m":6.2,"source":"LiDAR HD IGN — sommet local du MNH (MNS − MNT)","_modelId":"tree_deciduous","_scale":1.05,"_rotationZ":355},"geometry":{"type":"Point","coordinates":[5.3651805,43.3517838]}},{"type":"Feature","properties":{"type":"Arbre (LiDAR)","hauteur_m":5.6,"source":"LiDAR HD IGN — sommet local du MNH (MNS − MNT)","_modelId":"tree_deciduous","_scale":0.95,"_rotationZ":61},"geometry":{"type":"Point","coordinates":[5.3649152,43.3517806]}},{"type":"Feature","properties":{"type":"Arbre (LiDAR)","hauteur_m":5.2,"source":"LiDAR HD IGN — sommet local du MNH (MNS − MNT)","_modelId":"tree_deciduous","_scale":0.88,"_rotationZ":304},"geometry":{"type":"Point","coordinates":[5.3614708,43.3518469]}},{"type":"Feature","properties":{"type":"Arbre (LiDAR)","hauteur_m":5.4,"source":"LiDAR HD IGN — sommet local du MNH (MNS − MNT)","_modelId":"tree_deciduous","_scale":0.92,"_rotationZ":329},"geometry":{"type":"Point","coordinates":[5.3650873,43.3517679]}},{"type":"Feature","properties":{"type":"Arbre (LiDAR)","hauteur_m":6.3,"source":"LiDAR HD IGN — sommet local du MNH (MNS − MNT)","_modelId":"tree_deciduous","_scale":1.07,"_rotationZ":192},"geometry":{"type":"Point","coordinates":[5.3650192,43.3517603]}},{"type":"Feature","properties":{"type":"Arbre (LiDAR)","hauteur_m":4.5,"source":"LiDAR HD IGN — sommet local du MNH (MNS − MNT)","_modelId":"tree_deciduous","_scale":0.76,"_rotationZ":30},"geometry":{"type":"Point","coordinates":[5.3614948,43.3518328]}},{"type":"Feature","properties":{"type":"Arbre (LiDAR)","hauteur_m":6.3,"source":"LiDAR HD IGN — sommet local du MNH (MNS − MNT)","_modelId":"tree_deciduous","_scale":1.07,"_rotationZ":317},"geometry":{"type":"Point","coordinates":[5.3649882,43.3517565]}},{"type":"Feature","properties":{"type":"Arbre (LiDAR)","hauteur_m":5.7,"source":"LiDAR HD IGN — sommet local du MNH (MNS − MNT)","_modelId":"tree_deciduous","_scale":0.97,"_rotationZ":253},"geometry":{"type":"Point","coordinates":[5.3626961,43.3518021]}},{"type":"Feature","properties":{"type":"Arbre (LiDAR)","hauteur_m":4.7,"source":"LiDAR HD IGN — sommet local du MNH (MNS − MNT)","_modelId":"tree_deciduous","_scale":0.8,"_rotationZ":336},"geometry":{"type":"Point","coordinates":[5.3619317,43.3518098]}},{"type":"Feature","properties":{"type":"Arbre (LiDAR)","hauteur_m":5.7,"source":"LiDAR HD IGN — sommet local du MNH (MNS − MNT)","_modelId":"tree_deciduous","_scale":0.97,"_rotationZ":159},"geometry":{"type":"Point","coordinates":[5.3653142,43.3517359]}},{"type":"Feature","properties":{"type":"Arbre (LiDAR)","hauteur_m":4.9,"source":"LiDAR HD IGN — sommet local du MNH (MNS − MNT)","_modelId":"tree_deciduous","_scale":0.83,"_rotationZ":249},"geometry":{"type":"Point","coordinates":[5.3614506,43.3518068]}},{"type":"Feature","properties":{"type":"Arbre (LiDAR)","hauteur_m":5.5,"source":"LiDAR HD IGN — sommet local du MNH (MNS − MNT)","_modelId":"tree_deciduous","_scale":0.93,"_rotationZ":313},"geometry":{"type":"Point","coordinates":[5.3613209,43.3518006]}},{"type":"Feature","properties":{"type":"Arbre (LiDAR)","hauteur_m":6.8,"source":"LiDAR HD IGN — sommet local du MNH (MNS − MNT)","_modelId":"tree_deciduous","_scale":1.15,"_rotationZ":161},"geometry":{"type":"Point","coordinates":[5.3649744,43.3517208]}},{"type":"Feature","properties":{"type":"Arbre (LiDAR)","hauteur_m":5.4,"source":"LiDAR HD IGN — sommet local du MNH (MNS − MNT)","_modelId":"tree_deciduous","_scale":0.92,"_rotationZ":359},"geometry":{"type":"Point","coordinates":[5.3650298,43.3517196]}},{"type":"Feature","properties":{"type":"Arbre (LiDAR)","hauteur_m":8.3,"source":"LiDAR HD IGN — sommet local du MNH (MNS − MNT)","_modelId":"tree_deciduous","_scale":1.41,"_rotationZ":11},"geometry":{"type":"Point","coordinates":[5.3652449,43.3517014]}},{"type":"Feature","properties":{"type":"Arbre (LiDAR)","hauteur_m":10.4,"source":"LiDAR HD IGN — sommet local du MNH (MNS − MNT)","_modelId":"tree_deciduous","_scale":1.76,"_rotationZ":17},"geometry":{"type":"Point","coordinates":[5.3632605,43.3517313]}},{"type":"Feature","properties":{"type":"Arbre (LiDAR)","hauteur_m":6.7,"source":"LiDAR HD IGN — sommet local du MNH (MNS − MNT)","_modelId":"tree_deciduous","_scale":1.14,"_rotationZ":295},"geometry":{"type":"Point","coordinates":[5.3638889,43.3517176]}},{"type":"Feature","properties":{"type":"Arbre (LiDAR)","hauteur_m":7.6,"source":"LiDAR HD IGN — sommet local du MNH (MNS − MNT)","_modelId":"tree_deciduous","_scale":1.29,"_rotationZ":229},"geometry":{"type":"Point","coordinates":[5.3641662,43.3517115]}},{"type":"Feature","properties":{"type":"Arbre (LiDAR)","hauteur_m":6.7,"source":"LiDAR HD IGN — sommet local du MNH (MNS − MNT)","_modelId":"tree_deciduous","_scale":1.14,"_rotationZ":237},"geometry":{"type":"Point","coordinates":[5.3638456,43.351714]}},{"type":"Feature","properties":{"type":"Arbre (LiDAR)","hauteur_m":7.4,"source":"LiDAR HD IGN — sommet local du MNH (MNS − MNT)","_modelId":"tree_deciduous","_scale":1.25,"_rotationZ":22},"geometry":{"type":"Point","coordinates":[5.3641229,43.3517079]}},{"type":"Feature","properties":{"type":"Arbre (LiDAR)","hauteur_m":7.7,"source":"LiDAR HD IGN — sommet local du MNH (MNS − MNT)","_modelId":"tree_deciduous","_scale":1.31,"_rotationZ":88},"geometry":{"type":"Point","coordinates":[5.3619725,43.3517504]}},{"type":"Feature","properties":{"type":"Arbre (LiDAR)","hauteur_m":6.3,"source":"LiDAR HD IGN — sommet local du MNH (MNS − MNT)","_modelId":"tree_deciduous","_scale":1.07,"_rotationZ":239},"geometry":{"type":"Point","coordinates":[5.3616273,43.3517535]}},{"type":"Feature","properties":{"type":"Arbre (LiDAR)","hauteur_m":9.1,"source":"LiDAR HD IGN — sommet local du MNH (MNS − MNT)","_modelId":"tree_deciduous","_scale":1.54,"_rotationZ":136},"geometry":{"type":"Point","coordinates":[5.3627178,43.3517296]}},{"type":"Feature","properties":{"type":"Arbre (LiDAR)","hauteur_m":6.4,"source":"LiDAR HD IGN — sommet local du MNH (MNS − MNT)","_modelId":"tree_deciduous","_scale":1.08,"_rotationZ":357},"geometry":{"type":"Point","coordinates":[5.3652992,43.3516732]}},{"type":"Feature","properties":{"type":"Arbre (LiDAR)","hauteur_m":6.3,"source":"LiDAR HD IGN — sommet local du MNH (MNS − MNT)","_modelId":"tree_deciduous","_scale":1.07,"_rotationZ":317},"geometry":{"type":"Point","coordinates":[5.3616086,43.3517494]}},{"type":"Feature","properties":{"type":"Arbre (LiDAR)","hauteur_m":4.7,"source":"LiDAR HD IGN — sommet local du MNH (MNS − MNT)","_modelId":"tree_deciduous","_scale":0.8,"_rotationZ":34},"geometry":{"type":"Point","coordinates":[5.3614172,43.3517445]}},{"type":"Feature","properties":{"type":"Arbre (LiDAR)","hauteur_m":7.6,"source":"LiDAR HD IGN — sommet local du MNH (MNS − MNT)","_modelId":"tree_deciduous","_scale":1.29,"_rotationZ":153},"geometry":{"type":"Point","coordinates":[5.3626184,43.3517138]}},{"type":"Feature","properties":{"type":"Arbre (LiDAR)","hauteur_m":9.1,"source":"LiDAR HD IGN — sommet local du MNH (MNS − MNT)","_modelId":"tree_deciduous","_scale":1.54,"_rotationZ":11},"geometry":{"type":"Point","coordinates":[5.3652307,43.3516567]}},{"type":"Feature","properties":{"type":"Arbre (LiDAR)","hauteur_m":4.3,"source":"LiDAR HD IGN — sommet local du MNH (MNS − MNT)","_modelId":"tree_deciduous","_scale":0.73,"_rotationZ":201},"geometry":{"type":"Point","coordinates":[5.3649408,43.3516541]}},{"type":"Feature","properties":{"type":"Arbre (LiDAR)","hauteur_m":15.7,"source":"LiDAR HD IGN — sommet local du MNH (MNS − MNT)","_modelId":"tree_deciduous","_scale":2.66,"_rotationZ":84},"geometry":{"type":"Point","coordinates":[5.3629625,43.3516838]}},{"type":"Feature","properties":{"type":"Arbre (LiDAR)","hauteur_m":4.7,"source":"LiDAR HD IGN — sommet local du MNH (MNS − MNT)","_modelId":"tree_deciduous","_scale":0.8,"_rotationZ":128},"geometry":{"type":"Point","coordinates":[5.3640962,43.351659]}},{"type":"Feature","properties":{"type":"Arbre (LiDAR)","hauteur_m":5,"source":"LiDAR HD IGN — sommet local du MNH (MNS − MNT)","_modelId":"tree_deciduous","_scale":0.85,"_rotationZ":125},"geometry":{"type":"Point","coordinates":[5.3649647,43.3516355]}},{"type":"Feature","properties":{"type":"Arbre (LiDAR)","hauteur_m":12.2,"source":"LiDAR HD IGN — sommet local du MNH (MNS − MNT)","_modelId":"tree_deciduous","_scale":2.07,"_rotationZ":135},"geometry":{"type":"Point","coordinates":[5.3650448,43.3516338]}},{"type":"Feature","properties":{"type":"Arbre (LiDAR)","hauteur_m":6,"source":"LiDAR HD IGN — sommet local du MNH (MNS − MNT)","_modelId":"tree_deciduous","_scale":1.02,"_rotationZ":157},"geometry":{"type":"Point","coordinates":[5.3626786,43.3516765]}},{"type":"Feature","properties":{"type":"Arbre (LiDAR)","hauteur_m":19.2,"source":"LiDAR HD IGN — sommet local du MNH (MNS − MNT)","_modelId":"tree_deciduous","_scale":3.25,"_rotationZ":289},"geometry":{"type":"Point","coordinates":[5.3630729,43.3516679]}},{"type":"Feature","properties":{"type":"Arbre (LiDAR)","hauteur_m":5.5,"source":"LiDAR HD IGN — sommet local du MNH (MNS − MNT)","_modelId":"tree_deciduous","_scale":0.93,"_rotationZ":226},"geometry":{"type":"Point","coordinates":[5.365143,43.3516226]}},{"type":"Feature","properties":{"type":"Arbre (LiDAR)","hauteur_m":5.8,"source":"LiDAR HD IGN — sommet local du MNH (MNS − MNT)","_modelId":"tree_deciduous","_scale":0.98,"_rotationZ":86},"geometry":{"type":"Point","coordinates":[5.3612798,43.3517025]}},{"type":"Feature","properties":{"type":"Arbre (LiDAR)","hauteur_m":5.4,"source":"LiDAR HD IGN — sommet local du MNH (MNS − MNT)","_modelId":"tree_deciduous","_scale":0.92,"_rotationZ":111},"geometry":{"type":"Point","coordinates":[5.3624256,43.351673]}},{"type":"Feature","properties":{"type":"Arbre (LiDAR)","hauteur_m":9.1,"source":"LiDAR HD IGN — sommet local du MNH (MNS − MNT)","_modelId":"tree_deciduous","_scale":1.54,"_rotationZ":117},"geometry":{"type":"Point","coordinates":[5.363245,43.3516551]}},{"type":"Feature","properties":{"type":"Arbre (LiDAR)","hauteur_m":9,"source":"LiDAR HD IGN — sommet local du MNH (MNS − MNT)","_modelId":"tree_deciduous","_scale":1.53,"_rotationZ":103},"geometry":{"type":"Point","coordinates":[5.3614581,43.3516896]}},{"type":"Feature","properties":{"type":"Arbre (LiDAR)","hauteur_m":4.3,"source":"LiDAR HD IGN — sommet local du MNH (MNS − MNT)","_modelId":"tree_deciduous","_scale":0.73,"_rotationZ":149},"geometry":{"type":"Point","coordinates":[5.3615998,43.3516865]}},{"type":"Feature","properties":{"type":"Arbre (LiDAR)","hauteur_m":4.3,"source":"LiDAR HD IGN — sommet local du MNH (MNS − MNT)","_modelId":"tree_deciduous","_scale":0.73,"_rotationZ":127},"geometry":{"type":"Point","coordinates":[5.3639226,43.3516358]}},{"type":"Feature","properties":{"type":"Arbre (LiDAR)","hauteur_m":8.1,"source":"LiDAR HD IGN — sommet local du MNH (MNS − MNT)","_modelId":"tree_deciduous","_scale":1.37,"_rotationZ":68},"geometry":{"type":"Point","coordinates":[5.3619568,43.3516698]}},{"type":"Feature","properties":{"type":"Arbre (LiDAR)","hauteur_m":4.1,"source":"LiDAR HD IGN — sommet local du MNH (MNS − MNT)","_modelId":"tree_deciduous","_scale":0.69,"_rotationZ":208},"geometry":{"type":"Point","coordinates":[5.3651908,43.3515856]}},{"type":"Feature","properties":{"type":"Arbre (LiDAR)","hauteur_m":5.6,"source":"LiDAR HD IGN — sommet local du MNH (MNS − MNT)","_modelId":"tree_deciduous","_scale":0.95,"_rotationZ":139},"geometry":{"type":"Point","coordinates":[5.3612532,43.3516536]}}]}